-- phpMyAdmin SQL Dump
-- version 4.8.3
-- https://www.phpmyadmin.net/
--
-- Host: localhost
-- Generation Time: Jan 10, 2019 at 12:03 AM
-- Server version: 10.1.37-MariaDB
-- PHP Version: 7.2.12

SET SQL_MODE = "NO_AUTO_VALUE_ON_ZERO";
SET AUTOCOMMIT = 0;
START TRANSACTION;
SET time_zone = "+00:00";


/*!40101 SET @OLD_CHARACTER_SET_CLIENT=@@CHARACTER_SET_CLIENT */;
/*!40101 SET @OLD_CHARACTER_SET_RESULTS=@@CHARACTER_SET_RESULTS */;
/*!40101 SET @OLD_COLLATION_CONNECTION=@@COLLATION_CONNECTION */;
/*!40101 SET NAMES utf8mb4 */;

--
-- Database: `dotabet`
--

-- --------------------------------------------------------

--
-- Table structure for table `accounts_profile`
--

CREATE TABLE `accounts_profile` (
  `id` int(11) NOT NULL,
  `image` varchar(100) NOT NULL,
  `coin` int(11) NOT NULL,
  `user_id` int(11) NOT NULL
) ENGINE=InnoDB DEFAULT CHARSET=utf8;

--
-- Dumping data for table `accounts_profile`
--

INSERT INTO `accounts_profile` (`id`, `image`, `coin`, `user_id`) VALUES
(1, 'profile_pics/SpecializingDistributionalWordVectorsForLexicoSemantic_Banner_HqvyjAu.jpg', 4, 1),
(2, 'default.jpg', 80, 2),
(3, 'default.jpg', 160, 3),
(4, 'profile_pics/SpecializingDistributionalWordVectorsForLexicoSemantic_plakat_ZGhIPHK.jpg', 90, 4);

-- --------------------------------------------------------

--
-- Table structure for table `auth_group`
--

CREATE TABLE `auth_group` (
  `id` int(11) NOT NULL,
  `name` varchar(80) NOT NULL
) ENGINE=InnoDB DEFAULT CHARSET=utf8;

-- --------------------------------------------------------

--
-- Table structure for table `auth_group_permissions`
--

CREATE TABLE `auth_group_permissions` (
  `id` int(11) NOT NULL,
  `group_id` int(11) NOT NULL,
  `permission_id` int(11) NOT NULL
) ENGINE=InnoDB DEFAULT CHARSET=utf8;

-- --------------------------------------------------------

--
-- Table structure for table `auth_permission`
--

CREATE TABLE `auth_permission` (
  `id` int(11) NOT NULL,
  `name` varchar(255) NOT NULL,
  `content_type_id` int(11) NOT NULL,
  `codename` varchar(100) NOT NULL
) ENGINE=InnoDB DEFAULT CHARSET=utf8;

--
-- Dumping data for table `auth_permission`
--

INSERT INTO `auth_permission` (`id`, `name`, `content_type_id`, `codename`) VALUES
(1, 'Can add match', 1, 'add_match'),
(2, 'Can change match', 1, 'change_match'),
(3, 'Can delete match', 1, 'delete_match'),
(4, 'Can view match', 1, 'view_match'),
(5, 'Can add profile', 2, 'add_profile'),
(6, 'Can change profile', 2, 'change_profile'),
(7, 'Can delete profile', 2, 'delete_profile'),
(8, 'Can view profile', 2, 'view_profile'),
(9, 'Can add completed task', 3, 'add_completedtask'),
(10, 'Can change completed task', 3, 'change_completedtask'),
(11, 'Can delete completed task', 3, 'delete_completedtask'),
(12, 'Can view completed task', 3, 'view_completedtask'),
(13, 'Can add task', 4, 'add_task'),
(14, 'Can change task', 4, 'change_task'),
(15, 'Can delete task', 4, 'delete_task'),
(16, 'Can view task', 4, 'view_task'),
(17, 'Can add log entry', 5, 'add_logentry'),
(18, 'Can change log entry', 5, 'change_logentry'),
(19, 'Can delete log entry', 5, 'delete_logentry'),
(20, 'Can view log entry', 5, 'view_logentry'),
(21, 'Can add permission', 6, 'add_permission'),
(22, 'Can change permission', 6, 'change_permission'),
(23, 'Can delete permission', 6, 'delete_permission'),
(24, 'Can view permission', 6, 'view_permission'),
(25, 'Can add group', 7, 'add_group'),
(26, 'Can change group', 7, 'change_group'),
(27, 'Can delete group', 7, 'delete_group'),
(28, 'Can view group', 7, 'view_group'),
(29, 'Can add user', 8, 'add_user'),
(30, 'Can change user', 8, 'change_user'),
(31, 'Can delete user', 8, 'delete_user'),
(32, 'Can view user', 8, 'view_user'),
(33, 'Can add content type', 9, 'add_contenttype'),
(34, 'Can change content type', 9, 'change_contenttype'),
(35, 'Can delete content type', 9, 'delete_contenttype'),
(36, 'Can view content type', 9, 'view_contenttype'),
(37, 'Can add session', 10, 'add_session'),
(38, 'Can change session', 10, 'change_session'),
(39, 'Can delete session', 10, 'delete_session'),
(40, 'Can view session', 10, 'view_session'),
(41, 'Can add bet', 11, 'add_bet'),
(42, 'Can change bet', 11, 'change_bet'),
(43, 'Can delete bet', 11, 'delete_bet'),
(44, 'Can view bet', 11, 'view_bet'),
(45, 'Can add settings', 12, 'add_settings'),
(46, 'Can change settings', 12, 'change_settings'),
(47, 'Can delete settings', 12, 'delete_settings'),
(48, 'Can view settings', 12, 'view_settings'),
(49, 'Can add team', 13, 'add_team'),
(50, 'Can change team', 13, 'change_team'),
(51, 'Can delete team', 13, 'delete_team'),
(52, 'Can view team', 13, 'view_team'),
(53, 'Can add ban', 14, 'add_ban'),
(54, 'Can change ban', 14, 'change_ban'),
(55, 'Can delete ban', 14, 'delete_ban'),
(56, 'Can view ban', 14, 'view_ban'),
(57, 'Can add hero', 15, 'add_hero'),
(58, 'Can change hero', 15, 'change_hero'),
(59, 'Can delete hero', 15, 'delete_hero'),
(60, 'Can view hero', 15, 'view_hero'),
(61, 'Can add pick', 16, 'add_pick'),
(62, 'Can change pick', 16, 'change_pick'),
(63, 'Can delete pick', 16, 'delete_pick'),
(64, 'Can view pick', 16, 'view_pick'),
(65, 'Can add player', 17, 'add_player'),
(66, 'Can change player', 17, 'change_player'),
(67, 'Can delete player', 17, 'delete_player'),
(68, 'Can view player', 17, 'view_player'),
(69, 'Can add item', 18, 'add_item'),
(70, 'Can change item', 18, 'change_item'),
(71, 'Can delete item', 18, 'delete_item'),
(72, 'Can view item', 18, 'view_item'),
(73, 'Can add item_ inventory', 19, 'add_item_inventory'),
(74, 'Can change item_ inventory', 19, 'change_item_inventory'),
(75, 'Can delete item_ inventory', 19, 'delete_item_inventory'),
(76, 'Can view item_ inventory', 19, 'view_item_inventory'),
(77, 'Can add stats', 20, 'add_stats'),
(78, 'Can change stats', 20, 'change_stats'),
(79, 'Can delete stats', 20, 'delete_stats'),
(80, 'Can view stats', 20, 'view_stats');

-- --------------------------------------------------------

--
-- Table structure for table `auth_user`
--

CREATE TABLE `auth_user` (
  `id` int(11) NOT NULL,
  `password` varchar(128) NOT NULL,
  `last_login` datetime(6) DEFAULT NULL,
  `is_superuser` tinyint(1) NOT NULL,
  `username` varchar(150) NOT NULL,
  `first_name` varchar(30) NOT NULL,
  `last_name` varchar(150) NOT NULL,
  `email` varchar(254) NOT NULL,
  `is_staff` tinyint(1) NOT NULL,
  `is_active` tinyint(1) NOT NULL,
  `date_joined` datetime(6) NOT NULL
) ENGINE=InnoDB DEFAULT CHARSET=utf8;

--
-- Dumping data for table `auth_user`
--

INSERT INTO `auth_user` (`id`, `password`, `last_login`, `is_superuser`, `username`, `first_name`, `last_name`, `email`, `is_staff`, `is_active`, `date_joined`) VALUES
(1, 'pbkdf2_sha256$120000$4d6HWOqVLVfz$eC+/rMXJ/cI5ZUg0eVzg3VrGIMRUe1Tl8D4DBrxyjJU=', '2019-01-09 11:52:09.923428', 1, 'marin', '', '', 'admin@gmail.com', 1, 1, '2019-01-07 20:04:57.750858'),
(2, 'pbkdf2_sha256$120000$rV49jbqsxlEd$jG+v2LMAovSJaTzSUu9boF5V9GPnsPT7oh3vLMkTMVY=', '2019-01-09 10:56:38.603966', 0, 'jandra', '', '', 'dota@gmail.com', 0, 1, '2019-01-08 17:36:31.621345'),
(3, 'pbkdf2_sha256$120000$YeoEZ7as9KVx$uNggY2dLPSZQxJTfBpVRhyCNobjdyawRSC+OwRWSbDk=', '2019-01-09 11:40:50.378863', 0, 'Mrkimed045', '', '', 'mprpic1@riteh.hr', 0, 1, '2019-01-09 10:53:56.177689'),
(4, 'pbkdf2_sha256$120000$abx63kP6gSCP$vpDoI/iPlFOs4MW6imwCZWlkhkQdsU+lPBmvbOB5/XA=', '2019-01-09 11:50:19.003749', 0, 'matilda', '', '', 'matilda@gmail.com', 0, 1, '2019-01-09 11:50:11.674541');

-- --------------------------------------------------------

--
-- Table structure for table `auth_user_groups`
--

CREATE TABLE `auth_user_groups` (
  `id` int(11) NOT NULL,
  `user_id` int(11) NOT NULL,
  `group_id` int(11) NOT NULL
) ENGINE=InnoDB DEFAULT CHARSET=utf8;

-- --------------------------------------------------------

--
-- Table structure for table `auth_user_user_permissions`
--

CREATE TABLE `auth_user_user_permissions` (
  `id` int(11) NOT NULL,
  `user_id` int(11) NOT NULL,
  `permission_id` int(11) NOT NULL
) ENGINE=InnoDB DEFAULT CHARSET=utf8;

-- --------------------------------------------------------

--
-- Table structure for table `background_task`
--

CREATE TABLE `background_task` (
  `id` int(11) NOT NULL,
  `task_name` varchar(190) NOT NULL,
  `task_params` longtext NOT NULL,
  `task_hash` varchar(40) NOT NULL,
  `verbose_name` varchar(255) DEFAULT NULL,
  `priority` int(11) NOT NULL,
  `run_at` datetime(6) NOT NULL,
  `repeat` bigint(20) NOT NULL,
  `repeat_until` datetime(6) DEFAULT NULL,
  `queue` varchar(190) DEFAULT NULL,
  `attempts` int(11) NOT NULL,
  `failed_at` datetime(6) DEFAULT NULL,
  `last_error` longtext NOT NULL,
  `locked_by` varchar(64) DEFAULT NULL,
  `locked_at` datetime(6) DEFAULT NULL,
  `creator_object_id` int(10) UNSIGNED DEFAULT NULL,
  `creator_content_type_id` int(11) DEFAULT NULL
) ENGINE=InnoDB DEFAULT CHARSET=utf8;

--
-- Dumping data for table `background_task`
--

INSERT INTO `background_task` (`id`, `task_name`, `task_params`, `task_hash`, `verbose_name`, `priority`, `run_at`, `repeat`, `repeat_until`, `queue`, `attempts`, `failed_at`, `last_error`, `locked_by`, `locked_at`, `creator_object_id`, `creator_content_type_id`) VALUES
(1022, 'background.views.paycheck', '[[], {}]', 'cb8c4c13683a92d6e3fa9dd302fd8a1d363ba6b2', NULL, 0, '2019-01-09 12:08:22.280928', 300, NULL, NULL, 0, NULL, '', NULL, NULL, NULL, NULL),
(1023, 'background.views.paycheck', '[[], {}]', 'cb8c4c13683a92d6e3fa9dd302fd8a1d363ba6b2', NULL, 0, '2019-01-09 12:08:25.016478', 300, NULL, NULL, 0, NULL, '', NULL, NULL, NULL, NULL),
(1026, 'background.views.api', '[[], {}]', '4d96636969445c88e5d06155ada392b42b126ebe', NULL, 0, '2019-01-09 12:06:52.078673', 30, NULL, NULL, 0, NULL, '', '3293', '2019-01-09 12:07:24.994051', NULL, NULL),
(1027, 'background.views.api', '[[], {}]', '4d96636969445c88e5d06155ada392b42b126ebe', NULL, 0, '2019-01-09 12:07:24.928341', 30, NULL, NULL, 0, NULL, '', NULL, NULL, NULL, NULL);

-- --------------------------------------------------------

--
-- Table structure for table `background_task_completedtask`
--

CREATE TABLE `background_task_completedtask` (
  `id` int(11) NOT NULL,
  `task_name` varchar(190) NOT NULL,
  `task_params` longtext NOT NULL,
  `task_hash` varchar(40) NOT NULL,
  `verbose_name` varchar(255) DEFAULT NULL,
  `priority` int(11) NOT NULL,
  `run_at` datetime(6) NOT NULL,
  `repeat` bigint(20) NOT NULL,
  `repeat_until` datetime(6) DEFAULT NULL,
  `queue` varchar(190) DEFAULT NULL,
  `attempts` int(11) NOT NULL,
  `failed_at` datetime(6) DEFAULT NULL,
  `last_error` longtext NOT NULL,
  `locked_by` varchar(64) DEFAULT NULL,
  `locked_at` datetime(6) DEFAULT NULL,
  `creator_object_id` int(10) UNSIGNED DEFAULT NULL,
  `creator_content_type_id` int(11) DEFAULT NULL
) ENGINE=InnoDB DEFAULT CHARSET=utf8;

--
-- Dumping data for table `background_task_completedtask`
--

INSERT INTO `background_task_completedtask` (`id`, `task_name`, `task_params`, `task_hash`, `verbose_name`, `priority`, `run_at`, `repeat`, `repeat_until`, `queue`, `attempts`, `failed_at`, `last_error`, `locked_by`, `locked_at`, `creator_object_id`, `creator_content_type_id`) VALUES
(725, 'background.views.api', '[[], {}]', '4d96636969445c88e5d06155ada392b42b126ebe', NULL, 0, '2019-01-09 11:23:52.455598', 30, NULL, NULL, 1, NULL, '', '3293', '2019-01-09 11:23:25.174266', NULL, NULL),
(726, 'background.views.paycheck', '[[], {}]', 'cb8c4c13683a92d6e3fa9dd302fd8a1d363ba6b2', NULL, 0, '2019-01-09 11:23:54.568258', 300, NULL, NULL, 1, NULL, '', '3293', '2019-01-09 11:23:53.180255', NULL, NULL),
(727, 'background.views.api', '[[], {}]', '4d96636969445c88e5d06155ada392b42b126ebe', NULL, 0, '2019-01-09 11:24:19.911316', 30, NULL, NULL, 1, NULL, '', '3293', '2019-01-09 11:23:54.854004', NULL, NULL),
(728, 'background.views.paycheck', '[[], {}]', 'cb8c4c13683a92d6e3fa9dd302fd8a1d363ba6b2', NULL, 0, '2019-01-09 11:24:20.553776', 300, NULL, NULL, 1, NULL, '', '3293', '2019-01-09 11:24:20.150170', NULL, NULL),
(729, 'background.views.api', '[[], {}]', '4d96636969445c88e5d06155ada392b42b126ebe', NULL, 0, '2019-01-09 11:24:54.013608', 30, NULL, NULL, 1, NULL, '', '3293', '2019-01-09 11:24:25.835005', NULL, NULL),
(730, 'background.views.api', '[[], {}]', '4d96636969445c88e5d06155ada392b42b126ebe', NULL, 0, '2019-01-09 11:25:22.922232', 30, NULL, NULL, 1, NULL, '', '3293', '2019-01-09 11:24:54.826557', NULL, NULL),
(731, 'background.views.api', '[[], {}]', '4d96636969445c88e5d06155ada392b42b126ebe', NULL, 0, '2019-01-09 11:26:04.456786', 30, NULL, NULL, 1, NULL, '', '3293', '2019-01-09 11:25:23.760629', NULL, NULL),
(732, 'background.views.api', '[[], {}]', '4d96636969445c88e5d06155ada392b42b126ebe', NULL, 0, '2019-01-09 11:26:44.128139', 30, NULL, NULL, 1, NULL, '', '3293', '2019-01-09 11:26:05.180444', NULL, NULL),
(733, 'background.views.api', '[[], {}]', '4d96636969445c88e5d06155ada392b42b126ebe', NULL, 0, '2019-01-09 11:27:44.589247', 30, NULL, NULL, 1, NULL, '', '3293', '2019-01-09 11:26:44.695056', NULL, NULL),
(734, 'background.views.api', '[[], {}]', '4d96636969445c88e5d06155ada392b42b126ebe', NULL, 0, '2019-01-09 11:28:43.817228', 30, NULL, NULL, 1, NULL, '', '3293', '2019-01-09 11:27:45.455477', NULL, NULL),
(735, 'background.views.api', '[[], {}]', '4d96636969445c88e5d06155ada392b42b126ebe', NULL, 0, '2019-01-09 11:29:43.498613', 30, NULL, NULL, 1, NULL, '', '3293', '2019-01-09 11:28:44.357987', NULL, NULL),
(736, 'background.views.paycheck', '[[], {}]', 'cb8c4c13683a92d6e3fa9dd302fd8a1d363ba6b2', NULL, 0, '2019-01-09 11:29:45.482292', 300, NULL, NULL, 1, NULL, '', '3293', '2019-01-09 11:29:45.183990', NULL, NULL),
(737, 'background.views.paycheck', '[[], {}]', 'cb8c4c13683a92d6e3fa9dd302fd8a1d363ba6b2', NULL, 0, '2019-01-09 11:29:46.335804', 300, NULL, NULL, 1, NULL, '', '3293', '2019-01-09 11:29:46.143127', NULL, NULL),
(738, 'background.views.api', '[[], {}]', '4d96636969445c88e5d06155ada392b42b126ebe', NULL, 0, '2019-01-09 11:30:37.657823', 30, NULL, NULL, 1, NULL, '', '3293', '2019-01-09 11:29:46.609697', NULL, NULL),
(739, 'background.views.api', '[[], {}]', '4d96636969445c88e5d06155ada392b42b126ebe', NULL, 0, '2019-01-09 11:31:32.017188', 30, NULL, NULL, 1, NULL, '', '3293', '2019-01-09 11:30:38.505695', NULL, NULL),
(740, 'background.views.api', '[[], {}]', '4d96636969445c88e5d06155ada392b42b126ebe', NULL, 0, '2019-01-09 11:32:25.030712', 30, NULL, NULL, 1, NULL, '', '3293', '2019-01-09 11:31:32.510178', NULL, NULL),
(741, 'background.views.api', '[[], {}]', '4d96636969445c88e5d06155ada392b42b126ebe', NULL, 0, '2019-01-09 11:33:15.025438', 30, NULL, NULL, 1, NULL, '', '3293', '2019-01-09 11:32:25.543209', NULL, NULL),
(742, 'background.views.api', '[[], {}]', '4d96636969445c88e5d06155ada392b42b126ebe', NULL, 0, '2019-01-09 11:34:13.226647', 30, NULL, NULL, 1, NULL, '', '3293', '2019-01-09 11:33:15.865883', NULL, NULL),
(743, 'background.views.api', '[[], {}]', '4d96636969445c88e5d06155ada392b42b126ebe', NULL, 0, '2019-01-09 11:34:56.165077', 30, NULL, NULL, 1, NULL, '', '3293', '2019-01-09 11:34:13.724008', NULL, NULL),
(744, 'background.views.paycheck', '[[], {}]', 'cb8c4c13683a92d6e3fa9dd302fd8a1d363ba6b2', NULL, 0, '2019-01-09 11:34:57.240199', 300, NULL, NULL, 1, NULL, '', '3293', '2019-01-09 11:34:57.045741', NULL, NULL),
(745, 'background.views.paycheck', '[[], {}]', 'cb8c4c13683a92d6e3fa9dd302fd8a1d363ba6b2', NULL, 0, '2019-01-09 11:34:58.016086', 300, NULL, NULL, 1, NULL, '', '3293', '2019-01-09 11:34:57.849874', NULL, NULL),
(746, 'background.views.api', '[[], {}]', '4d96636969445c88e5d06155ada392b42b126ebe', NULL, 0, '2019-01-09 11:35:55.367433', 30, NULL, NULL, 1, NULL, '', '3293', '2019-01-09 11:34:58.373700', NULL, NULL),
(747, 'background.views.api', '[[], {}]', '4d96636969445c88e5d06155ada392b42b126ebe', NULL, 0, '2019-01-09 11:36:48.286714', 30, NULL, NULL, 1, NULL, '', '3293', '2019-01-09 11:35:56.281735', NULL, NULL),
(748, 'background.views.api', '[[], {}]', '4d96636969445c88e5d06155ada392b42b126ebe', NULL, 0, '2019-01-09 11:37:41.314371', 30, NULL, NULL, 1, NULL, '', '3293', '2019-01-09 11:36:49.115249', NULL, NULL),
(749, 'background.views.api', '[[], {}]', '4d96636969445c88e5d06155ada392b42b126ebe', NULL, 0, '2019-01-09 11:38:34.611080', 30, NULL, NULL, 1, NULL, '', '3293', '2019-01-09 11:37:41.971777', NULL, NULL),
(750, 'background.views.api', '[[], {}]', '4d96636969445c88e5d06155ada392b42b126ebe', NULL, 0, '2019-01-09 11:39:30.278712', 30, NULL, NULL, 1, NULL, '', '3293', '2019-01-09 11:38:35.550586', NULL, NULL),
(751, 'background.views.paycheck', '[[], {}]', 'cb8c4c13683a92d6e3fa9dd302fd8a1d363ba6b2', NULL, 0, '2019-01-09 11:39:31.054711', 300, NULL, NULL, 1, NULL, '', '3293', '2019-01-09 11:39:30.672739', NULL, NULL),
(752, 'background.views.paycheck', '[[], {}]', 'cb8c4c13683a92d6e3fa9dd302fd8a1d363ba6b2', NULL, 0, '2019-01-09 11:39:31.719755', 300, NULL, NULL, 1, NULL, '', '3293', '2019-01-09 11:39:31.486627', NULL, NULL),
(753, 'background.views.api', '[[], {}]', '4d96636969445c88e5d06155ada392b42b126ebe', NULL, 0, '2019-01-09 11:39:33.004730', 30, NULL, NULL, 1, NULL, '', '3293', '2019-01-09 11:39:32.341204', NULL, NULL),
(754, 'background.views.api', '[[], {}]', '4d96636969445c88e5d06155ada392b42b126ebe', NULL, 0, '2019-01-09 11:41:00.566117', 30, NULL, NULL, 1, NULL, '', '3293', '2019-01-09 11:39:53.322136', NULL, NULL),
(755, 'background.views.api', '[[], {}]', '4d96636969445c88e5d06155ada392b42b126ebe', NULL, 0, '2019-01-09 11:42:06.012963', 30, NULL, NULL, 1, NULL, '', '3293', '2019-01-09 11:41:01.561757', NULL, NULL),
(756, 'background.views.api', '[[], {}]', '4d96636969445c88e5d06155ada392b42b126ebe', NULL, 0, '2019-01-09 11:43:11.903686', 30, NULL, NULL, 1, NULL, '', '3293', '2019-01-09 11:42:06.721499', NULL, NULL),
(757, 'background.views.api', '[[], {}]', '4d96636969445c88e5d06155ada392b42b126ebe', NULL, 0, '2019-01-09 11:44:17.425110', 30, NULL, NULL, 1, NULL, '', '3293', '2019-01-09 11:43:12.423929', NULL, NULL),
(758, 'background.views.api', '[[], {}]', '4d96636969445c88e5d06155ada392b42b126ebe', NULL, 0, '2019-01-09 11:45:22.990162', 30, NULL, NULL, 1, NULL, '', '3293', '2019-01-09 11:44:18.093044', NULL, NULL),
(759, 'background.views.paycheck', '[[], {}]', 'cb8c4c13683a92d6e3fa9dd302fd8a1d363ba6b2', NULL, 0, '2019-01-09 11:45:23.876506', 300, NULL, NULL, 1, NULL, '', '3293', '2019-01-09 11:45:23.563968', NULL, NULL),
(760, 'background.views.paycheck', '[[], {}]', 'cb8c4c13683a92d6e3fa9dd302fd8a1d363ba6b2', NULL, 0, '2019-01-09 11:45:24.331273', 300, NULL, NULL, 1, NULL, '', '3293', '2019-01-09 11:45:24.182943', NULL, NULL),
(761, 'background.views.api', '[[], {}]', '4d96636969445c88e5d06155ada392b42b126ebe', NULL, 0, '2019-01-09 11:46:31.797229', 30, NULL, NULL, 1, NULL, '', '3293', '2019-01-09 11:45:24.849228', NULL, NULL),
(762, 'background.views.api', '[[], {}]', '4d96636969445c88e5d06155ada392b42b126ebe', NULL, 0, '2019-01-09 11:47:36.636978', 30, NULL, NULL, 1, NULL, '', '3293', '2019-01-09 11:46:32.490538', NULL, NULL),
(763, 'background.views.api', '[[], {}]', '4d96636969445c88e5d06155ada392b42b126ebe', NULL, 0, '2019-01-09 11:47:38.244771', 30, NULL, NULL, 1, NULL, '', '3293', '2019-01-09 11:47:37.472964', NULL, NULL),
(764, 'background.views.api', '[[], {}]', '4d96636969445c88e5d06155ada392b42b126ebe', NULL, 0, '2019-01-09 11:48:57.710407', 30, NULL, NULL, 1, NULL, '', '3293', '2019-01-09 11:47:53.610421', NULL, NULL),
(765, 'background.views.api', '[[], {}]', '4d96636969445c88e5d06155ada392b42b126ebe', NULL, 0, '2019-01-09 11:50:03.930294', 30, NULL, NULL, 1, NULL, '', '3293', '2019-01-09 11:48:58.491730', NULL, NULL),
(766, 'background.views.paycheck', '[[], {}]', 'cb8c4c13683a92d6e3fa9dd302fd8a1d363ba6b2', NULL, 0, '2019-01-09 11:50:04.994425', 300, NULL, NULL, 1, NULL, '', '3293', '2019-01-09 11:50:04.780634', NULL, NULL),
(767, 'background.views.paycheck', '[[], {}]', 'cb8c4c13683a92d6e3fa9dd302fd8a1d363ba6b2', NULL, 0, '2019-01-09 11:50:05.736824', 300, NULL, NULL, 1, NULL, '', '3293', '2019-01-09 11:50:05.577170', NULL, NULL),
(768, 'background.views.api', '[[], {}]', '4d96636969445c88e5d06155ada392b42b126ebe', NULL, 0, '2019-01-09 11:51:31.563707', 30, NULL, NULL, 1, NULL, '', '3293', '2019-01-09 11:50:06.057782', NULL, NULL),
(769, 'background.views.api', '[[], {}]', '4d96636969445c88e5d06155ada392b42b126ebe', NULL, 0, '2019-01-09 11:52:56.486661', 30, NULL, NULL, 1, NULL, '', '3293', '2019-01-09 11:51:32.741285', NULL, NULL),
(770, 'background.views.api', '[[], {}]', '4d96636969445c88e5d06155ada392b42b126ebe', NULL, 0, '2019-01-09 11:54:05.602891', 30, NULL, NULL, 1, NULL, '', '3293', '2019-01-09 11:52:57.752325', NULL, NULL),
(771, 'background.views.paycheck', '[[], {}]', 'cb8c4c13683a92d6e3fa9dd302fd8a1d363ba6b2', NULL, 0, '2019-01-09 11:54:07.034240', 300, NULL, NULL, 1, NULL, '', '3293', '2019-01-09 11:54:06.595406', NULL, NULL),
(772, 'background.views.api', '[[], {}]', '4d96636969445c88e5d06155ada392b42b126ebe', NULL, 0, '2019-01-09 11:55:12.152478', 30, NULL, NULL, 1, NULL, '', '3293', '2019-01-09 11:54:07.298709', NULL, NULL),
(773, 'background.views.paycheck', '[[], {}]', 'cb8c4c13683a92d6e3fa9dd302fd8a1d363ba6b2', NULL, 0, '2019-01-09 11:55:13.271765', 300, NULL, NULL, 1, NULL, '', '3293', '2019-01-09 11:55:12.869135', NULL, NULL),
(774, 'background.views.api', '[[], {}]', '4d96636969445c88e5d06155ada392b42b126ebe', NULL, 0, '2019-01-09 11:56:20.484173', 30, NULL, NULL, 1, NULL, '', '3293', '2019-01-09 11:55:13.600766', NULL, NULL),
(775, 'background.views.api', '[[], {}]', '4d96636969445c88e5d06155ada392b42b126ebe', NULL, 0, '2019-01-09 11:57:27.818439', 30, NULL, NULL, 1, NULL, '', '3293', '2019-01-09 11:56:20.992698', NULL, NULL),
(776, 'background.views.api', '[[], {}]', '4d96636969445c88e5d06155ada392b42b126ebe', NULL, 0, '2019-01-09 11:58:35.067194', 30, NULL, NULL, 1, NULL, '', '3293', '2019-01-09 11:57:28.695744', NULL, NULL),
(777, 'background.views.api', '[[], {}]', '4d96636969445c88e5d06155ada392b42b126ebe', NULL, 0, '2019-01-09 11:59:44.637322', 30, NULL, NULL, 1, NULL, '', '3293', '2019-01-09 11:58:35.967694', NULL, NULL),
(778, 'background.views.paycheck', '[[], {}]', 'cb8c4c13683a92d6e3fa9dd302fd8a1d363ba6b2', NULL, 0, '2019-01-09 11:59:45.550236', 300, NULL, NULL, 1, NULL, '', '3293', '2019-01-09 11:59:45.307788', NULL, NULL),
(779, 'background.views.paycheck', '[[], {}]', 'cb8c4c13683a92d6e3fa9dd302fd8a1d363ba6b2', NULL, 0, '2019-01-09 11:59:46.222003', 300, NULL, NULL, 1, NULL, '', '3293', '2019-01-09 11:59:46.031589', NULL, NULL),
(780, 'background.views.api', '[[], {}]', '4d96636969445c88e5d06155ada392b42b126ebe', NULL, 0, '2019-01-09 12:00:40.098990', 30, NULL, NULL, 1, NULL, '', '3293', '2019-01-09 11:59:46.674504', NULL, NULL),
(781, 'background.views.api', '[[], {}]', '4d96636969445c88e5d06155ada392b42b126ebe', NULL, 0, '2019-01-09 12:01:33.300374', 30, NULL, NULL, 1, NULL, '', '3293', '2019-01-09 12:00:40.521742', NULL, NULL),
(782, 'background.views.api', '[[], {}]', '4d96636969445c88e5d06155ada392b42b126ebe', NULL, 0, '2019-01-09 12:02:13.269933', 30, NULL, NULL, 1, NULL, '', '3293', '2019-01-09 12:01:34.098742', NULL, NULL),
(783, 'background.views.api', '[[], {}]', '4d96636969445c88e5d06155ada392b42b126ebe', NULL, 0, '2019-01-09 12:02:42.951685', 30, NULL, NULL, 1, NULL, '', '3293', '2019-01-09 12:02:14.273139', NULL, NULL),
(784, 'background.views.api', '[[], {}]', '4d96636969445c88e5d06155ada392b42b126ebe', NULL, 0, '2019-01-09 12:03:24.240425', 30, NULL, NULL, 1, NULL, '', '3293', '2019-01-09 12:02:43.642601', NULL, NULL),
(785, 'background.views.api', '[[], {}]', '4d96636969445c88e5d06155ada392b42b126ebe', NULL, 0, '2019-01-09 12:04:07.686756', 30, NULL, NULL, 1, NULL, '', '3293', '2019-01-09 12:03:24.749945', NULL, NULL),
(786, 'background.views.paycheck', '[[], {}]', 'cb8c4c13683a92d6e3fa9dd302fd8a1d363ba6b2', NULL, 0, '2019-01-09 12:04:08.783768', 300, NULL, NULL, 1, NULL, '', '3293', '2019-01-09 12:04:08.521071', NULL, NULL),
(787, 'background.views.paycheck', '[[], {}]', 'cb8c4c13683a92d6e3fa9dd302fd8a1d363ba6b2', NULL, 0, '2019-01-09 12:04:09.481863', 300, NULL, NULL, 1, NULL, '', '3293', '2019-01-09 12:04:09.324169', NULL, NULL),
(788, 'background.views.api', '[[], {}]', '4d96636969445c88e5d06155ada392b42b126ebe', NULL, 0, '2019-01-09 12:04:52.285710', 30, NULL, NULL, 1, NULL, '', '3293', '2019-01-09 12:04:09.767392', NULL, NULL),
(789, 'background.views.api', '[[], {}]', '4d96636969445c88e5d06155ada392b42b126ebe', NULL, 0, '2019-01-09 12:05:32.916961', 30, NULL, NULL, 1, NULL, '', '3293', '2019-01-09 12:04:52.901881', NULL, NULL),
(790, 'background.views.api', '[[], {}]', '4d96636969445c88e5d06155ada392b42b126ebe', NULL, 0, '2019-01-09 12:06:31.400090', 30, NULL, NULL, 1, NULL, '', '3293', '2019-01-09 12:05:34.381607', NULL, NULL),
(791, 'background.views.api', '[[], {}]', '4d96636969445c88e5d06155ada392b42b126ebe', NULL, 0, '2019-01-09 12:07:24.124342', 30, NULL, NULL, 1, NULL, '', '3293', '2019-01-09 12:06:32.335575', NULL, NULL);

-- --------------------------------------------------------

--
-- Table structure for table `django_admin_log`
--

CREATE TABLE `django_admin_log` (
  `id` int(11) NOT NULL,
  `action_time` datetime(6) NOT NULL,
  `object_id` longtext,
  `object_repr` varchar(200) NOT NULL,
  `action_flag` smallint(5) UNSIGNED NOT NULL,
  `change_message` longtext NOT NULL,
  `content_type_id` int(11) DEFAULT NULL,
  `user_id` int(11) NOT NULL
) ENGINE=InnoDB DEFAULT CHARSET=utf8;

--
-- Dumping data for table `django_admin_log`
--

INSERT INTO `django_admin_log` (`id`, `action_time`, `object_id`, `object_repr`, `action_flag`, `change_message`, `content_type_id`, `user_id`) VALUES
(1, '2019-01-07 21:16:46.289205', '1', 'Settings object (1)', 1, '[{\"added\": {}}]', 12, 1),
(2, '2019-01-07 21:39:12.170166', '7', 'background.views.api', 3, '', 4, 1),
(3, '2019-01-07 21:39:12.448393', '6', 'background.views.api', 3, '', 4, 1),
(4, '2019-01-07 21:39:12.821733', '5', 'background.views.api', 3, '', 4, 1),
(5, '2019-01-07 21:39:12.936265', '4', 'background.views.api', 3, '', 4, 1),
(6, '2019-01-07 21:39:13.013693', '3', 'background.views.api', 3, '', 4, 1),
(7, '2019-01-07 21:39:13.091677', '2', 'background.views.api', 3, '', 4, 1),
(8, '2019-01-07 21:39:13.168640', '1', 'background.views.api', 3, '', 4, 1),
(9, '2019-01-07 22:13:58.521746', '6', 'background.views.api - 2019-01-07 21:58:59.097399+00:00', 3, '', 3, 1),
(10, '2019-01-07 22:13:58.773470', '5', 'background.views.api - 2019-01-07 21:58:55.673959+00:00', 3, '', 3, 1),
(11, '2019-01-07 22:13:59.028878', '4', 'background.views.api - 2019-01-07 21:52:18.568871+00:00', 3, '', 3, 1),
(12, '2019-01-07 22:13:59.106091', '3', 'background.views.api - 2019-01-07 21:52:15.754208+00:00', 3, '', 3, 1),
(13, '2019-01-07 22:13:59.416418', '2', 'background.views.api - 2019-01-07 21:43:12.026801+00:00', 3, '', 3, 1),
(14, '2019-01-07 22:13:59.727172', '1', 'background.views.api - 2019-01-07 21:43:10.933237+00:00', 3, '', 3, 1),
(15, '2019-01-07 22:14:08.170490', '31', 'background.views.api', 3, '', 4, 1),
(16, '2019-01-07 22:14:08.244490', '30', 'background.views.api', 3, '', 4, 1),
(17, '2019-01-07 22:14:08.521398', '29', 'background.views.api', 3, '', 4, 1),
(18, '2019-01-07 22:14:08.598894', '28', 'background.views.api', 3, '', 4, 1),
(19, '2019-01-07 22:14:08.676057', '27', 'background.views.api', 3, '', 4, 1),
(20, '2019-01-07 22:14:08.754232', '26', 'background.views.api', 3, '', 4, 1),
(21, '2019-01-07 22:14:08.831808', '25', 'background.views.api', 3, '', 4, 1),
(22, '2019-01-07 22:14:08.909631', '24', 'background.views.api', 3, '', 4, 1),
(23, '2019-01-07 22:14:08.987001', '23', 'background.views.api', 3, '', 4, 1),
(24, '2019-01-07 22:14:09.064725', '22', 'background.views.api', 3, '', 4, 1),
(25, '2019-01-07 22:14:09.141872', '21', 'background.views.api', 3, '', 4, 1),
(26, '2019-01-07 22:14:09.219554', '20', 'background.views.api', 3, '', 4, 1),
(27, '2019-01-07 22:14:09.297606', '19', 'background.views.api', 3, '', 4, 1),
(28, '2019-01-07 22:14:09.585626', '18', 'background.views.api', 3, '', 4, 1),
(29, '2019-01-07 22:14:09.662995', '15', 'background.views.api', 3, '', 4, 1),
(30, '2019-01-07 22:14:09.770232', '12', 'background.views.api', 3, '', 4, 1),
(31, '2019-01-07 22:14:09.840184', '11', 'background.views.api', 3, '', 4, 1),
(32, '2019-01-07 22:14:10.084363', '10', 'background.views.api', 3, '', 4, 1),
(33, '2019-01-07 22:14:10.161901', '9', 'background.views.api', 3, '', 4, 1),
(34, '2019-01-07 22:15:23.862675', '34', 'background.views.api', 3, '', 4, 1),
(35, '2019-01-07 22:15:24.158064', '33', 'background.views.api', 3, '', 4, 1),
(36, '2019-01-07 22:15:24.235361', '32', 'background.views.api', 3, '', 4, 1),
(37, '2019-01-07 22:17:32.745880', '37', 'background.views.api', 3, '', 4, 1),
(38, '2019-01-07 22:17:33.177196', '36', 'background.views.api', 3, '', 4, 1),
(39, '2019-01-07 22:17:33.332002', '35', 'background.views.api', 3, '', 4, 1),
(40, '2019-01-07 22:20:16.760786', '40', 'background.views.api', 3, '', 4, 1),
(41, '2019-01-07 22:20:17.118645', '39', 'background.views.api', 3, '', 4, 1),
(42, '2019-01-07 22:20:17.196329', '38', 'background.views.api', 3, '', 4, 1),
(43, '2019-01-07 22:22:00.493499', '43', 'background.views.api', 3, '', 4, 1),
(44, '2019-01-07 22:22:00.846349', '42', 'background.views.api', 3, '', 4, 1),
(45, '2019-01-07 22:22:01.196649', '41', 'background.views.api', 3, '', 4, 1),
(46, '2019-01-07 22:24:02.086501', '46', 'background.views.api', 3, '', 4, 1),
(47, '2019-01-07 22:24:02.401387', '45', 'background.views.api', 3, '', 4, 1),
(48, '2019-01-07 22:24:02.523586', '44', 'background.views.api', 3, '', 4, 1),
(49, '2019-01-07 22:27:44.540275', '49', 'background.views.api', 3, '', 4, 1),
(50, '2019-01-07 22:27:44.789137', '48', 'background.views.api', 3, '', 4, 1),
(51, '2019-01-07 22:27:44.866883', '47', 'background.views.api', 3, '', 4, 1),
(52, '2019-01-07 22:29:02.905107', '52', 'background.views.api', 3, '', 4, 1),
(53, '2019-01-07 22:29:03.202747', '51', 'background.views.api', 3, '', 4, 1),
(54, '2019-01-07 22:29:03.461665', '50', 'background.views.api', 3, '', 4, 1),
(55, '2019-01-07 22:30:26.404505', '59', 'background.views.api', 3, '', 4, 1),
(56, '2019-01-07 22:30:26.821471', '58', 'background.views.api', 3, '', 4, 1),
(57, '2019-01-07 22:30:27.010460', '57', 'background.views.api', 3, '', 4, 1),
(58, '2019-01-07 22:30:32.851732', '10', 'background.views.api - 2019-01-07 22:30:00.911704+00:00', 3, '', 3, 1),
(59, '2019-01-07 22:30:33.125348', '9', 'background.views.api - 2019-01-07 22:29:58.052560+00:00', 3, '', 3, 1),
(60, '2019-01-07 22:30:33.232738', '8', 'background.views.api - 2019-01-07 22:29:30.648788+00:00', 3, '', 3, 1),
(61, '2019-01-07 22:30:33.313895', '7', 'background.views.api - 2019-01-07 22:29:27.687927+00:00', 3, '', 3, 1),
(62, '2019-01-07 22:52:20.525676', '64', 'background.views.api', 3, '', 4, 1),
(63, '2019-01-07 22:52:20.837436', '63', 'background.views.api', 3, '', 4, 1),
(64, '2019-01-07 22:52:21.082748', '62', 'background.views.api', 3, '', 4, 1),
(65, '2019-01-07 22:52:21.158866', '61', 'background.views.api', 3, '', 4, 1),
(66, '2019-01-07 22:52:21.236269', '60', 'background.views.api', 3, '', 4, 1),
(67, '2019-01-07 23:00:37.007677', '71', 'background.views.api', 3, '', 4, 1),
(68, '2019-01-07 23:00:37.094769', '70', 'background.views.api', 3, '', 4, 1),
(69, '2019-01-07 23:00:37.194957', '69', 'background.views.api', 3, '', 4, 1),
(70, '2019-01-07 23:00:37.504770', '68', 'background.views.api', 3, '', 4, 1),
(71, '2019-01-07 23:00:37.659874', '67', 'background.views.api', 3, '', 4, 1),
(72, '2019-01-07 23:00:37.748991', '66', 'background.views.api', 3, '', 4, 1),
(73, '2019-01-07 23:00:37.837387', '65', 'background.views.api', 3, '', 4, 1),
(74, '2019-01-07 23:02:54.855355', '76', 'background.views.api', 3, '', 4, 1),
(75, '2019-01-07 23:02:55.162565', '75', 'background.views.api', 3, '', 4, 1),
(76, '2019-01-07 23:02:55.250898', '74', 'background.views.api', 3, '', 4, 1),
(77, '2019-01-07 23:02:55.339918', '73', 'background.views.api', 3, '', 4, 1),
(78, '2019-01-07 23:02:55.839280', '72', 'background.views.api', 3, '', 4, 1),
(79, '2019-01-07 23:08:11.952149', '87', 'background.views.api', 3, '', 4, 1),
(80, '2019-01-07 23:08:12.134946', '86', 'background.views.api', 3, '', 4, 1),
(81, '2019-01-07 23:08:12.213265', '85', 'background.views.api', 3, '', 4, 1),
(82, '2019-01-07 23:08:12.290254', '84', 'background.views.api', 3, '', 4, 1),
(83, '2019-01-07 23:08:12.367992', '83', 'background.views.api', 3, '', 4, 1),
(84, '2019-01-07 23:08:20.088845', '16', 'background.views.api - 2019-01-07 23:04:21.247916+00:00', 3, '', 3, 1),
(85, '2019-01-07 23:08:20.388392', '15', 'background.views.api - 2019-01-07 23:04:16.216924+00:00', 3, '', 3, 1),
(86, '2019-01-07 23:08:20.477258', '14', 'background.views.api - 2019-01-07 23:03:51.333893+00:00', 3, '', 3, 1),
(87, '2019-01-07 23:08:20.565735', '13', 'background.views.api - 2019-01-07 23:03:46.191988+00:00', 3, '', 3, 1),
(88, '2019-01-07 23:08:20.654245', '12', 'background.views.api - 2019-01-07 23:03:16.249704+00:00', 3, '', 3, 1),
(89, '2019-01-07 23:08:20.900232', '11', 'background.views.api - 2019-01-07 23:03:14.765647+00:00', 3, '', 3, 1),
(90, '2019-01-07 23:13:42.441637', '90', 'background.views.api', 3, '', 4, 1),
(91, '2019-01-07 23:13:42.714653', '89', 'background.views.api', 3, '', 4, 1),
(92, '2019-01-07 23:13:42.792096', '88', 'background.views.api', 3, '', 4, 1),
(93, '2019-01-07 23:16:41.936190', '0', 'Team object (0)', 1, '[{\"added\": {}}]', 13, 1),
(94, '2019-01-07 23:17:03.107701', '0', 'Player object (0)', 1, '[{\"added\": {}}]', 17, 1),
(95, '2019-01-07 23:23:23.539400', '96', 'background.views.api', 3, '', 4, 1),
(96, '2019-01-07 23:23:23.815353', '95', 'background.views.api', 3, '', 4, 1),
(97, '2019-01-07 23:23:24.094694', '94', 'background.views.api', 3, '', 4, 1),
(98, '2019-01-07 23:23:24.169576', '93', 'background.views.api', 3, '', 4, 1),
(99, '2019-01-07 23:23:24.280574', '92', 'background.views.api', 3, '', 4, 1),
(100, '2019-01-07 23:23:24.358428', '91', 'background.views.api', 3, '', 4, 1),
(101, '2019-01-07 23:26:10.644918', '102', 'background.views.api', 3, '', 4, 1),
(102, '2019-01-07 23:26:11.031394', '101', 'background.views.api', 3, '', 4, 1),
(103, '2019-01-07 23:26:11.629074', '100', 'background.views.api', 3, '', 4, 1),
(104, '2019-01-07 23:26:11.717904', '99', 'background.views.api', 3, '', 4, 1),
(105, '2019-01-07 23:26:11.806840', '98', 'background.views.api', 3, '', 4, 1),
(106, '2019-01-07 23:26:11.895741', '97', 'background.views.api', 3, '', 4, 1),
(107, '2019-01-07 23:29:39.202214', '105', 'background.views.api', 3, '', 4, 1),
(108, '2019-01-07 23:29:39.496117', '104', 'background.views.api', 3, '', 4, 1),
(109, '2019-01-07 23:29:39.573932', '103', 'background.views.api', 3, '', 4, 1),
(110, '2019-01-07 23:31:09.252205', '110', 'background.views.api', 3, '', 4, 1),
(111, '2019-01-07 23:31:09.670578', '109', 'background.views.api', 3, '', 4, 1),
(112, '2019-01-07 23:31:09.747945', '108', 'background.views.api', 3, '', 4, 1),
(113, '2019-01-07 23:31:15.677461', '18', 'background.views.api - 2019-01-07 23:30:03.735284+00:00', 3, '', 3, 1),
(114, '2019-01-07 23:31:16.017803', '17', 'background.views.api - 2019-01-07 23:30:00.349289+00:00', 3, '', 3, 1),
(115, '2019-01-07 23:37:46.681393', '113', 'background.views.api', 3, '', 4, 1),
(116, '2019-01-07 23:37:47.062773', '112', 'background.views.api', 3, '', 4, 1),
(117, '2019-01-07 23:37:47.140237', '111', 'background.views.api', 3, '', 4, 1),
(118, '2019-01-07 23:44:26.395797', '118', 'background.views.api', 3, '', 4, 1),
(119, '2019-01-07 23:44:26.730671', '117', 'background.views.api', 3, '', 4, 1),
(120, '2019-01-07 23:44:26.807982', '116', 'background.views.api', 3, '', 4, 1),
(121, '2019-01-07 23:59:55.946108', '125', 'background.views.getHeroes', 3, '', 4, 1),
(122, '2019-01-07 23:59:56.237119', '124', 'background.views.getHeroes', 3, '', 4, 1),
(123, '2019-01-07 23:59:56.537766', '123', 'background.views.getHeroes', 3, '', 4, 1),
(124, '2019-01-07 23:59:56.615220', '122', 'background.views.api', 3, '', 4, 1),
(125, '2019-01-07 23:59:56.692293', '121', 'background.views.api', 3, '', 4, 1),
(126, '2019-01-08 00:13:12.941281', '128', 'background.views.getItems', 3, '', 4, 1),
(127, '2019-01-08 00:13:13.239146', '127', 'background.views.getHeroes', 3, '', 4, 1),
(128, '2019-01-08 00:13:23.080406', '23', 'background.views.getHeroes - 2019-01-08 00:00:25.488368+00:00', 3, '', 3, 1),
(129, '2019-01-08 00:13:23.338886', '22', 'background.views.api - 2019-01-07 23:44:56.557120+00:00', 3, '', 3, 1),
(130, '2019-01-08 00:13:23.649518', '21', 'background.views.api - 2019-01-07 23:44:48.100234+00:00', 3, '', 3, 1),
(131, '2019-01-08 00:13:23.727240', '20', 'background.views.api - 2019-01-07 23:38:09.143905+00:00', 3, '', 3, 1),
(132, '2019-01-08 00:13:23.804542', '19', 'background.views.api - 2019-01-07 23:38:03.191684+00:00', 3, '', 3, 1),
(133, '2019-01-08 00:28:47.568509', '24', 'background.views.getItems - 2019-01-08 00:14:07.744034+00:00', 3, '', 3, 1),
(134, '2019-01-08 00:28:55.423108', '131', 'background.views.api', 3, '', 4, 1),
(135, '2019-01-08 00:28:55.715103', '130', 'background.views.getItems', 3, '', 4, 1),
(136, '2019-01-08 00:41:04.375844', '152', 'background.views.api', 3, '', 4, 1),
(137, '2019-01-08 00:41:04.681737', '151', 'background.views.api', 3, '', 4, 1),
(138, '2019-01-08 00:41:04.958763', '150', 'background.views.api', 3, '', 4, 1),
(139, '2019-01-08 00:41:05.047056', '149', 'background.views.api', 3, '', 4, 1),
(140, '2019-01-08 00:41:05.136037', '148', 'background.views.api', 3, '', 4, 1),
(141, '2019-01-08 00:41:13.266676', '40', 'background.views.api - 2019-01-08 00:32:45.726792+00:00', 3, '', 3, 1),
(142, '2019-01-08 00:41:13.554290', '39', 'background.views.api - 2019-01-08 00:32:42.923207+00:00', 3, '', 3, 1),
(143, '2019-01-08 00:41:13.631715', '38', 'background.views.api - 2019-01-08 00:32:15.398058+00:00', 3, '', 3, 1),
(144, '2019-01-08 00:41:13.894877', '37', 'background.views.api - 2019-01-08 00:32:11.124886+00:00', 3, '', 3, 1),
(145, '2019-01-08 00:41:13.964094', '36', 'background.views.api - 2019-01-08 00:31:43.706367+00:00', 3, '', 3, 1),
(146, '2019-01-08 00:41:14.197083', '35', 'background.views.api - 2019-01-08 00:31:40.923693+00:00', 3, '', 3, 1),
(147, '2019-01-08 00:41:14.274106', '34', 'background.views.api - 2019-01-08 00:31:13.697906+00:00', 3, '', 3, 1),
(148, '2019-01-08 00:41:14.352273', '33', 'background.views.api - 2019-01-08 00:31:10.761198+00:00', 3, '', 3, 1),
(149, '2019-01-08 00:41:14.429452', '32', 'background.views.api - 2019-01-08 00:30:48.493624+00:00', 3, '', 3, 1),
(150, '2019-01-08 00:41:14.507460', '31', 'background.views.api - 2019-01-08 00:30:44.736625+00:00', 3, '', 3, 1),
(151, '2019-01-08 00:41:14.585289', '30', 'background.views.api - 2019-01-08 00:30:12.220989+00:00', 3, '', 3, 1),
(152, '2019-01-08 00:41:14.884369', '29', 'background.views.api - 2019-01-08 00:30:11.247239+00:00', 3, '', 3, 1),
(153, '2019-01-08 00:41:14.961976', '28', 'background.views.api - 2019-01-08 00:29:44.892225+00:00', 3, '', 3, 1),
(154, '2019-01-08 00:41:15.039477', '27', 'background.views.api - 2019-01-08 00:29:42.553812+00:00', 3, '', 3, 1),
(155, '2019-01-08 00:41:15.117206', '26', 'background.views.api - 2019-01-08 00:29:14.595443+00:00', 3, '', 3, 1),
(156, '2019-01-08 00:41:15.194387', '25', 'background.views.api - 2019-01-08 00:29:11.670347+00:00', 3, '', 3, 1),
(157, '2019-01-08 00:46:13.474333', '155', 'background.views.api', 3, '', 4, 1),
(158, '2019-01-08 00:46:13.757006', '154', 'background.views.api', 3, '', 4, 1),
(159, '2019-01-08 00:46:13.834828', '153', 'background.views.api', 3, '', 4, 1),
(160, '2019-01-08 00:47:21.253234', '158', 'background.views.api', 3, '', 4, 1),
(161, '2019-01-08 00:47:21.620903', '157', 'background.views.api', 3, '', 4, 1),
(162, '2019-01-08 00:47:21.701442', '156', 'background.views.api', 3, '', 4, 1),
(163, '2019-01-08 00:48:52.426383', '0', 'Hero object (0)', 1, '[{\"added\": {}}]', 15, 1),
(164, '2019-01-08 00:49:06.296018', '0', 'Item object (0)', 1, '[{\"added\": {}}]', 18, 1),
(165, '2019-01-08 00:49:22.765152', '161', 'background.views.api', 3, '', 4, 1),
(166, '2019-01-08 00:49:23.049560', '160', 'background.views.api', 3, '', 4, 1),
(167, '2019-01-08 00:49:23.127246', '159', 'background.views.api', 3, '', 4, 1),
(168, '2019-01-08 00:57:56.797613', '167', 'background.views.api', 3, '', 4, 1),
(169, '2019-01-08 00:57:57.104516', '166', 'background.views.api', 3, '', 4, 1),
(170, '2019-01-08 00:57:57.181745', '165', 'background.views.api', 3, '', 4, 1),
(171, '2019-01-08 00:58:08.528761', '43', 'background.views.api - 2019-01-08 00:50:11.982818+00:00', 3, '', 3, 1),
(172, '2019-01-08 00:58:08.600431', '42', 'background.views.api - 2019-01-08 00:49:49.165361+00:00', 3, '', 3, 1),
(173, '2019-01-08 00:58:08.679384', '41', 'background.views.api - 2019-01-08 00:49:41.982632+00:00', 3, '', 3, 1),
(174, '2019-01-08 09:51:40.564059', '181', 'background.views.api', 3, '', 4, 1),
(175, '2019-01-08 09:51:40.886776', '180', 'background.views.api', 3, '', 4, 1),
(176, '2019-01-08 09:51:40.964418', '179', 'background.views.api', 3, '', 4, 1),
(177, '2019-01-08 09:51:47.587575', '54', 'background.views.api - 2019-01-08 01:02:25.953365+00:00', 3, '', 3, 1),
(178, '2019-01-08 09:51:47.974862', '53', 'background.views.api - 2019-01-08 01:02:04.007526+00:00', 3, '', 3, 1),
(179, '2019-01-08 09:51:48.052139', '52', 'background.views.api - 2019-01-08 01:01:41.420895+00:00', 3, '', 3, 1),
(180, '2019-01-08 09:51:48.129690', '51', 'background.views.api - 2019-01-08 01:01:19.436857+00:00', 3, '', 3, 1),
(181, '2019-01-08 09:51:48.207807', '50', 'background.views.api - 2019-01-08 01:00:57.678791+00:00', 3, '', 3, 1),
(182, '2019-01-08 09:51:48.285066', '49', 'background.views.api - 2019-01-08 01:00:34.866868+00:00', 3, '', 3, 1),
(183, '2019-01-08 09:51:48.362706', '48', 'background.views.api - 2019-01-08 01:00:12.876645+00:00', 3, '', 3, 1),
(184, '2019-01-08 09:51:48.440128', '47', 'background.views.api - 2019-01-08 00:59:49.708625+00:00', 3, '', 3, 1),
(185, '2019-01-08 09:51:48.517828', '46', 'background.views.api - 2019-01-08 00:59:26.520563+00:00', 3, '', 3, 1),
(186, '2019-01-08 09:51:48.619362', '45', 'background.views.api - 2019-01-08 00:59:03.394310+00:00', 3, '', 3, 1),
(187, '2019-01-08 09:51:48.696437', '44', 'background.views.api - 2019-01-08 00:58:40.513264+00:00', 3, '', 3, 1),
(188, '2019-01-08 10:37:21.914057', '242', 'background.views.api', 3, '', 4, 1),
(189, '2019-01-08 10:37:22.258057', '241', 'background.views.api', 3, '', 4, 1),
(190, '2019-01-08 10:37:22.357730', '240', 'background.views.api', 3, '', 4, 1),
(191, '2019-01-08 10:37:22.435265', '239', 'background.views.api', 3, '', 4, 1),
(192, '2019-01-08 10:37:22.512965', '238', 'background.views.api', 3, '', 4, 1),
(193, '2019-01-08 10:37:22.590808', '237', 'background.views.api', 3, '', 4, 1),
(194, '2019-01-08 10:37:22.978161', '236', 'background.views.api', 3, '', 4, 1),
(195, '2019-01-08 10:37:23.122410', '235', 'background.views.api', 3, '', 4, 1),
(196, '2019-01-08 10:37:23.200162', '234', 'background.views.api', 3, '', 4, 1),
(197, '2019-01-08 10:37:23.277635', '209', 'background.views.api', 3, '', 4, 1),
(198, '2019-01-08 10:37:23.355274', '183', 'background.views.api', 3, '', 4, 1),
(199, '2019-01-08 10:37:33.348327', '104', 'background.views.api - 2019-01-08 10:36:19.449980+00:00', 3, '', 3, 1),
(200, '2019-01-08 10:37:33.510877', '103', 'background.views.api - 2019-01-08 10:35:37.249547+00:00', 3, '', 3, 1),
(201, '2019-01-08 10:37:33.598920', '102', 'background.views.api - 2019-01-08 10:34:55.152217+00:00', 3, '', 3, 1),
(202, '2019-01-08 10:37:33.964670', '101', 'background.views.api - 2019-01-08 10:34:10.803850+00:00', 3, '', 3, 1),
(203, '2019-01-08 10:37:34.053772', '100', 'background.views.api - 2019-01-08 10:33:32.921128+00:00', 3, '', 3, 1),
(204, '2019-01-08 10:37:34.131733', '99', 'background.views.api - 2019-01-08 10:32:54.096300+00:00', 3, '', 3, 1),
(205, '2019-01-08 10:37:34.219941', '98', 'background.views.api - 2019-01-08 10:32:16.090798+00:00', 3, '', 3, 1),
(206, '2019-01-08 10:37:34.308526', '97', 'background.views.api - 2019-01-08 10:31:38.693336+00:00', 3, '', 3, 1),
(207, '2019-01-08 10:37:34.397651', '96', 'background.views.api - 2019-01-08 10:30:59.964738+00:00', 3, '', 3, 1),
(208, '2019-01-08 10:37:34.486286', '95', 'background.views.api - 2019-01-08 10:30:22.933182+00:00', 3, '', 3, 1),
(209, '2019-01-08 10:37:34.574983', '94', 'background.views.api - 2019-01-08 10:29:43.995063+00:00', 3, '', 3, 1),
(210, '2019-01-08 10:37:34.829913', '93', 'background.views.api - 2019-01-08 10:29:05.989196+00:00', 3, '', 3, 1),
(211, '2019-01-08 10:37:35.029145', '92', 'background.views.api - 2019-01-08 10:28:28.855236+00:00', 3, '', 3, 1),
(212, '2019-01-08 10:37:35.118121', '91', 'background.views.api - 2019-01-08 10:27:50.869978+00:00', 3, '', 3, 1),
(213, '2019-01-08 10:37:35.206700', '90', 'background.views.api - 2019-01-08 10:27:14.877989+00:00', 3, '', 3, 1),
(214, '2019-01-08 10:37:35.295296', '89', 'background.views.api - 2019-01-08 10:26:37.668227+00:00', 3, '', 3, 1),
(215, '2019-01-08 10:37:35.372945', '88', 'background.views.api - 2019-01-08 10:25:59.494656+00:00', 3, '', 3, 1),
(216, '2019-01-08 10:37:35.450589', '87', 'background.views.api - 2019-01-08 10:25:22.418378+00:00', 3, '', 3, 1),
(217, '2019-01-08 10:37:35.527745', '86', 'background.views.api - 2019-01-08 10:24:46.227779+00:00', 3, '', 3, 1),
(218, '2019-01-08 10:37:36.148716', '85', 'background.views.api - 2019-01-08 10:24:07.245347+00:00', 3, '', 3, 1),
(219, '2019-01-08 10:37:36.226248', '84', 'background.views.api - 2019-01-08 10:23:28.765019+00:00', 3, '', 3, 1),
(220, '2019-01-08 10:37:36.327203', '83', 'background.views.api - 2019-01-08 10:22:51.308550+00:00', 3, '', 3, 1),
(221, '2019-01-08 10:37:36.404669', '82', 'background.views.api - 2019-01-08 10:22:13.843666+00:00', 3, '', 3, 1),
(222, '2019-01-08 10:37:36.482170', '81', 'background.views.api - 2019-01-08 10:21:35.957866+00:00', 3, '', 3, 1),
(223, '2019-01-08 10:37:36.559997', '80', 'background.views.api - 2019-01-08 10:17:41.551655+00:00', 3, '', 3, 1),
(224, '2019-01-08 10:37:36.637508', '79', 'background.views.api - 2019-01-08 10:17:02.442286+00:00', 3, '', 3, 1),
(225, '2019-01-08 10:37:36.942151', '78', 'background.views.api - 2019-01-08 10:16:26.335186+00:00', 3, '', 3, 1),
(226, '2019-01-08 10:37:37.014010', '77', 'background.views.api - 2019-01-08 10:15:49.021428+00:00', 3, '', 3, 1),
(227, '2019-01-08 10:37:37.091224', '76', 'background.views.api - 2019-01-08 10:15:13.232671+00:00', 3, '', 3, 1),
(228, '2019-01-08 10:37:37.169244', '75', 'background.views.api - 2019-01-08 10:14:35.971280+00:00', 3, '', 3, 1),
(229, '2019-01-08 10:37:37.246944', '74', 'background.views.api - 2019-01-08 10:13:59.707145+00:00', 3, '', 3, 1),
(230, '2019-01-08 10:37:37.324698', '73', 'background.views.api - 2019-01-08 10:13:21.544282+00:00', 3, '', 3, 1),
(231, '2019-01-08 10:37:37.402312', '72', 'background.views.api - 2019-01-08 10:12:45.407621+00:00', 3, '', 3, 1),
(232, '2019-01-08 10:37:37.479936', '71', 'background.views.api - 2019-01-08 10:12:09.727265+00:00', 3, '', 3, 1),
(233, '2019-01-08 10:37:37.557444', '70', 'background.views.api - 2019-01-08 10:11:31.772687+00:00', 3, '', 3, 1),
(234, '2019-01-08 10:37:37.659520', '69', 'background.views.api - 2019-01-08 10:10:58.743206+00:00', 3, '', 3, 1),
(235, '2019-01-08 10:37:37.802462', '68', 'background.views.api - 2019-01-08 10:10:19.609943+00:00', 3, '', 3, 1),
(236, '2019-01-08 10:37:38.044773', '67', 'background.views.api - 2019-01-08 10:09:38.666473+00:00', 3, '', 3, 1),
(237, '2019-01-08 10:37:38.133757', '66', 'background.views.api - 2019-01-08 10:08:59.718973+00:00', 3, '', 3, 1),
(238, '2019-01-08 10:37:38.211286', '65', 'background.views.api - 2019-01-08 10:08:19.184934+00:00', 3, '', 3, 1),
(239, '2019-01-08 10:37:38.288939', '64', 'background.views.api - 2019-01-08 10:07:55.332472+00:00', 3, '', 3, 1),
(240, '2019-01-08 10:37:38.366337', '63', 'background.views.api - 2019-01-08 10:07:41.547745+00:00', 3, '', 3, 1),
(241, '2019-01-08 10:37:38.466545', '62', 'background.views.api - 2019-01-08 10:07:28.980875+00:00', 3, '', 3, 1),
(242, '2019-01-08 10:37:38.544240', '61', 'background.views.api - 2019-01-08 10:07:15.904926+00:00', 3, '', 3, 1),
(243, '2019-01-08 10:37:38.621725', '60', 'background.views.api - 2019-01-08 10:07:01.882910+00:00', 3, '', 3, 1),
(244, '2019-01-08 10:37:38.902193', '59', 'background.views.api - 2019-01-08 10:06:47.372212+00:00', 3, '', 3, 1),
(245, '2019-01-08 10:37:38.975889', '58', 'background.views.api - 2019-01-08 10:06:32.284596+00:00', 3, '', 3, 1),
(246, '2019-01-08 10:37:39.053841', '57', 'background.views.api - 2019-01-08 10:06:19.304662+00:00', 3, '', 3, 1),
(247, '2019-01-08 10:37:39.131187', '56', 'background.views.api - 2019-01-08 10:06:05.778632+00:00', 3, '', 3, 1),
(248, '2019-01-08 10:37:39.208920', '55', 'background.views.api - 2019-01-08 09:52:57.768943+00:00', 3, '', 3, 1),
(249, '2019-01-08 10:42:04.877672', '245', 'background.views.api', 3, '', 4, 1),
(250, '2019-01-08 10:42:05.229909', '244', 'background.views.api', 3, '', 4, 1),
(251, '2019-01-08 10:42:05.307440', '243', 'background.views.api', 3, '', 4, 1),
(252, '2019-01-08 10:45:30.128770', '248', 'background.views.api', 3, '', 4, 1),
(253, '2019-01-08 10:45:30.443915', '247', 'background.views.api', 3, '', 4, 1),
(254, '2019-01-08 10:45:30.521257', '246', 'background.views.api', 3, '', 4, 1),
(255, '2019-01-08 10:47:54.620088', '251', 'background.views.api', 3, '', 4, 1),
(256, '2019-01-08 10:47:54.939103', '250', 'background.views.api', 3, '', 4, 1),
(257, '2019-01-08 10:47:55.017035', '249', 'background.views.api', 3, '', 4, 1),
(258, '2019-01-08 17:39:20.520823', '1', 'Settings object (1)', 2, '[{\"changed\": {\"fields\": [\"num_of_objects_per_page\"]}}]', 12, 1),
(259, '2019-01-08 22:30:18.707094', '497', 'background.views.api', 3, '', 4, 1),
(260, '2019-01-08 22:30:18.993364', '496', 'background.views.api', 3, '', 4, 1),
(261, '2019-01-08 22:30:19.336716', '495', 'background.views.api', 3, '', 4, 1),
(262, '2019-01-08 22:30:19.414795', '494', 'background.views.api', 3, '', 4, 1),
(263, '2019-01-08 22:30:19.492215', '493', 'background.views.api', 3, '', 4, 1),
(264, '2019-01-08 22:30:19.569993', '492', 'background.views.api', 3, '', 4, 1),
(265, '2019-01-08 22:30:19.647711', '491', 'background.views.api', 3, '', 4, 1),
(266, '2019-01-08 22:30:19.724669', '490', 'background.views.api', 3, '', 4, 1),
(267, '2019-01-08 22:30:19.836077', '489', 'background.views.api', 3, '', 4, 1),
(268, '2019-01-08 22:30:19.913661', '488', 'background.views.api', 3, '', 4, 1),
(269, '2019-01-08 22:30:19.991480', '487', 'background.views.api', 3, '', 4, 1),
(270, '2019-01-08 22:30:20.299342', '486', 'background.views.api', 3, '', 4, 1),
(271, '2019-01-08 22:30:20.378785', '485', 'background.views.api', 3, '', 4, 1),
(272, '2019-01-08 22:30:20.456864', '484', 'background.views.api', 3, '', 4, 1),
(273, '2019-01-08 22:30:20.534498', '483', 'background.views.api', 3, '', 4, 1),
(274, '2019-01-08 22:30:20.612478', '482', 'background.views.api', 3, '', 4, 1),
(275, '2019-01-08 22:30:20.689312', '481', 'background.views.api', 3, '', 4, 1),
(276, '2019-01-08 22:30:20.767046', '480', 'background.views.api', 3, '', 4, 1),
(277, '2019-01-08 22:30:20.845117', '479', 'background.views.api', 3, '', 4, 1),
(278, '2019-01-08 22:30:20.921898', '478', 'background.views.api', 3, '', 4, 1),
(279, '2019-01-08 22:30:21.027198', '477', 'background.views.api', 3, '', 4, 1),
(280, '2019-01-08 22:30:21.288157', '476', 'background.views.api', 3, '', 4, 1),
(281, '2019-01-08 22:30:21.532548', '475', 'background.views.api', 3, '', 4, 1),
(282, '2019-01-08 22:30:21.610079', '474', 'background.views.api', 3, '', 4, 1),
(283, '2019-01-08 22:30:35.738344', '326', 'background.views.api - 2019-01-08 22:17:52.699985+00:00', 3, '', 3, 1),
(284, '2019-01-08 22:30:35.808545', '325', 'background.views.api - 2019-01-08 22:17:07.774794+00:00', 3, '', 3, 1),
(285, '2019-01-08 22:30:35.886168', '324', 'background.views.api - 2019-01-08 22:16:30.543685+00:00', 3, '', 3, 1),
(286, '2019-01-08 22:30:35.963867', '323', 'background.views.api - 2019-01-08 22:15:49.148055+00:00', 3, '', 3, 1),
(287, '2019-01-08 22:30:36.251558', '322', 'background.views.api - 2019-01-08 22:15:10.487034+00:00', 3, '', 3, 1),
(288, '2019-01-08 22:30:36.329709', '321', 'background.views.api - 2019-01-08 22:14:32.715058+00:00', 3, '', 3, 1),
(289, '2019-01-08 22:30:36.551193', '320', 'background.views.api - 2019-01-08 22:13:54.344535+00:00', 3, '', 3, 1),
(290, '2019-01-08 22:30:36.628668', '319', 'background.views.api - 2019-01-08 22:13:16.297759+00:00', 3, '', 3, 1),
(291, '2019-01-08 22:30:36.705849', '318', 'background.views.api - 2019-01-08 22:12:39.469072+00:00', 3, '', 3, 1),
(292, '2019-01-08 22:30:36.813124', '317', 'background.views.api - 2019-01-08 22:12:01.177699+00:00', 3, '', 3, 1),
(293, '2019-01-08 22:30:36.894991', '316', 'background.views.api - 2019-01-08 22:11:34.274221+00:00', 3, '', 3, 1),
(294, '2019-01-08 22:30:36.972546', '315', 'background.views.api - 2019-01-08 22:11:06.484616+00:00', 3, '', 3, 1),
(295, '2019-01-08 22:30:37.291233', '314', 'background.views.api - 2019-01-08 22:10:37.919553+00:00', 3, '', 3, 1),
(296, '2019-01-08 22:30:37.504412', '313', 'background.views.api - 2019-01-08 22:10:22.787340+00:00', 3, '', 3, 1),
(297, '2019-01-08 22:30:37.626820', '312', 'background.views.api - 2019-01-08 22:10:06.694091+00:00', 3, '', 3, 1),
(298, '2019-01-08 22:30:37.703869', '311', 'background.views.api - 2019-01-08 22:09:48.862604+00:00', 3, '', 3, 1),
(299, '2019-01-08 22:30:37.781882', '310', 'background.views.api - 2019-01-08 22:09:33.865537+00:00', 3, '', 3, 1),
(300, '2019-01-08 22:30:37.859614', '309', 'background.views.api - 2019-01-08 22:09:16.285964+00:00', 3, '', 3, 1),
(301, '2019-01-08 22:30:37.937201', '308', 'background.views.api - 2019-01-08 22:08:59.342955+00:00', 3, '', 3, 1),
(302, '2019-01-08 22:30:38.041677', '307', 'background.views.api - 2019-01-08 22:08:44.780487+00:00', 3, '', 3, 1),
(303, '2019-01-08 22:30:38.185390', '306', 'background.views.api - 2019-01-08 22:08:29.792664+00:00', 3, '', 3, 1),
(304, '2019-01-08 22:30:38.330925', '305', 'background.views.api - 2019-01-08 22:08:14.748716+00:00', 3, '', 3, 1),
(305, '2019-01-08 22:30:38.480309', '304', 'background.views.api - 2019-01-08 22:07:59.228507+00:00', 3, '', 3, 1),
(306, '2019-01-08 22:30:38.557814', '303', 'background.views.api - 2019-01-08 22:07:43.291172+00:00', 3, '', 3, 1),
(307, '2019-01-08 22:30:38.635441', '302', 'background.views.api - 2019-01-08 22:07:28.900451+00:00', 3, '', 3, 1),
(308, '2019-01-08 22:30:38.712474', '301', 'background.views.api - 2019-01-08 22:07:13.291737+00:00', 3, '', 3, 1),
(309, '2019-01-08 22:30:38.790560', '300', 'background.views.api - 2019-01-08 22:06:57.058669+00:00', 3, '', 3, 1),
(310, '2019-01-08 22:30:38.868572', '299', 'background.views.api - 2019-01-08 22:06:44.000339+00:00', 3, '', 3, 1),
(311, '2019-01-08 22:30:38.945999', '298', 'background.views.api - 2019-01-08 22:06:29.531738+00:00', 3, '', 3, 1),
(312, '2019-01-08 22:30:39.023331', '297', 'background.views.api - 2019-01-08 22:06:14.017001+00:00', 3, '', 3, 1),
(313, '2019-01-08 22:30:39.284525', '296', 'background.views.api - 2019-01-08 22:06:00.882100+00:00', 3, '', 3, 1),
(314, '2019-01-08 22:30:39.366926', '295', 'background.views.api - 2019-01-08 22:05:45.493461+00:00', 3, '', 3, 1),
(315, '2019-01-08 22:30:39.444646', '294', 'background.views.api - 2019-01-08 22:05:31.758046+00:00', 3, '', 3, 1),
(316, '2019-01-08 22:30:39.522235', '293', 'background.views.api - 2019-01-08 22:05:17.614116+00:00', 3, '', 3, 1),
(317, '2019-01-08 22:30:39.599686', '292', 'background.views.api - 2019-01-08 22:05:05.132730+00:00', 3, '', 3, 1),
(318, '2019-01-08 22:30:39.677410', '291', 'background.views.api - 2019-01-08 22:04:53.162125+00:00', 3, '', 3, 1),
(319, '2019-01-08 22:30:39.754466', '290', 'background.views.api - 2019-01-08 22:04:41.357937+00:00', 3, '', 3, 1),
(320, '2019-01-08 22:30:39.832464', '289', 'background.views.api - 2019-01-08 22:04:30.229902+00:00', 3, '', 3, 1),
(321, '2019-01-08 22:30:39.910154', '288', 'background.views.api - 2019-01-08 22:04:18.148241+00:00', 3, '', 3, 1),
(322, '2019-01-08 22:30:39.987915', '287', 'background.views.api - 2019-01-08 22:04:04.265009+00:00', 3, '', 3, 1),
(323, '2019-01-08 22:30:40.297892', '286', 'background.views.api - 2019-01-08 22:03:50.970706+00:00', 3, '', 3, 1),
(324, '2019-01-08 22:30:40.375106', '285', 'background.views.api - 2019-01-08 22:03:50.017778+00:00', 3, '', 3, 1),
(325, '2019-01-08 22:30:40.452997', '284', 'background.views.api - 2019-01-08 22:03:48.362311+00:00', 3, '', 3, 1),
(326, '2019-01-08 22:30:40.552915', '283', 'background.views.api - 2019-01-08 22:03:46.956376+00:00', 3, '', 3, 1),
(327, '2019-01-08 22:30:40.630446', '282', 'background.views.api - 2019-01-08 22:03:45.903062+00:00', 3, '', 3, 1),
(328, '2019-01-08 22:30:40.729681', '281', 'background.views.api - 2019-01-08 22:03:44.567924+00:00', 3, '', 3, 1),
(329, '2019-01-08 22:30:40.807359', '280', 'background.views.api - 2019-01-08 22:03:43.343574+00:00', 3, '', 3, 1),
(330, '2019-01-08 22:30:40.885355', '279', 'background.views.api - 2019-01-08 22:03:31.012594+00:00', 3, '', 3, 1),
(331, '2019-01-08 22:30:40.962684', '278', 'background.views.api - 2019-01-08 22:03:18.143084+00:00', 3, '', 3, 1),
(332, '2019-01-08 22:30:41.145189', '277', 'background.views.api - 2019-01-08 22:03:05.548156+00:00', 3, '', 3, 1),
(333, '2019-01-08 22:30:41.273409', '276', 'background.views.api - 2019-01-08 22:02:52.738110+00:00', 3, '', 3, 1),
(334, '2019-01-08 22:30:41.362023', '275', 'background.views.api - 2019-01-08 22:02:40.869780+00:00', 3, '', 3, 1),
(335, '2019-01-08 22:30:41.450747', '274', 'background.views.api - 2019-01-08 22:02:29.209784+00:00', 3, '', 3, 1),
(336, '2019-01-08 22:30:41.539311', '273', 'background.views.api - 2019-01-08 22:02:14.756508+00:00', 3, '', 3, 1),
(337, '2019-01-08 22:30:41.627966', '272', 'background.views.api - 2019-01-08 22:02:03.250623+00:00', 3, '', 3, 1),
(338, '2019-01-08 22:30:41.793671', '271', 'background.views.api - 2019-01-08 22:01:51.679051+00:00', 3, '', 3, 1),
(339, '2019-01-08 22:30:41.882763', '270', 'background.views.api - 2019-01-08 22:01:50.770883+00:00', 3, '', 3, 1),
(340, '2019-01-08 22:30:41.971599', '269', 'background.views.api - 2019-01-08 22:01:49.729420+00:00', 3, '', 3, 1),
(341, '2019-01-08 22:30:42.250917', '268', 'background.views.api - 2019-01-08 22:01:48.698839+00:00', 3, '', 3, 1),
(342, '2019-01-08 22:30:42.327414', '267', 'background.views.api - 2019-01-08 22:01:47.768221+00:00', 3, '', 3, 1),
(343, '2019-01-08 22:30:42.405031', '266', 'background.views.api - 2019-01-08 22:01:46.748875+00:00', 3, '', 3, 1),
(344, '2019-01-08 22:30:42.482618', '265', 'background.views.api - 2019-01-08 22:01:45.740697+00:00', 3, '', 3, 1),
(345, '2019-01-08 22:30:42.560216', '264', 'background.views.api - 2019-01-08 22:01:44.022901+00:00', 3, '', 3, 1),
(346, '2019-01-08 22:30:42.637233', '263', 'background.views.api - 2019-01-08 22:01:31.044427+00:00', 3, '', 3, 1),
(347, '2019-01-08 22:30:42.715385', '262', 'background.views.api - 2019-01-08 22:01:18.842292+00:00', 3, '', 3, 1),
(348, '2019-01-08 22:30:42.792426', '261', 'background.views.api - 2019-01-08 22:01:05.995451+00:00', 3, '', 3, 1),
(349, '2019-01-08 22:30:42.870303', '260', 'background.views.api - 2019-01-08 22:00:54.855424+00:00', 3, '', 3, 1),
(350, '2019-01-08 22:30:42.947972', '259', 'background.views.api - 2019-01-08 22:00:44.102121+00:00', 3, '', 3, 1),
(351, '2019-01-08 22:30:43.025675', '258', 'background.views.api - 2019-01-08 22:00:33.371266+00:00', 3, '', 3, 1),
(352, '2019-01-08 22:30:43.313822', '257', 'background.views.api - 2019-01-08 17:40:02.288311+00:00', 3, '', 3, 1),
(353, '2019-01-08 22:30:43.391051', '256', 'background.views.api - 2019-01-08 17:37:23.652945+00:00', 3, '', 3, 1),
(354, '2019-01-08 22:30:43.469034', '255', 'background.views.api - 2019-01-08 17:34:32.049602+00:00', 3, '', 3, 1),
(355, '2019-01-08 22:30:43.546600', '254', 'background.views.api - 2019-01-08 17:32:04.611016+00:00', 3, '', 3, 1),
(356, '2019-01-08 22:30:43.624166', '253', 'background.views.api - 2019-01-08 17:29:38.773087+00:00', 3, '', 3, 1),
(357, '2019-01-08 22:30:43.701823', '252', 'background.views.api - 2019-01-08 17:26:37.623209+00:00', 3, '', 3, 1),
(358, '2019-01-08 22:30:43.779248', '251', 'background.views.api - 2019-01-08 17:23:48.280550+00:00', 3, '', 3, 1),
(359, '2019-01-08 22:30:43.856712', '250', 'background.views.api - 2019-01-08 17:20:36.987382+00:00', 3, '', 3, 1),
(360, '2019-01-08 22:30:43.934394', '249', 'background.views.api - 2019-01-08 17:17:26.795882+00:00', 3, '', 3, 1),
(361, '2019-01-08 22:30:44.042410', '248', 'background.views.api - 2019-01-08 17:14:18.597131+00:00', 3, '', 3, 1),
(362, '2019-01-08 22:30:44.182864', '247', 'background.views.api - 2019-01-08 17:11:14.707134+00:00', 3, '', 3, 1),
(363, '2019-01-08 22:30:44.333585', '246', 'background.views.api - 2019-01-08 17:08:23.877900+00:00', 3, '', 3, 1),
(364, '2019-01-08 22:30:44.411186', '245', 'background.views.api - 2019-01-08 17:05:27.460722+00:00', 3, '', 3, 1),
(365, '2019-01-08 22:30:44.488799', '244', 'background.views.api - 2019-01-08 17:03:18.626920+00:00', 3, '', 3, 1),
(366, '2019-01-08 22:30:44.566319', '243', 'background.views.api - 2019-01-08 17:01:33.947302+00:00', 3, '', 3, 1),
(367, '2019-01-08 22:30:44.643993', '242', 'background.views.api - 2019-01-08 16:59:37.253624+00:00', 3, '', 3, 1),
(368, '2019-01-08 22:30:44.721629', '241', 'background.views.api - 2019-01-08 16:57:38.843463+00:00', 3, '', 3, 1),
(369, '2019-01-08 22:30:44.898682', '240', 'background.views.api - 2019-01-08 16:55:29.706779+00:00', 3, '', 3, 1),
(370, '2019-01-08 22:30:44.976555', '239', 'background.views.api - 2019-01-08 16:53:17.083984+00:00', 3, '', 3, 1),
(371, '2019-01-08 22:30:45.275656', '238', 'background.views.api - 2019-01-08 16:51:03.989274+00:00', 3, '', 3, 1),
(372, '2019-01-08 22:30:45.353250', '237', 'background.views.api - 2019-01-08 16:48:48.741731+00:00', 3, '', 3, 1),
(373, '2019-01-08 22:30:45.430890', '236', 'background.views.api - 2019-01-08 16:46:43.246127+00:00', 3, '', 3, 1),
(374, '2019-01-08 22:30:45.508339', '235', 'background.views.api - 2019-01-08 16:44:15.031156+00:00', 3, '', 3, 1),
(375, '2019-01-08 22:30:45.585777', '234', 'background.views.api - 2019-01-08 16:41:52.887865+00:00', 3, '', 3, 1),
(376, '2019-01-08 22:30:45.663620', '233', 'background.views.api - 2019-01-08 16:39:31.622779+00:00', 3, '', 3, 1),
(377, '2019-01-08 22:30:45.741013', '232', 'background.views.api - 2019-01-08 16:37:17.425690+00:00', 3, '', 3, 1),
(378, '2019-01-08 22:30:45.818642', '231', 'background.views.api - 2019-01-08 16:34:56.825587+00:00', 3, '', 3, 1),
(379, '2019-01-08 22:30:45.896165', '230', 'background.views.api - 2019-01-08 16:32:47.647312+00:00', 3, '', 3, 1),
(380, '2019-01-08 22:30:45.973930', '229', 'background.views.api - 2019-01-08 16:31:00.529199+00:00', 3, '', 3, 1),
(381, '2019-01-08 22:30:46.251093', '228', 'background.views.api - 2019-01-08 16:28:57.675427+00:00', 3, '', 3, 1),
(382, '2019-01-08 22:30:46.328608', '227', 'background.views.api - 2019-01-08 16:26:37.987115+00:00', 3, '', 3, 1),
(383, '2019-01-08 22:30:46.406210', '226', 'background.views.api - 2019-01-08 16:24:35.498717+00:00', 3, '', 3, 1),
(384, '2019-01-08 22:30:46.660798', '225', 'background.views.api - 2019-01-08 16:22:10.007874+00:00', 3, '', 3, 1),
(385, '2019-01-08 22:30:47.336948', '224', 'background.views.api - 2019-01-08 16:19:44.444995+00:00', 3, '', 3, 1),
(386, '2019-01-08 22:30:47.591734', '223', 'background.views.api - 2019-01-08 16:17:13.090145+00:00', 3, '', 3, 1),
(387, '2019-01-08 22:30:47.669124', '222', 'background.views.api - 2019-01-08 16:14:47.662626+00:00', 3, '', 3, 1),
(388, '2019-01-08 22:30:47.769082', '221', 'background.views.api - 2019-01-08 16:12:28.363785+00:00', 3, '', 3, 1),
(389, '2019-01-08 22:30:47.846539', '220', 'background.views.api - 2019-01-08 16:10:25.752698+00:00', 3, '', 3, 1),
(390, '2019-01-08 22:30:47.923818', '219', 'background.views.api - 2019-01-08 16:08:24.334498+00:00', 3, '', 3, 1),
(391, '2019-01-08 22:30:48.027105', '218', 'background.views.api - 2019-01-08 16:06:49.502127+00:00', 3, '', 3, 1),
(392, '2019-01-08 22:30:48.212349', '217', 'background.views.api - 2019-01-08 16:05:15.096399+00:00', 3, '', 3, 1),
(393, '2019-01-08 22:30:48.323099', '216', 'background.views.api - 2019-01-08 16:03:25.583408+00:00', 3, '', 3, 1),
(394, '2019-01-08 22:30:48.400375', '215', 'background.views.api - 2019-01-08 16:01:38.598847+00:00', 3, '', 3, 1),
(395, '2019-01-08 22:30:48.478417', '214', 'background.views.api - 2019-01-08 15:59:32.414277+00:00', 3, '', 3, 1),
(396, '2019-01-08 22:30:48.555725', '213', 'background.views.api - 2019-01-08 15:57:23.655454+00:00', 3, '', 3, 1),
(397, '2019-01-08 22:30:48.633436', '212', 'background.views.api - 2019-01-08 13:49:02.794569+00:00', 3, '', 3, 1),
(398, '2019-01-08 22:30:48.710894', '211', 'background.views.api - 2019-01-08 13:47:40.994261+00:00', 3, '', 3, 1),
(399, '2019-01-08 22:30:48.788638', '210', 'background.views.api - 2019-01-08 13:46:34.509444+00:00', 3, '', 3, 1),
(400, '2019-01-08 22:30:48.866286', '209', 'background.views.api - 2019-01-08 13:44:54.245006+00:00', 3, '', 3, 1),
(401, '2019-01-08 22:30:48.943568', '208', 'background.views.api - 2019-01-08 13:43:32.330775+00:00', 3, '', 3, 1),
(402, '2019-01-08 22:30:49.021592', '207', 'background.views.api - 2019-01-08 13:41:30.268006+00:00', 3, '', 3, 1),
(403, '2019-01-08 22:30:49.253860', '206', 'background.views.api - 2019-01-08 13:39:25.073549+00:00', 3, '', 3, 1),
(404, '2019-01-08 22:30:49.353933', '205', 'background.views.api - 2019-01-08 11:26:16.249716+00:00', 3, '', 3, 1),
(405, '2019-01-08 22:30:49.431458', '204', 'background.views.api - 2019-01-08 11:24:57.535453+00:00', 3, '', 3, 1),
(406, '2019-01-08 22:30:49.509156', '203', 'background.views.api - 2019-01-08 11:24:16.605597+00:00', 3, '', 3, 1),
(407, '2019-01-08 22:30:49.597927', '202', 'background.views.api - 2019-01-08 11:23:39.020321+00:00', 3, '', 3, 1),
(408, '2019-01-08 22:30:49.675214', '201', 'background.views.api - 2019-01-08 11:23:00.991605+00:00', 3, '', 3, 1),
(409, '2019-01-08 22:30:49.763911', '200', 'background.views.api - 2019-01-08 11:22:24.190216+00:00', 3, '', 3, 1),
(410, '2019-01-08 22:30:49.841501', '199', 'background.views.api - 2019-01-08 11:21:44.350749+00:00', 3, '', 3, 1),
(411, '2019-01-08 22:30:49.930011', '198', 'background.views.api - 2019-01-08 11:21:06.175330+00:00', 3, '', 3, 1),
(412, '2019-01-08 22:30:50.351343', '197', 'background.views.api - 2019-01-08 11:20:26.440218+00:00', 3, '', 3, 1),
(413, '2019-01-08 22:30:50.462289', '196', 'background.views.api - 2019-01-08 11:19:46.194274+00:00', 3, '', 3, 1),
(414, '2019-01-08 22:30:50.551083', '195', 'background.views.api - 2019-01-08 11:19:07.802006+00:00', 3, '', 3, 1),
(415, '2019-01-08 22:30:50.639582', '194', 'background.views.api - 2019-01-08 11:18:28.472013+00:00', 3, '', 3, 1),
(416, '2019-01-08 22:30:50.728313', '193', 'background.views.api - 2019-01-08 11:17:47.923509+00:00', 3, '', 3, 1),
(417, '2019-01-08 22:30:50.816730', '192', 'background.views.api - 2019-01-08 11:16:57.531126+00:00', 3, '', 3, 1),
(418, '2019-01-08 22:30:50.905396', '191', 'background.views.api - 2019-01-08 11:16:17.634388+00:00', 3, '', 3, 1),
(419, '2019-01-08 22:30:50.994163', '190', 'background.views.api - 2019-01-08 11:15:38.497380+00:00', 3, '', 3, 1),
(420, '2019-01-08 22:30:51.260029', '189', 'background.views.api - 2019-01-08 11:14:57.682543+00:00', 3, '', 3, 1),
(421, '2019-01-08 22:30:51.348792', '188', 'background.views.api - 2019-01-08 11:14:16.648823+00:00', 3, '', 3, 1),
(422, '2019-01-08 22:30:51.437108', '187', 'background.views.api - 2019-01-08 11:13:36.056120+00:00', 3, '', 3, 1),
(423, '2019-01-08 22:30:51.525853', '186', 'background.views.api - 2019-01-08 11:12:52.113185+00:00', 3, '', 3, 1),
(424, '2019-01-08 22:30:51.638039', '185', 'background.views.api - 2019-01-08 11:12:25.357232+00:00', 3, '', 3, 1),
(425, '2019-01-08 22:30:51.715629', '184', 'background.views.api - 2019-01-08 11:11:40.597593+00:00', 3, '', 3, 1),
(426, '2019-01-08 22:30:51.792996', '183', 'background.views.api - 2019-01-08 11:11:39.456814+00:00', 3, '', 3, 1),
(427, '2019-01-08 22:30:51.870817', '182', 'background.views.api - 2019-01-08 11:11:33.288877+00:00', 3, '', 3, 1),
(428, '2019-01-08 22:30:51.972411', '181', 'background.views.api - 2019-01-08 11:11:17.598261+00:00', 3, '', 3, 1),
(429, '2019-01-08 22:30:52.314188', '180', 'background.views.api - 2019-01-08 11:11:03.506290+00:00', 3, '', 3, 1),
(430, '2019-01-08 22:30:52.402514', '179', 'background.views.api - 2019-01-08 11:10:37.006630+00:00', 3, '', 3, 1),
(431, '2019-01-08 22:30:52.524756', '178', 'background.views.api - 2019-01-08 11:10:06.653876+00:00', 3, '', 3, 1),
(432, '2019-01-08 22:30:52.646906', '177', 'background.views.api - 2019-01-08 11:09:39.272380+00:00', 3, '', 3, 1),
(433, '2019-01-08 22:30:52.769142', '176', 'background.views.api - 2019-01-08 11:09:09.635892+00:00', 3, '', 3, 1),
(434, '2019-01-08 22:30:52.880510', '175', 'background.views.api - 2019-01-08 11:08:39.798796+00:00', 3, '', 3, 1),
(435, '2019-01-08 22:30:52.957853', '174', 'background.views.api - 2019-01-08 11:08:07.124507+00:00', 3, '', 3, 1),
(436, '2019-01-08 22:30:53.064214', '173', 'background.views.api - 2019-01-08 11:07:41.975370+00:00', 3, '', 3, 1),
(437, '2019-01-08 22:30:53.206993', '172', 'background.views.api - 2019-01-08 11:07:26.394241+00:00', 3, '', 3, 1),
(438, '2019-01-08 22:30:53.401548', '171', 'background.views.api - 2019-01-08 11:07:07.179821+00:00', 3, '', 3, 1),
(439, '2019-01-08 22:30:53.501715', '170', 'background.views.api - 2019-01-08 11:06:53.526183+00:00', 3, '', 3, 1),
(440, '2019-01-08 22:30:53.579214', '169', 'background.views.api - 2019-01-08 11:06:35.244294+00:00', 3, '', 3, 1),
(441, '2019-01-08 22:30:53.656899', '168', 'background.views.api - 2019-01-08 11:06:22.207870+00:00', 3, '', 3, 1),
(442, '2019-01-08 22:30:53.734564', '167', 'background.views.api - 2019-01-08 11:06:08.420307+00:00', 3, '', 3, 1),
(443, '2019-01-08 22:30:53.811945', '166', 'background.views.api - 2019-01-08 11:05:55.259929+00:00', 3, '', 3, 1),
(444, '2019-01-08 22:30:53.889034', '165', 'background.views.api - 2019-01-08 11:05:27.145260+00:00', 3, '', 3, 1),
(445, '2019-01-08 22:30:53.967001', '164', 'background.views.api - 2019-01-08 11:05:14.324495+00:00', 3, '', 3, 1),
(446, '2019-01-08 22:30:54.155648', '163', 'background.views.api - 2019-01-08 11:05:00.225587+00:00', 3, '', 3, 1),
(447, '2019-01-08 22:30:54.255260', '162', 'background.views.api - 2019-01-08 11:04:36.907796+00:00', 3, '', 3, 1),
(448, '2019-01-08 22:30:54.332913', '161', 'background.views.api - 2019-01-08 11:04:23.992575+00:00', 3, '', 3, 1),
(449, '2019-01-08 22:30:54.410512', '160', 'background.views.api - 2019-01-08 11:04:05.156097+00:00', 3, '', 3, 1),
(450, '2019-01-08 22:30:54.511529', '159', 'background.views.api - 2019-01-08 11:03:52.210894+00:00', 3, '', 3, 1),
(451, '2019-01-08 22:30:54.587921', '158', 'background.views.api - 2019-01-08 11:03:38.799721+00:00', 3, '', 3, 1),
(452, '2019-01-08 22:30:54.665527', '157', 'background.views.api - 2019-01-08 11:03:24.389546+00:00', 3, '', 3, 1),
(453, '2019-01-08 22:30:54.743151', '156', 'background.views.api - 2019-01-08 11:03:06.531939+00:00', 3, '', 3, 1),
(454, '2019-01-08 22:30:54.820690', '155', 'background.views.api - 2019-01-08 11:02:52.810914+00:00', 3, '', 3, 1),
(455, '2019-01-08 22:30:54.898319', '154', 'background.views.api - 2019-01-08 11:02:34.906139+00:00', 3, '', 3, 1),
(456, '2019-01-08 22:30:54.976024', '153', 'background.views.api - 2019-01-08 11:02:23.312501+00:00', 3, '', 3, 1),
(457, '2019-01-08 22:30:55.341687', '152', 'background.views.api - 2019-01-08 11:02:01.962385+00:00', 3, '', 3, 1),
(458, '2019-01-08 22:30:55.419022', '151', 'background.views.api - 2019-01-08 11:01:50.310497+00:00', 3, '', 3, 1),
(459, '2019-01-08 22:30:55.496425', '150', 'background.views.api - 2019-01-08 11:01:28.110952+00:00', 3, '', 3, 1),
(460, '2019-01-08 22:30:55.574358', '149', 'background.views.api - 2019-01-08 11:01:15.785044+00:00', 3, '', 3, 1),
(461, '2019-01-08 22:30:55.651933', '148', 'background.views.api - 2019-01-08 11:00:52.072532+00:00', 3, '', 3, 1),
(462, '2019-01-08 22:30:55.729272', '147', 'background.views.api - 2019-01-08 11:00:35.328562+00:00', 3, '', 3, 1),
(463, '2019-01-08 22:30:55.807157', '146', 'background.views.api - 2019-01-08 11:00:23.212009+00:00', 3, '', 3, 1),
(464, '2019-01-08 22:30:55.884623', '145', 'background.views.api - 2019-01-08 11:00:02.059030+00:00', 3, '', 3, 1),
(465, '2019-01-08 22:30:55.962266', '144', 'background.views.api - 2019-01-08 10:59:50.786863+00:00', 3, '', 3, 1),
(466, '2019-01-08 22:30:56.039610', '143', 'background.views.api - 2019-01-08 10:59:33.124188+00:00', 3, '', 3, 1),
(467, '2019-01-08 22:30:56.316726', '142', 'background.views.api - 2019-01-08 10:59:20.799818+00:00', 3, '', 3, 1),
(468, '2019-01-08 22:30:56.394383', '141', 'background.views.api - 2019-01-08 10:59:07.999506+00:00', 3, '', 3, 1),
(469, '2019-01-08 22:30:56.472173', '140', 'background.views.api - 2019-01-08 10:58:54.557566+00:00', 3, '', 3, 1),
(470, '2019-01-08 22:30:56.549564', '139', 'background.views.api - 2019-01-08 10:58:32.654934+00:00', 3, '', 3, 1),
(471, '2019-01-08 22:30:56.627394', '138', 'background.views.api - 2019-01-08 10:58:21.239506+00:00', 3, '', 3, 1),
(472, '2019-01-08 22:30:56.704763', '137', 'background.views.api - 2019-01-08 10:58:04.562238+00:00', 3, '', 3, 1),
(473, '2019-01-08 22:30:56.782341', '136', 'background.views.api - 2019-01-08 10:57:52.935960+00:00', 3, '', 3, 1),
(474, '2019-01-08 22:30:56.871158', '135', 'background.views.api - 2019-01-08 10:57:32.016065+00:00', 3, '', 3, 1),
(475, '2019-01-08 22:30:56.948686', '134', 'background.views.api - 2019-01-08 10:57:20.517488+00:00', 3, '', 3, 1),
(476, '2019-01-08 22:30:57.059217', '133', 'background.views.api - 2019-01-08 10:57:03.244637+00:00', 3, '', 3, 1),
(477, '2019-01-08 22:30:57.221263', '132', 'background.views.api - 2019-01-08 10:56:51.937719+00:00', 3, '', 3, 1),
(478, '2019-01-08 22:30:57.347685', '131', 'background.views.api - 2019-01-08 10:56:34.874869+00:00', 3, '', 3, 1),
(479, '2019-01-08 22:30:57.436341', '130', 'background.views.api - 2019-01-08 10:56:22.605921+00:00', 3, '', 3, 1),
(480, '2019-01-08 22:30:57.524939', '129', 'background.views.api - 2019-01-08 10:56:01.179706+00:00', 3, '', 3, 1),
(481, '2019-01-08 22:30:57.613789', '128', 'background.views.api - 2019-01-08 10:55:49.519784+00:00', 3, '', 3, 1),
(482, '2019-01-08 22:30:57.702456', '127', 'background.views.api - 2019-01-08 10:55:32.777272+00:00', 3, '', 3, 1),
(483, '2019-01-08 22:30:57.791090', '126', 'background.views.api - 2019-01-08 10:55:21.272672+00:00', 3, '', 3, 1),
(484, '2019-01-08 22:30:57.879740', '125', 'background.views.api - 2019-01-08 10:54:59.813251+00:00', 3, '', 3, 1),
(485, '2019-01-08 22:30:57.968865', '124', 'background.views.api - 2019-01-08 10:54:48.740958+00:00', 3, '', 3, 1),
(486, '2019-01-08 22:30:58.245196', '123', 'background.views.api - 2019-01-08 10:54:32.740735+00:00', 3, '', 3, 1),
(487, '2019-01-08 22:30:58.400825', '122', 'background.views.api - 2019-01-08 10:54:20.782532+00:00', 3, '', 3, 1),
(488, '2019-01-08 22:30:58.489217', '121', 'background.views.api - 2019-01-08 10:54:04.003453+00:00', 3, '', 3, 1),
(489, '2019-01-08 22:30:58.577974', '120', 'background.views.api - 2019-01-08 10:53:51.564910+00:00', 3, '', 3, 1),
(490, '2019-01-08 22:30:58.655606', '119', 'background.views.api - 2019-01-08 10:53:34.441535+00:00', 3, '', 3, 1),
(491, '2019-01-08 22:30:58.755209', '118', 'background.views.api - 2019-01-08 10:53:21.813674+00:00', 3, '', 3, 1),
(492, '2019-01-08 22:30:58.843990', '117', 'background.views.api - 2019-01-08 10:52:55.461200+00:00', 3, '', 3, 1),
(493, '2019-01-08 22:30:58.921621', '116', 'background.views.api - 2019-01-08 10:52:42.849568+00:00', 3, '', 3, 1);
INSERT INTO `django_admin_log` (`id`, `action_time`, `object_id`, `object_repr`, `action_flag`, `change_message`, `content_type_id`, `user_id`) VALUES
(494, '2019-01-08 22:30:59.053956', '115', 'background.views.api - 2019-01-08 10:52:20.407541+00:00', 3, '', 3, 1),
(495, '2019-01-08 22:30:59.309299', '114', 'background.views.api - 2019-01-08 10:51:59.205173+00:00', 3, '', 3, 1),
(496, '2019-01-08 22:30:59.386714', '113', 'background.views.api - 2019-01-08 10:51:47.822370+00:00', 3, '', 3, 1),
(497, '2019-01-08 22:30:59.520934', '112', 'background.views.api - 2019-01-08 10:51:35.984864+00:00', 3, '', 3, 1),
(498, '2019-01-08 22:30:59.598179', '111', 'background.views.api - 2019-01-08 10:51:06.319853+00:00', 3, '', 3, 1),
(499, '2019-01-08 22:30:59.676162', '110', 'background.views.api - 2019-01-08 10:50:41.769163+00:00', 3, '', 3, 1),
(500, '2019-01-08 22:30:59.753766', '109', 'background.views.api - 2019-01-08 10:50:18.072950+00:00', 3, '', 3, 1),
(501, '2019-01-08 22:30:59.831166', '108', 'background.views.api - 2019-01-08 10:49:52.170074+00:00', 3, '', 3, 1),
(502, '2019-01-08 22:30:59.909014', '107', 'background.views.api - 2019-01-08 10:49:26.114597+00:00', 3, '', 3, 1),
(503, '2019-01-08 22:30:59.986251', '106', 'background.views.api - 2019-01-08 10:48:59.933059+00:00', 3, '', 3, 1),
(504, '2019-01-08 22:31:00.241482', '105', 'background.views.api - 2019-01-08 10:48:34.197201+00:00', 3, '', 3, 1),
(505, '2019-01-08 23:57:48.138516', '4', 'Bet object (4)', 1, '[{\"added\": {}}]', 11, 1),
(506, '2019-01-08 23:59:29.497145', '597', 'background.views.api', 3, '', 4, 1),
(507, '2019-01-08 23:59:29.769698', '596', 'background.views.api', 3, '', 4, 1),
(508, '2019-01-08 23:59:30.102359', '595', 'background.views.api', 3, '', 4, 1),
(509, '2019-01-08 23:59:30.179695', '594', 'background.views.api', 3, '', 4, 1),
(510, '2019-01-08 23:59:30.257710', '593', 'background.views.api', 3, '', 4, 1),
(511, '2019-01-08 23:59:30.335041', '592', 'background.views.api', 3, '', 4, 1),
(512, '2019-01-08 23:59:30.412709', '591', 'background.views.api', 3, '', 4, 1),
(513, '2019-01-08 23:59:30.490443', '590', 'background.views.api', 3, '', 4, 1),
(514, '2019-01-08 23:59:30.567312', '589', 'background.views.api', 3, '', 4, 1),
(515, '2019-01-08 23:59:30.645598', '588', 'background.views.api', 3, '', 4, 1),
(516, '2019-01-08 23:59:30.966785', '587', 'background.views.api', 3, '', 4, 1),
(517, '2019-01-08 23:59:31.044710', '586', 'background.views.api', 3, '', 4, 1),
(518, '2019-01-08 23:59:31.122216', '585', 'background.views.api', 3, '', 4, 1),
(519, '2019-01-08 23:59:31.199811', '584', 'background.views.api', 3, '', 4, 1),
(520, '2019-01-08 23:59:31.277317', '583', 'background.views.api', 3, '', 4, 1),
(521, '2019-01-08 23:59:31.354835', '582', 'background.views.api', 3, '', 4, 1),
(522, '2019-01-08 23:59:31.432430', '581', 'background.views.api', 3, '', 4, 1),
(523, '2019-01-08 23:59:31.510011', '580', 'background.views.api', 3, '', 4, 1),
(524, '2019-01-08 23:59:31.606648', '579', 'background.views.api', 3, '', 4, 1),
(525, '2019-01-08 23:59:31.731892', '578', 'background.views.api', 3, '', 4, 1),
(526, '2019-01-08 23:59:32.014761', '577', 'background.views.api', 3, '', 4, 1),
(527, '2019-01-08 23:59:32.097740', '576', 'background.views.api', 3, '', 4, 1),
(528, '2019-01-08 23:59:32.175244', '575', 'background.views.api', 3, '', 4, 1),
(529, '2019-01-08 23:59:32.252816', '574', 'background.views.api', 3, '', 4, 1),
(530, '2019-01-08 23:59:32.497061', '573', 'background.views.api', 3, '', 4, 1),
(531, '2019-01-08 23:59:42.962449', '401', 'background.views.api - 2019-01-08 23:14:16.517072+00:00', 3, '', 3, 1),
(532, '2019-01-08 23:59:43.051660', '400', 'background.views.api - 2019-01-08 23:13:30.802211+00:00', 3, '', 3, 1),
(533, '2019-01-08 23:59:43.295423', '399', 'background.views.api - 2019-01-08 23:12:57.388396+00:00', 3, '', 3, 1),
(534, '2019-01-08 23:59:43.384110', '398', 'background.views.api - 2019-01-08 23:12:27.672379+00:00', 3, '', 3, 1),
(535, '2019-01-08 23:59:43.472747', '397', 'background.views.api - 2019-01-08 23:12:00.605220+00:00', 3, '', 3, 1),
(536, '2019-01-08 23:59:43.550510', '396', 'background.views.api - 2019-01-08 23:11:33.846151+00:00', 3, '', 3, 1),
(537, '2019-01-08 23:59:43.628077', '395', 'background.views.api - 2019-01-08 23:11:03.125788+00:00', 3, '', 3, 1),
(538, '2019-01-08 23:59:43.705816', '394', 'background.views.api - 2019-01-08 23:10:34.593547+00:00', 3, '', 3, 1),
(539, '2019-01-08 23:59:44.048818', '393', 'background.views.api - 2019-01-08 23:10:05.117003+00:00', 3, '', 3, 1),
(540, '2019-01-08 23:59:44.126879', '392', 'background.views.api - 2019-01-08 23:09:38.227243+00:00', 3, '', 3, 1),
(541, '2019-01-08 23:59:44.204138', '391', 'background.views.api - 2019-01-08 23:09:11.858162+00:00', 3, '', 3, 1),
(542, '2019-01-08 23:59:44.281850', '390', 'background.views.api - 2019-01-08 23:08:42.860499+00:00', 3, '', 3, 1),
(543, '2019-01-08 23:59:44.359890', '389', 'background.views.api - 2019-01-08 23:08:16.710786+00:00', 3, '', 3, 1),
(544, '2019-01-08 23:59:44.437001', '388', 'background.views.api - 2019-01-08 23:07:53.365362+00:00', 3, '', 3, 1),
(545, '2019-01-08 23:59:44.514536', '387', 'background.views.api - 2019-01-08 23:07:28.404426+00:00', 3, '', 3, 1),
(546, '2019-01-08 23:59:44.592327', '386', 'background.views.api - 2019-01-08 23:07:00.609230+00:00', 3, '', 3, 1),
(547, '2019-01-08 23:59:44.697732', '385', 'background.views.api - 2019-01-08 23:06:34.220597+00:00', 3, '', 3, 1),
(548, '2019-01-08 23:59:44.858976', '384', 'background.views.api - 2019-01-08 23:06:08.816350+00:00', 3, '', 3, 1),
(549, '2019-01-08 23:59:45.002167', '383', 'background.views.api - 2019-01-08 23:05:39.758257+00:00', 3, '', 3, 1),
(550, '2019-01-08 23:59:45.102306', '382', 'background.views.api - 2019-01-08 23:05:12.690028+00:00', 3, '', 3, 1),
(551, '2019-01-08 23:59:45.180058', '381', 'background.views.api - 2019-01-08 23:04:47.174986+00:00', 3, '', 3, 1),
(552, '2019-01-08 23:59:45.257355', '380', 'background.views.api - 2019-01-08 23:04:23.303848+00:00', 3, '', 3, 1),
(553, '2019-01-08 23:59:45.401880', '379', 'background.views.api - 2019-01-08 23:03:56.339171+00:00', 3, '', 3, 1),
(554, '2019-01-08 23:59:45.479418', '378', 'background.views.api - 2019-01-08 23:03:32.437767+00:00', 3, '', 3, 1),
(555, '2019-01-08 23:59:45.557045', '377', 'background.views.api - 2019-01-08 23:03:08.019234+00:00', 3, '', 3, 1),
(556, '2019-01-08 23:59:45.657033', '376', 'background.views.api - 2019-01-08 23:02:43.369925+00:00', 3, '', 3, 1),
(557, '2019-01-08 23:59:45.878421', '375', 'background.views.api - 2019-01-08 23:02:18.291991+00:00', 3, '', 3, 1),
(558, '2019-01-08 23:59:46.155745', '374', 'background.views.api - 2019-01-08 23:01:44.339943+00:00', 3, '', 3, 1),
(559, '2019-01-08 23:59:46.233213', '373', 'background.views.api - 2019-01-08 23:01:17.421048+00:00', 3, '', 3, 1),
(560, '2019-01-08 23:59:46.310660', '372', 'background.views.api - 2019-01-08 23:00:41.309349+00:00', 3, '', 3, 1),
(561, '2019-01-08 23:59:46.388254', '371', 'background.views.api - 2019-01-08 23:00:14.820675+00:00', 3, '', 3, 1),
(562, '2019-01-08 23:59:46.466341', '370', 'background.views.api - 2019-01-08 22:59:48.458415+00:00', 3, '', 3, 1),
(563, '2019-01-08 23:59:46.544075', '369', 'background.views.api - 2019-01-08 22:59:34.417307+00:00', 3, '', 3, 1),
(564, '2019-01-08 23:59:46.776874', '368', 'background.views.api - 2019-01-08 22:59:20.386500+00:00', 3, '', 3, 1),
(565, '2019-01-08 23:59:47.042522', '367', 'background.views.api - 2019-01-08 22:59:06.354117+00:00', 3, '', 3, 1),
(566, '2019-01-08 23:59:47.197877', '366', 'background.views.api - 2019-01-08 22:58:41.494105+00:00', 3, '', 3, 1),
(567, '2019-01-08 23:59:47.275336', '365', 'background.views.api - 2019-01-08 22:58:21.515265+00:00', 3, '', 3, 1),
(568, '2019-01-08 23:59:47.353131', '364', 'background.views.api - 2019-01-08 22:58:07.850183+00:00', 3, '', 3, 1),
(569, '2019-01-08 23:59:47.430641', '363', 'background.views.api - 2019-01-08 22:57:40.262831+00:00', 3, '', 3, 1),
(570, '2019-01-08 23:59:47.508336', '362', 'background.views.api - 2019-01-08 22:57:12.256338+00:00', 3, '', 3, 1),
(571, '2019-01-08 23:59:47.585925', '361', 'background.views.api - 2019-01-08 22:56:42.987635+00:00', 3, '', 3, 1),
(572, '2019-01-08 23:59:47.663358', '360', 'background.views.api - 2019-01-08 22:56:14.927757+00:00', 3, '', 3, 1),
(573, '2019-01-08 23:59:47.897756', '359', 'background.views.api - 2019-01-08 22:55:47.273598+00:00', 3, '', 3, 1),
(574, '2019-01-08 23:59:47.973988', '358', 'background.views.api - 2019-01-08 22:55:18.222730+00:00', 3, '', 3, 1),
(575, '2019-01-08 23:59:48.051271', '357', 'background.views.api - 2019-01-08 22:54:49.169802+00:00', 3, '', 3, 1),
(576, '2019-01-08 23:59:48.128854', '356', 'background.views.api - 2019-01-08 22:54:20.545746+00:00', 3, '', 3, 1),
(577, '2019-01-08 23:59:48.229760', '355', 'background.views.api - 2019-01-08 22:53:53.059041+00:00', 3, '', 3, 1),
(578, '2019-01-08 23:59:48.307442', '354', 'background.views.api - 2019-01-08 22:53:20.468090+00:00', 3, '', 3, 1),
(579, '2019-01-08 23:59:48.385121', '353', 'background.views.api - 2019-01-08 22:52:54.834357+00:00', 3, '', 3, 1),
(580, '2019-01-08 23:59:48.462686', '352', 'background.views.api - 2019-01-08 22:52:26.141896+00:00', 3, '', 3, 1),
(581, '2019-01-08 23:59:48.540188', '351', 'background.views.api - 2019-01-08 22:51:57.516814+00:00', 3, '', 3, 1),
(582, '2019-01-08 23:59:48.617702', '350', 'background.views.api - 2019-01-08 22:51:27.009101+00:00', 3, '', 3, 1),
(583, '2019-01-08 23:59:48.717056', '349', 'background.views.api - 2019-01-08 22:50:56.844547+00:00', 3, '', 3, 1),
(584, '2019-01-08 23:59:48.923635', '348', 'background.views.api - 2019-01-08 22:50:26.802075+00:00', 3, '', 3, 1),
(585, '2019-01-08 23:59:49.049802', '347', 'background.views.api - 2019-01-08 22:49:52.574770+00:00', 3, '', 3, 1),
(586, '2019-01-08 23:59:49.216340', '346', 'background.views.api - 2019-01-08 22:49:13.509980+00:00', 3, '', 3, 1),
(587, '2019-01-08 23:59:49.293535', '345', 'background.views.api - 2019-01-08 22:48:32.160773+00:00', 3, '', 3, 1),
(588, '2019-01-08 23:59:49.382457', '344', 'background.views.api - 2019-01-08 22:47:51.207287+00:00', 3, '', 3, 1),
(589, '2019-01-08 23:59:49.471432', '343', 'background.views.api - 2019-01-08 22:47:11.370618+00:00', 3, '', 3, 1),
(590, '2019-01-08 23:59:49.559737', '342', 'background.views.api - 2019-01-08 22:46:21.514870+00:00', 3, '', 3, 1),
(591, '2019-01-08 23:59:49.649065', '341', 'background.views.api - 2019-01-08 22:45:31.032921+00:00', 3, '', 3, 1),
(592, '2019-01-08 23:59:49.814584', '340', 'background.views.api - 2019-01-08 22:44:40.305375+00:00', 3, '', 3, 1),
(593, '2019-01-08 23:59:50.014167', '339', 'background.views.api - 2019-01-08 22:43:48.378277+00:00', 3, '', 3, 1),
(594, '2019-01-08 23:59:50.103111', '338', 'background.views.api - 2019-01-08 22:42:55.191577+00:00', 3, '', 3, 1),
(595, '2019-01-08 23:59:50.191834', '337', 'background.views.api - 2019-01-08 22:42:02.040503+00:00', 3, '', 3, 1),
(596, '2019-01-08 23:59:50.280274', '336', 'background.views.api - 2019-01-08 22:41:11.475180+00:00', 3, '', 3, 1),
(597, '2019-01-08 23:59:50.368836', '335', 'background.views.api - 2019-01-08 22:40:21.100136+00:00', 3, '', 3, 1),
(598, '2019-01-08 23:59:50.457759', '334', 'background.views.api - 2019-01-08 22:39:29.874545+00:00', 3, '', 3, 1),
(599, '2019-01-08 23:59:50.546319', '333', 'background.views.api - 2019-01-08 22:38:28.396572+00:00', 3, '', 3, 1),
(600, '2019-01-08 23:59:50.635101', '332', 'background.views.api - 2019-01-08 22:37:26.840260+00:00', 3, '', 3, 1),
(601, '2019-01-08 23:59:50.723931', '331', 'background.views.api - 2019-01-08 22:36:23.166231+00:00', 3, '', 3, 1),
(602, '2019-01-08 23:59:51.033690', '330', 'background.views.api - 2019-01-08 22:35:20.615888+00:00', 3, '', 3, 1),
(603, '2019-01-08 23:59:51.111422', '329', 'background.views.api - 2019-01-08 22:34:18.793918+00:00', 3, '', 3, 1),
(604, '2019-01-08 23:59:51.188994', '328', 'background.views.api - 2019-01-08 22:33:12.555512+00:00', 3, '', 3, 1),
(605, '2019-01-08 23:59:51.266671', '327', 'background.views.api - 2019-01-08 22:32:20.196472+00:00', 3, '', 3, 1),
(606, '2019-01-09 08:24:25.763157', '678', 'background.views.paycheck', 3, '', 4, 1),
(607, '2019-01-09 08:24:26.140095', '677', 'background.views.api', 3, '', 4, 1),
(608, '2019-01-09 08:24:26.228558', '676', 'background.views.paycheck', 3, '', 4, 1),
(609, '2019-01-09 08:24:26.317354', '675', 'background.views.api', 3, '', 4, 1),
(610, '2019-01-09 08:24:26.394767', '674', 'background.views.api', 3, '', 4, 1),
(611, '2019-01-09 08:24:26.472660', '673', 'background.views.api', 3, '', 4, 1),
(612, '2019-01-09 08:24:26.550050', '672', 'background.views.api', 3, '', 4, 1),
(613, '2019-01-09 08:24:26.627665', '668', 'background.views.paycheck', 3, '', 4, 1),
(614, '2019-01-09 08:24:26.705904', '666', 'background.views.paycheck', 3, '', 4, 1),
(615, '2019-01-09 08:24:26.783346', '641', 'background.views.api', 3, '', 4, 1),
(616, '2019-01-09 08:24:35.152756', '472', 'background.views.api - 2019-01-09 00:24:38.812378+00:00', 3, '', 3, 1),
(617, '2019-01-09 08:24:35.255451', '471', 'background.views.api - 2019-01-09 00:23:59.319239+00:00', 3, '', 3, 1),
(618, '2019-01-09 08:24:35.332308', '470', 'background.views.api - 2019-01-09 00:23:19.071978+00:00', 3, '', 3, 1),
(619, '2019-01-09 08:24:35.410422', '469', 'background.views.api - 2019-01-09 00:22:41.222423+00:00', 3, '', 3, 1),
(620, '2019-01-09 08:24:35.488031', '468', 'background.views.api - 2019-01-09 00:22:05.154657+00:00', 3, '', 3, 1),
(621, '2019-01-09 08:24:35.566060', '467', 'background.views.api - 2019-01-09 00:21:21.098859+00:00', 3, '', 3, 1),
(622, '2019-01-09 08:24:35.643141', '466', 'background.views.paycheck - 2019-01-09 00:20:41.280080+00:00', 3, '', 3, 1),
(623, '2019-01-09 08:24:35.720772', '465', 'background.views.api - 2019-01-09 00:20:39.518062+00:00', 3, '', 3, 1),
(624, '2019-01-09 08:24:35.798247', '464', 'background.views.paycheck - 2019-01-09 00:19:58.847407+00:00', 3, '', 3, 1),
(625, '2019-01-09 08:24:35.898823', '463', 'background.views.api - 2019-01-09 00:19:57.916865+00:00', 3, '', 3, 1),
(626, '2019-01-09 08:24:35.976873', '462', 'background.views.api - 2019-01-09 00:19:18.042955+00:00', 3, '', 3, 1),
(627, '2019-01-09 08:24:36.054236', '461', 'background.views.api - 2019-01-09 00:18:53.305364+00:00', 3, '', 3, 1),
(628, '2019-01-09 08:24:36.132278', '460', 'background.views.api - 2019-01-09 00:18:27.316337+00:00', 3, '', 3, 1),
(629, '2019-01-09 08:24:36.209452', '459', 'background.views.api - 2019-01-09 00:18:00.783724+00:00', 3, '', 3, 1),
(630, '2019-01-09 08:24:36.287313', '458', 'background.views.api - 2019-01-09 00:17:34.706156+00:00', 3, '', 3, 1),
(631, '2019-01-09 08:24:36.397739', '457', 'background.views.api - 2019-01-09 00:17:08.307062+00:00', 3, '', 3, 1),
(632, '2019-01-09 08:24:36.475690', '456', 'background.views.api - 2019-01-09 00:16:41.882473+00:00', 3, '', 3, 1),
(633, '2019-01-09 08:24:36.553237', '455', 'background.views.api - 2019-01-09 00:16:11.674700+00:00', 3, '', 3, 1),
(634, '2019-01-09 08:24:36.630643', '454', 'background.views.api - 2019-01-09 00:15:53.971878+00:00', 3, '', 3, 1),
(635, '2019-01-09 08:24:36.708311', '453', 'background.views.api - 2019-01-09 00:15:37.798161+00:00', 3, '', 3, 1),
(636, '2019-01-09 08:24:36.786049', '452', 'background.views.api - 2019-01-09 00:15:22.470056+00:00', 3, '', 3, 1),
(637, '2019-01-09 08:24:36.863683', '451', 'background.views.api - 2019-01-09 00:15:02.523832+00:00', 3, '', 3, 1),
(638, '2019-01-09 08:24:36.941263', '450', 'background.views.api - 2019-01-09 00:14:53.706063+00:00', 3, '', 3, 1),
(639, '2019-01-09 08:24:37.018436', '449', 'background.views.paycheck - 2019-01-09 00:14:49.859770+00:00', 3, '', 3, 1),
(640, '2019-01-09 08:24:37.251374', '448', 'background.views.api - 2019-01-09 00:14:49.202533+00:00', 3, '', 3, 1),
(641, '2019-01-09 08:24:37.328992', '447', 'background.views.api - 2019-01-09 00:14:33.734084+00:00', 3, '', 3, 1),
(642, '2019-01-09 08:24:37.406433', '446', 'background.views.paycheck - 2019-01-09 00:14:18.104626+00:00', 3, '', 3, 1),
(643, '2019-01-09 08:24:37.484304', '445', 'background.views.api - 2019-01-09 00:14:17.484132+00:00', 3, '', 3, 1),
(644, '2019-01-09 08:24:37.561501', '444', 'background.views.api - 2019-01-09 00:13:49.221165+00:00', 3, '', 3, 1),
(645, '2019-01-09 08:24:37.817280', '443', 'background.views.api - 2019-01-09 00:13:05.886220+00:00', 3, '', 3, 1),
(646, '2019-01-09 08:24:37.894843', '442', 'background.views.api - 2019-01-09 00:13:04.652577+00:00', 3, '', 3, 1),
(647, '2019-01-09 08:24:37.972338', '441', 'background.views.api - 2019-01-09 00:13:03.455978+00:00', 3, '', 3, 1),
(648, '2019-01-09 08:24:38.049798', '440', 'background.views.api - 2019-01-09 00:12:48.894721+00:00', 3, '', 3, 1),
(649, '2019-01-09 08:24:38.127665', '439', 'background.views.api - 2019-01-09 00:12:31.325804+00:00', 3, '', 3, 1),
(650, '2019-01-09 08:24:38.215571', '438', 'background.views.api - 2019-01-09 00:12:18.381832+00:00', 3, '', 3, 1),
(651, '2019-01-09 08:24:38.293405', '437', 'background.views.api - 2019-01-09 00:12:00.541660+00:00', 3, '', 3, 1),
(652, '2019-01-09 08:24:38.381923', '436', 'background.views.api - 2019-01-09 00:11:47.286309+00:00', 3, '', 3, 1),
(653, '2019-01-09 08:24:38.459830', '435', 'background.views.api - 2019-01-09 00:11:33.420763+00:00', 3, '', 3, 1),
(654, '2019-01-09 08:24:38.548508', '434', 'background.views.api - 2019-01-09 00:11:19.408905+00:00', 3, '', 3, 1),
(655, '2019-01-09 08:24:38.625992', '433', 'background.views.api - 2019-01-09 00:11:01.546133+00:00', 3, '', 3, 1),
(656, '2019-01-09 08:24:38.714761', '432', 'background.views.api - 2019-01-09 00:10:48.522067+00:00', 3, '', 3, 1),
(657, '2019-01-09 08:24:38.792457', '431', 'background.views.api - 2019-01-09 00:10:27.306206+00:00', 3, '', 3, 1),
(658, '2019-01-09 08:24:38.881132', '430', 'background.views.api - 2019-01-09 00:10:14.318627+00:00', 3, '', 3, 1),
(659, '2019-01-09 08:24:38.958619', '429', 'background.views.api - 2019-01-09 00:09:58.474232+00:00', 3, '', 3, 1),
(660, '2019-01-09 08:24:39.047282', '428', 'background.views.api - 2019-01-09 00:09:46.337182+00:00', 3, '', 3, 1),
(661, '2019-01-09 08:24:39.136183', '427', 'background.views.api - 2019-01-09 00:09:30.060750+00:00', 3, '', 3, 1),
(662, '2019-01-09 08:24:39.224891', '426', 'background.views.api - 2019-01-09 00:09:18.379388+00:00', 3, '', 3, 1),
(663, '2019-01-09 08:24:39.313448', '425', 'background.views.api - 2019-01-09 00:08:57.365224+00:00', 3, '', 3, 1),
(664, '2019-01-09 08:24:39.401575', '424', 'background.views.api - 2019-01-09 00:08:45.329428+00:00', 3, '', 3, 1),
(665, '2019-01-09 08:24:39.490223', '423', 'background.views.api - 2019-01-09 00:08:28.756813+00:00', 3, '', 3, 1),
(666, '2019-01-09 08:24:39.579231', '422', 'background.views.api - 2019-01-09 00:08:16.947503+00:00', 3, '', 3, 1),
(667, '2019-01-09 08:24:39.667867', '421', 'background.views.api - 2019-01-09 00:07:55.999617+00:00', 3, '', 3, 1),
(668, '2019-01-09 08:24:39.756489', '420', 'background.views.api - 2019-01-09 00:07:44.119096+00:00', 3, '', 3, 1),
(669, '2019-01-09 08:24:39.878619', '419', 'background.views.api - 2019-01-09 00:07:28.227481+00:00', 3, '', 3, 1),
(670, '2019-01-09 08:24:39.967130', '418', 'background.views.api - 2019-01-09 00:07:16.324232+00:00', 3, '', 3, 1),
(671, '2019-01-09 08:24:40.222121', '417', 'background.views.api - 2019-01-09 00:07:00.168834+00:00', 3, '', 3, 1),
(672, '2019-01-09 08:24:40.299465', '416', 'background.views.api - 2019-01-09 00:06:48.342846+00:00', 3, '', 3, 1),
(673, '2019-01-09 08:24:40.377445', '415', 'background.views.api - 2019-01-09 00:06:26.830586+00:00', 3, '', 3, 1),
(674, '2019-01-09 08:24:40.454350', '414', 'background.views.api - 2019-01-09 00:06:14.305628+00:00', 3, '', 3, 1),
(675, '2019-01-09 08:24:40.532384', '413', 'background.views.api - 2019-01-09 00:05:49.346001+00:00', 3, '', 3, 1),
(676, '2019-01-09 08:24:40.610062', '412', 'background.views.api - 2019-01-09 00:05:21.319624+00:00', 3, '', 3, 1),
(677, '2019-01-09 08:24:40.687324', '411', 'background.views.api - 2019-01-09 00:04:56.424286+00:00', 3, '', 3, 1),
(678, '2019-01-09 08:24:40.765211', '410', 'background.views.api - 2019-01-09 00:04:32.767790+00:00', 3, '', 3, 1),
(679, '2019-01-09 08:24:40.842430', '409', 'background.views.api - 2019-01-09 00:04:07.007714+00:00', 3, '', 3, 1),
(680, '2019-01-09 08:24:40.920422', '408', 'background.views.api - 2019-01-09 00:03:42.091185+00:00', 3, '', 3, 1),
(681, '2019-01-09 08:24:40.997789', '407', 'background.views.api - 2019-01-09 00:03:17.547720+00:00', 3, '', 3, 1),
(682, '2019-01-09 08:24:41.075286', '406', 'background.views.api - 2019-01-09 00:02:51.223627+00:00', 3, '', 3, 1),
(683, '2019-01-09 08:24:41.152933', '405', 'background.views.api - 2019-01-09 00:02:27.083155+00:00', 3, '', 3, 1),
(684, '2019-01-09 08:24:41.230588', '404', 'background.views.api - 2019-01-09 00:02:01.666405+00:00', 3, '', 3, 1),
(685, '2019-01-09 08:24:41.308278', '403', 'background.views.api - 2019-01-09 00:01:21.509642+00:00', 3, '', 3, 1),
(686, '2019-01-09 08:24:41.385747', '402', 'background.views.api - 2019-01-09 00:00:42.645324+00:00', 3, '', 3, 1),
(687, '2019-01-09 10:21:09.587048', '1', 'Settings object (1)', 2, '[{\"changed\": {\"fields\": [\"num_of_objects_per_page\"]}}]', 12, 1),
(688, '2019-01-09 10:35:23.325475', '1', 'marin Profile', 2, '[{\"changed\": {\"fields\": [\"coin\"]}}]', 2, 1),
(689, '2019-01-09 11:22:19.569162', '956', 'background.views.paycheck', 3, '', 4, 1),
(690, '2019-01-09 11:22:19.797076', '955', 'background.views.api', 3, '', 4, 1),
(691, '2019-01-09 11:22:19.874597', '954', 'background.views.paycheck', 3, '', 4, 1),
(692, '2019-01-09 11:22:19.985389', '953', 'background.views.api', 3, '', 4, 1),
(693, '2019-01-09 11:22:20.062952', '952', 'background.views.paycheck', 3, '', 4, 1),
(694, '2019-01-09 11:22:20.140323', '951', 'background.views.paycheck', 3, '', 4, 1),
(695, '2019-01-09 11:22:20.217602', '950', 'background.views.api', 3, '', 4, 1),
(696, '2019-01-09 11:22:20.295697', '949', 'background.views.paycheck', 3, '', 4, 1),
(697, '2019-01-09 11:22:20.373166', '948', 'background.views.paycheck', 3, '', 4, 1),
(698, '2019-01-09 11:22:20.450464', '947', 'background.views.api', 3, '', 4, 1),
(699, '2019-01-09 11:22:20.528167', '946', 'background.views.api', 3, '', 4, 1),
(700, '2019-01-09 11:22:20.605944', '945', 'background.views.api', 3, '', 4, 1),
(701, '2019-01-09 11:22:20.683482', '944', 'background.views.paycheck', 3, '', 4, 1),
(702, '2019-01-09 11:22:20.761357', '943', 'background.views.paycheck', 3, '', 4, 1),
(703, '2019-01-09 11:22:20.838784', '942', 'background.views.api', 3, '', 4, 1),
(704, '2019-01-09 11:22:20.916277', '941', 'background.views.paycheck', 3, '', 4, 1),
(705, '2019-01-09 11:22:20.994140', '940', 'background.views.api', 3, '', 4, 1),
(706, '2019-01-09 11:22:21.071464', '939', 'background.views.paycheck', 3, '', 4, 1),
(707, '2019-01-09 11:22:21.149053', '938', 'background.views.paycheck', 3, '', 4, 1),
(708, '2019-01-09 11:22:21.226525', '937', 'background.views.api', 3, '', 4, 1),
(709, '2019-01-09 11:22:21.315380', '936', 'background.views.api', 3, '', 4, 1),
(710, '2019-01-09 11:22:21.392951', '935', 'background.views.api', 3, '', 4, 1),
(711, '2019-01-09 11:22:21.481646', '934', 'background.views.api', 3, '', 4, 1),
(712, '2019-01-09 11:22:21.570386', '933', 'background.views.paycheck', 3, '', 4, 1),
(713, '2019-01-09 11:22:21.658937', '932', 'background.views.api', 3, '', 4, 1),
(714, '2019-01-09 11:22:21.747679', '931', 'background.views.paycheck', 3, '', 4, 1),
(715, '2019-01-09 11:22:40.119476', '724', 'background.views.paycheck - 2019-01-09 11:00:52.417912+00:00', 3, '', 3, 1),
(716, '2019-01-09 11:22:40.316158', '723', 'background.views.api - 2019-01-09 11:00:51.664097+00:00', 3, '', 3, 1),
(717, '2019-01-09 11:22:40.415905', '722', 'background.views.paycheck - 2019-01-09 11:00:26.949562+00:00', 3, '', 3, 1),
(718, '2019-01-09 11:22:40.493443', '721', 'background.views.paycheck - 2019-01-09 11:00:26.511231+00:00', 3, '', 3, 1),
(719, '2019-01-09 11:22:40.571061', '720', 'background.views.api - 2019-01-09 11:00:25.823910+00:00', 3, '', 3, 1),
(720, '2019-01-09 11:22:40.648387', '719', 'background.views.paycheck - 2019-01-09 11:00:02.701832+00:00', 3, '', 3, 1),
(721, '2019-01-09 11:22:40.726006', '718', 'background.views.paycheck - 2019-01-09 11:00:02.048084+00:00', 3, '', 3, 1),
(722, '2019-01-09 11:22:40.803711', '717', 'background.views.api - 2019-01-09 11:00:00.684767+00:00', 3, '', 3, 1),
(723, '2019-01-09 11:22:40.881372', '716', 'background.views.api - 2019-01-09 10:59:36.498432+00:00', 3, '', 3, 1),
(724, '2019-01-09 11:22:40.958950', '715', 'background.views.api - 2019-01-09 10:59:07.349496+00:00', 3, '', 3, 1),
(725, '2019-01-09 11:22:41.036606', '714', 'background.views.paycheck - 2019-01-09 10:58:34.459715+00:00', 3, '', 3, 1),
(726, '2019-01-09 11:22:41.114044', '713', 'background.views.paycheck - 2019-01-09 10:58:33.759550+00:00', 3, '', 3, 1),
(727, '2019-01-09 11:22:41.191573', '712', 'background.views.api - 2019-01-09 10:58:32.686673+00:00', 3, '', 3, 1),
(728, '2019-01-09 11:22:41.269040', '711', 'background.views.paycheck - 2019-01-09 10:58:01.068585+00:00', 3, '', 3, 1),
(729, '2019-01-09 11:22:41.346691', '710', 'background.views.api - 2019-01-09 10:58:00.148768+00:00', 3, '', 3, 1),
(730, '2019-01-09 11:22:41.424484', '709', 'background.views.paycheck - 2019-01-09 10:57:35.852189+00:00', 3, '', 3, 1),
(731, '2019-01-09 11:22:41.501862', '708', 'background.views.paycheck - 2019-01-09 10:57:35.098507+00:00', 3, '', 3, 1),
(732, '2019-01-09 11:22:41.634849', '707', 'background.views.api - 2019-01-09 10:57:33.734509+00:00', 3, '', 3, 1),
(733, '2019-01-09 11:22:41.712963', '706', 'background.views.api - 2019-01-09 10:57:08.164197+00:00', 3, '', 3, 1),
(734, '2019-01-09 11:22:41.790498', '705', 'background.views.api - 2019-01-09 10:56:37.417362+00:00', 3, '', 3, 1),
(735, '2019-01-09 11:22:41.867955', '704', 'background.views.api - 2019-01-09 10:56:13.041234+00:00', 3, '', 3, 1),
(736, '2019-01-09 11:22:41.945470', '703', 'background.views.paycheck - 2019-01-09 10:55:49.309018+00:00', 3, '', 3, 1),
(737, '2019-01-09 11:22:42.023358', '702', 'background.views.api - 2019-01-09 10:55:48.244855+00:00', 3, '', 3, 1),
(738, '2019-01-09 11:22:42.100951', '701', 'background.views.paycheck - 2019-01-09 10:55:12.679084+00:00', 3, '', 3, 1),
(739, '2019-01-09 11:22:42.178436', '700', 'background.views.api - 2019-01-09 10:55:11.875783+00:00', 3, '', 3, 1),
(740, '2019-01-09 11:22:42.256001', '699', 'background.views.paycheck - 2019-01-09 10:54:31.839224+00:00', 3, '', 3, 1),
(741, '2019-01-09 11:22:42.333611', '698', 'background.views.api - 2019-01-09 10:54:30.832752+00:00', 3, '', 3, 1),
(742, '2019-01-09 11:22:42.411333', '697', 'background.views.paycheck - 2019-01-09 10:53:36.794094+00:00', 3, '', 3, 1),
(743, '2019-01-09 11:22:42.488771', '696', 'background.views.paycheck - 2019-01-09 10:53:36.273498+00:00', 3, '', 3, 1),
(744, '2019-01-09 11:22:42.566371', '695', 'background.views.paycheck - 2019-01-09 10:53:35.675131+00:00', 3, '', 3, 1),
(745, '2019-01-09 11:22:42.766019', '694', 'background.views.paycheck - 2019-01-09 10:53:34.799773+00:00', 3, '', 3, 1),
(746, '2019-01-09 11:22:42.843587', '693', 'background.views.api - 2019-01-09 10:53:33.757613+00:00', 3, '', 3, 1),
(747, '2019-01-09 11:22:42.920994', '692', 'background.views.api - 2019-01-09 10:52:39.016156+00:00', 3, '', 3, 1),
(748, '2019-01-09 11:22:43.026675', '691', 'background.views.api - 2019-01-09 10:51:30.298034+00:00', 3, '', 3, 1),
(749, '2019-01-09 11:22:43.109532', '690', 'background.views.paycheck - 2019-01-09 10:50:05.475088+00:00', 3, '', 3, 1),
(750, '2019-01-09 11:22:43.187058', '689', 'background.views.api - 2019-01-09 10:50:04.300352+00:00', 3, '', 3, 1),
(751, '2019-01-09 11:22:43.264652', '688', 'background.views.paycheck - 2019-01-09 10:48:52.171642+00:00', 3, '', 3, 1),
(752, '2019-01-09 11:22:43.365139', '687', 'background.views.api - 2019-01-09 10:48:51.229702+00:00', 3, '', 3, 1),
(753, '2019-01-09 11:22:43.442908', '686', 'background.views.paycheck - 2019-01-09 10:47:29.370670+00:00', 3, '', 3, 1),
(754, '2019-01-09 11:22:43.520706', '685', 'background.views.api - 2019-01-09 10:47:28.362287+00:00', 3, '', 3, 1),
(755, '2019-01-09 11:22:43.598765', '684', 'background.views.paycheck - 2019-01-09 10:46:08.928695+00:00', 3, '', 3, 1),
(756, '2019-01-09 11:22:43.675469', '683', 'background.views.api - 2019-01-09 10:46:08.252801+00:00', 3, '', 3, 1),
(757, '2019-01-09 11:22:43.753564', '682', 'background.views.api - 2019-01-09 10:44:49.777738+00:00', 3, '', 3, 1),
(758, '2019-01-09 11:22:43.830896', '681', 'background.views.paycheck - 2019-01-09 10:43:24.052305+00:00', 3, '', 3, 1),
(759, '2019-01-09 11:22:43.908335', '680', 'background.views.api - 2019-01-09 10:43:22.611517+00:00', 3, '', 3, 1),
(760, '2019-01-09 11:22:43.986340', '679', 'background.views.paycheck - 2019-01-09 10:41:55.247012+00:00', 3, '', 3, 1),
(761, '2019-01-09 11:22:44.063387', '678', 'background.views.api - 2019-01-09 10:41:54.315877+00:00', 3, '', 3, 1),
(762, '2019-01-09 11:22:44.141410', '677', 'background.views.api - 2019-01-09 10:40:32.077197+00:00', 3, '', 3, 1),
(763, '2019-01-09 11:22:44.240651', '676', 'background.views.paycheck - 2019-01-09 10:39:06.489406+00:00', 3, '', 3, 1),
(764, '2019-01-09 11:22:44.319022', '675', 'background.views.api - 2019-01-09 10:39:05.619837+00:00', 3, '', 3, 1),
(765, '2019-01-09 11:22:44.396705', '674', 'background.views.api - 2019-01-09 10:37:42.576325+00:00', 3, '', 3, 1),
(766, '2019-01-09 11:22:44.629303', '673', 'background.views.paycheck - 2019-01-09 10:36:14.902380+00:00', 3, '', 3, 1),
(767, '2019-01-09 11:22:44.706567', '672', 'background.views.paycheck - 2019-01-09 10:36:14.469127+00:00', 3, '', 3, 1),
(768, '2019-01-09 11:22:44.795683', '671', 'background.views.paycheck - 2019-01-09 10:36:13.637953+00:00', 3, '', 3, 1),
(769, '2019-01-09 11:22:44.884214', '670', 'background.views.paycheck - 2019-01-09 10:36:12.850980+00:00', 3, '', 3, 1),
(770, '2019-01-09 11:22:44.972823', '669', 'background.views.api - 2019-01-09 10:36:12.221172+00:00', 3, '', 3, 1),
(771, '2019-01-09 11:22:45.061720', '668', 'background.views.api - 2019-01-09 10:34:53.817201+00:00', 3, '', 3, 1),
(772, '2019-01-09 11:22:45.150312', '667', 'background.views.api - 2019-01-09 10:33:45.403655+00:00', 3, '', 3, 1),
(773, '2019-01-09 11:22:45.238889', '666', 'background.views.api - 2019-01-09 10:32:35.616890+00:00', 3, '', 3, 1),
(774, '2019-01-09 11:22:45.327571', '665', 'background.views.paycheck - 2019-01-09 10:31:17.863888+00:00', 3, '', 3, 1),
(775, '2019-01-09 11:22:45.416284', '664', 'background.views.api - 2019-01-09 10:31:16.700245+00:00', 3, '', 3, 1),
(776, '2019-01-09 11:22:45.505019', '663', 'background.views.paycheck - 2019-01-09 10:30:04.547378+00:00', 3, '', 3, 1),
(777, '2019-01-09 11:22:45.593676', '662', 'background.views.api - 2019-01-09 10:30:03.549515+00:00', 3, '', 3, 1),
(778, '2019-01-09 11:22:45.682858', '661', 'background.views.paycheck - 2019-01-09 10:28:42.440500+00:00', 3, '', 3, 1),
(779, '2019-01-09 11:22:45.770717', '660', 'background.views.paycheck - 2019-01-09 10:28:41.554543+00:00', 3, '', 3, 1),
(780, '2019-01-09 11:22:45.859498', '659', 'background.views.api - 2019-01-09 10:28:40.667013+00:00', 3, '', 3, 1),
(781, '2019-01-09 11:22:45.948331', '658', 'background.views.paycheck - 2019-01-09 10:27:21.023787+00:00', 3, '', 3, 1),
(782, '2019-01-09 11:22:46.036974', '657', 'background.views.api - 2019-01-09 10:27:20.103516+00:00', 3, '', 3, 1),
(783, '2019-01-09 11:22:46.125711', '656', 'background.views.api - 2019-01-09 10:26:08.448075+00:00', 3, '', 3, 1),
(784, '2019-01-09 11:22:46.236370', '655', 'background.views.api - 2019-01-09 10:24:57.520420+00:00', 3, '', 3, 1),
(785, '2019-01-09 11:22:46.324752', '654', 'background.views.api - 2019-01-09 10:23:47.152103+00:00', 3, '', 3, 1),
(786, '2019-01-09 11:22:46.712210', '653', 'background.views.api - 2019-01-09 10:22:38.377721+00:00', 3, '', 3, 1),
(787, '2019-01-09 11:22:46.789950', '652', 'background.views.paycheck - 2019-01-09 10:21:25.851015+00:00', 3, '', 3, 1),
(788, '2019-01-09 11:22:46.867825', '651', 'background.views.paycheck - 2019-01-09 10:21:25.286036+00:00', 3, '', 3, 1),
(789, '2019-01-09 11:22:46.945514', '650', 'background.views.api - 2019-01-09 10:21:23.834125+00:00', 3, '', 3, 1),
(790, '2019-01-09 11:22:47.023016', '649', 'background.views.api - 2019-01-09 10:20:08.954298+00:00', 3, '', 3, 1),
(791, '2019-01-09 11:22:47.100628', '648', 'background.views.api - 2019-01-09 10:18:58.099839+00:00', 3, '', 3, 1),
(792, '2019-01-09 11:22:47.178111', '647', 'background.views.paycheck - 2019-01-09 10:17:36.661417+00:00', 3, '', 3, 1),
(793, '2019-01-09 11:22:47.255689', '646', 'background.views.api - 2019-01-09 10:17:35.776173+00:00', 3, '', 3, 1),
(794, '2019-01-09 11:22:47.333337', '645', 'background.views.paycheck - 2019-01-09 10:16:10.048839+00:00', 3, '', 3, 1),
(795, '2019-01-09 11:22:47.410794', '644', 'background.views.api - 2019-01-09 10:16:09.151451+00:00', 3, '', 3, 1),
(796, '2019-01-09 11:22:47.488335', '643', 'background.views.api - 2019-01-09 10:14:45.788749+00:00', 3, '', 3, 1),
(797, '2019-01-09 11:22:47.566161', '642', 'background.views.api - 2019-01-09 10:13:21.730998+00:00', 3, '', 3, 1),
(798, '2019-01-09 11:22:47.643858', '641', 'background.views.paycheck - 2019-01-09 10:11:55.080485+00:00', 3, '', 3, 1),
(799, '2019-01-09 11:22:47.721255', '640', 'background.views.paycheck - 2019-01-09 10:11:54.271500+00:00', 3, '', 3, 1),
(800, '2019-01-09 11:22:47.798566', '639', 'background.views.api - 2019-01-09 10:11:52.987430+00:00', 3, '', 3, 1),
(801, '2019-01-09 11:22:47.876555', '638', 'background.views.api - 2019-01-09 10:10:27.447348+00:00', 3, '', 3, 1),
(802, '2019-01-09 11:22:47.954174', '637', 'background.views.api - 2019-01-09 10:09:02.901534+00:00', 3, '', 3, 1),
(803, '2019-01-09 11:22:48.031860', '636', 'background.views.paycheck - 2019-01-09 10:07:39.688717+00:00', 3, '', 3, 1),
(804, '2019-01-09 11:22:48.109236', '635', 'background.views.paycheck - 2019-01-09 10:07:39.211807+00:00', 3, '', 3, 1),
(805, '2019-01-09 11:22:48.187067', '634', 'background.views.api - 2019-01-09 10:07:37.937461+00:00', 3, '', 3, 1),
(806, '2019-01-09 11:22:48.263982', '633', 'background.views.api - 2019-01-09 10:05:58.840481+00:00', 3, '', 3, 1),
(807, '2019-01-09 11:22:48.341958', '632', 'background.views.api - 2019-01-09 10:04:18.057521+00:00', 3, '', 3, 1),
(808, '2019-01-09 11:22:48.419631', '631', 'background.views.api - 2019-01-09 10:02:34.319771+00:00', 3, '', 3, 1),
(809, '2019-01-09 11:22:48.497316', '630', 'background.views.api - 2019-01-09 10:02:32.822917+00:00', 3, '', 3, 1),
(810, '2019-01-09 11:22:48.574877', '629', 'background.views.paycheck - 2019-01-09 10:01:23.862401+00:00', 3, '', 3, 1),
(811, '2019-01-09 11:22:48.652307', '628', 'background.views.paycheck - 2019-01-09 10:01:23.109179+00:00', 3, '', 3, 1),
(812, '2019-01-09 11:22:48.729881', '627', 'background.views.api - 2019-01-09 10:01:22.156597+00:00', 3, '', 3, 1),
(813, '2019-01-09 11:22:48.807252', '626', 'background.views.api - 2019-01-09 10:00:25.525492+00:00', 3, '', 3, 1),
(814, '2019-01-09 11:22:48.885242', '625', 'background.views.api - 2019-01-09 09:59:24.809018+00:00', 3, '', 3, 1),
(815, '2019-01-09 11:22:48.962783', '624', 'background.views.api - 2019-01-09 09:58:39.548579+00:00', 3, '', 3, 1),
(816, '2019-01-09 11:22:49.040238', '623', 'background.views.api - 2019-01-09 09:57:38.386122+00:00', 3, '', 3, 1),
(817, '2019-01-09 11:22:49.117395', '622', 'background.views.api - 2019-01-09 09:57:37.244717+00:00', 3, '', 3, 1),
(818, '2019-01-09 11:22:49.195372', '621', 'background.views.api - 2019-01-09 09:56:55.702242+00:00', 3, '', 3, 1),
(819, '2019-01-09 11:22:49.273255', '620', 'background.views.api - 2019-01-09 09:56:13.787221+00:00', 3, '', 3, 1),
(820, '2019-01-09 11:22:49.350876', '619', 'background.views.paycheck - 2019-01-09 09:55:43.551244+00:00', 3, '', 3, 1),
(821, '2019-01-09 11:22:49.428357', '618', 'background.views.paycheck - 2019-01-09 09:55:42.719566+00:00', 3, '', 3, 1),
(822, '2019-01-09 11:22:49.535782', '617', 'background.views.api - 2019-01-09 09:55:41.666622+00:00', 3, '', 3, 1),
(823, '2019-01-09 11:22:49.616587', '616', 'background.views.api - 2019-01-09 09:55:13.681258+00:00', 3, '', 3, 1),
(824, '2019-01-09 11:22:49.694312', '615', 'background.views.api - 2019-01-09 09:54:43.077845+00:00', 3, '', 3, 1),
(825, '2019-01-09 11:22:49.771328', '614', 'background.views.api - 2019-01-09 09:54:16.071319+00:00', 3, '', 3, 1),
(826, '2019-01-09 11:22:49.849410', '613', 'background.views.api - 2019-01-09 09:53:51.868057+00:00', 3, '', 3, 1),
(827, '2019-01-09 11:22:49.926903', '612', 'background.views.api - 2019-01-09 09:53:27.725243+00:00', 3, '', 3, 1),
(828, '2019-01-09 11:22:50.004555', '611', 'background.views.api - 2019-01-09 09:53:04.957279+00:00', 3, '', 3, 1),
(829, '2019-01-09 11:22:50.082384', '610', 'background.views.api - 2019-01-09 09:52:36.990042+00:00', 3, '', 3, 1),
(830, '2019-01-09 11:22:50.159726', '609', 'background.views.api - 2019-01-09 09:52:11.940338+00:00', 3, '', 3, 1),
(831, '2019-01-09 11:22:50.237299', '608', 'background.views.api - 2019-01-09 09:51:44.683731+00:00', 3, '', 3, 1),
(832, '2019-01-09 11:22:50.315048', '607', 'background.views.api - 2019-01-09 09:51:15.661920+00:00', 3, '', 3, 1),
(833, '2019-01-09 11:22:50.392595', '606', 'background.views.paycheck - 2019-01-09 09:50:51.622678+00:00', 3, '', 3, 1),
(834, '2019-01-09 11:22:50.469976', '605', 'background.views.api - 2019-01-09 09:50:50.935481+00:00', 3, '', 3, 1),
(835, '2019-01-09 11:22:50.547705', '604', 'background.views.paycheck - 2019-01-09 09:50:26.819443+00:00', 3, '', 3, 1),
(836, '2019-01-09 11:22:50.625393', '603', 'background.views.api - 2019-01-09 09:50:25.778539+00:00', 3, '', 3, 1),
(837, '2019-01-09 11:22:50.703080', '602', 'background.views.api - 2019-01-09 09:49:54.655634+00:00', 3, '', 3, 1),
(838, '2019-01-09 11:22:50.780028', '601', 'background.views.api - 2019-01-09 09:49:28.198685+00:00', 3, '', 3, 1),
(839, '2019-01-09 11:22:50.857757', '600', 'background.views.api - 2019-01-09 09:49:02.262874+00:00', 3, '', 3, 1),
(840, '2019-01-09 11:22:50.935872', '599', 'background.views.api - 2019-01-09 09:48:36.706473+00:00', 3, '', 3, 1),
(841, '2019-01-09 11:22:51.013042', '598', 'background.views.api - 2019-01-09 09:48:10.585352+00:00', 3, '', 3, 1),
(842, '2019-01-09 11:22:51.090553', '597', 'background.views.api - 2019-01-09 09:47:30.449199+00:00', 3, '', 3, 1),
(843, '2019-01-09 11:22:51.168521', '596', 'background.views.api - 2019-01-09 09:46:50.270470+00:00', 3, '', 3, 1),
(844, '2019-01-09 11:22:51.245883', '595', 'background.views.paycheck - 2019-01-09 09:46:10.738389+00:00', 3, '', 3, 1),
(845, '2019-01-09 11:22:51.323545', '594', 'background.views.api - 2019-01-09 09:46:09.803818+00:00', 3, '', 3, 1),
(846, '2019-01-09 11:22:51.401174', '593', 'background.views.paycheck - 2019-01-09 09:45:29.997783+00:00', 3, '', 3, 1),
(847, '2019-01-09 11:22:51.478737', '592', 'background.views.api - 2019-01-09 09:45:28.822774+00:00', 3, '', 3, 1),
(848, '2019-01-09 11:22:51.556321', '591', 'background.views.api - 2019-01-09 09:44:47.437235+00:00', 3, '', 3, 1),
(849, '2019-01-09 11:22:51.634041', '590', 'background.views.api - 2019-01-09 09:44:05.938099+00:00', 3, '', 3, 1),
(850, '2019-01-09 11:22:51.711431', '589', 'background.views.api - 2019-01-09 09:43:31.401175+00:00', 3, '', 3, 1),
(851, '2019-01-09 11:22:51.789004', '588', 'background.views.api - 2019-01-09 09:42:40.508039+00:00', 3, '', 3, 1),
(852, '2019-01-09 11:22:51.866714', '587', 'background.views.paycheck - 2019-01-09 09:41:35.821312+00:00', 3, '', 3, 1),
(853, '2019-01-09 11:22:51.944271', '586', 'background.views.paycheck - 2019-01-09 09:41:34.934904+00:00', 3, '', 3, 1),
(854, '2019-01-09 11:22:52.021969', '585', 'background.views.api - 2019-01-09 09:41:33.516785+00:00', 3, '', 3, 1),
(855, '2019-01-09 11:22:52.099245', '584', 'background.views.api - 2019-01-09 09:40:22.118956+00:00', 3, '', 3, 1),
(856, '2019-01-09 11:22:52.176999', '583', 'background.views.api - 2019-01-09 09:38:56.748136+00:00', 3, '', 3, 1),
(857, '2019-01-09 11:22:52.277998', '582', 'background.views.paycheck - 2019-01-09 09:37:33.163931+00:00', 3, '', 3, 1),
(858, '2019-01-09 11:22:52.355555', '581', 'background.views.paycheck - 2019-01-09 09:37:32.587535+00:00', 3, '', 3, 1),
(859, '2019-01-09 11:22:52.433141', '580', 'background.views.api - 2019-01-09 09:37:31.523535+00:00', 3, '', 3, 1),
(860, '2019-01-09 11:22:52.510665', '579', 'background.views.api - 2019-01-09 09:36:08.335177+00:00', 3, '', 3, 1),
(861, '2019-01-09 11:22:52.588330', '578', 'background.views.api - 2019-01-09 09:34:45.013101+00:00', 3, '', 3, 1),
(862, '2019-01-09 11:22:52.677207', '577', 'background.views.api - 2019-01-09 09:33:23.273698+00:00', 3, '', 3, 1),
(863, '2019-01-09 11:22:52.754630', '576', 'background.views.paycheck - 2019-01-09 09:32:00.250344+00:00', 3, '', 3, 1),
(864, '2019-01-09 11:22:52.843038', '575', 'background.views.paycheck - 2019-01-09 09:31:58.684306+00:00', 3, '', 3, 1),
(865, '2019-01-09 11:22:52.942552', '574', 'background.views.api - 2019-01-09 09:31:57.768171+00:00', 3, '', 3, 1),
(866, '2019-01-09 11:22:53.031612', '573', 'background.views.api - 2019-01-09 09:30:30.873958+00:00', 3, '', 3, 1),
(867, '2019-01-09 11:22:53.109227', '572', 'background.views.api - 2019-01-09 09:29:01.170007+00:00', 3, '', 3, 1),
(868, '2019-01-09 11:22:53.197919', '571', 'background.views.paycheck - 2019-01-09 09:27:36.339199+00:00', 3, '', 3, 1),
(869, '2019-01-09 11:22:53.286519', '570', 'background.views.api - 2019-01-09 09:27:35.464011+00:00', 3, '', 3, 1),
(870, '2019-01-09 11:22:53.375212', '569', 'background.views.paycheck - 2019-01-09 09:26:11.376614+00:00', 3, '', 3, 1),
(871, '2019-01-09 11:22:53.464048', '568', 'background.views.api - 2019-01-09 09:26:10.523209+00:00', 3, '', 3, 1),
(872, '2019-01-09 11:22:53.552494', '567', 'background.views.api - 2019-01-09 09:24:44.592147+00:00', 3, '', 3, 1),
(873, '2019-01-09 11:22:53.641079', '566', 'background.views.api - 2019-01-09 09:23:18.608330+00:00', 3, '', 3, 1),
(874, '2019-01-09 11:22:53.729896', '565', 'background.views.paycheck - 2019-01-09 09:21:52.928552+00:00', 3, '', 3, 1),
(875, '2019-01-09 11:22:53.818378', '564', 'background.views.paycheck - 2019-01-09 09:21:52.330764+00:00', 3, '', 3, 1),
(876, '2019-01-09 11:22:53.907069', '563', 'background.views.api - 2019-01-09 09:21:51.499131+00:00', 3, '', 3, 1),
(877, '2019-01-09 11:22:53.995802', '562', 'background.views.api - 2019-01-09 09:20:14.575470+00:00', 3, '', 3, 1),
(878, '2019-01-09 11:22:54.084361', '561', 'background.views.api - 2019-01-09 09:18:34.221561+00:00', 3, '', 3, 1),
(879, '2019-01-09 11:22:54.196114', '560', 'background.views.paycheck - 2019-01-09 09:17:21.863879+00:00', 3, '', 3, 1),
(880, '2019-01-09 11:22:54.283987', '559', 'background.views.paycheck - 2019-01-09 09:17:21.232437+00:00', 3, '', 3, 1),
(881, '2019-01-09 11:22:54.372515', '558', 'background.views.api - 2019-01-09 09:17:20.374639+00:00', 3, '', 3, 1),
(882, '2019-01-09 11:22:54.461142', '557', 'background.views.api - 2019-01-09 09:16:05.523051+00:00', 3, '', 3, 1),
(883, '2019-01-09 11:22:54.549981', '556', 'background.views.api - 2019-01-09 09:14:55.893829+00:00', 3, '', 3, 1),
(884, '2019-01-09 11:22:54.638730', '555', 'background.views.api - 2019-01-09 09:13:42.255688+00:00', 3, '', 3, 1),
(885, '2019-01-09 11:22:54.727230', '554', 'background.views.api - 2019-01-09 09:12:35.734381+00:00', 3, '', 3, 1),
(886, '2019-01-09 11:22:54.804871', '553', 'background.views.paycheck - 2019-01-09 09:11:24.940961+00:00', 3, '', 3, 1),
(887, '2019-01-09 11:22:54.882255', '552', 'background.views.paycheck - 2019-01-09 09:11:24.044083+00:00', 3, '', 3, 1),
(888, '2019-01-09 11:22:54.959981', '551', 'background.views.api - 2019-01-09 09:11:22.861640+00:00', 3, '', 3, 1),
(889, '2019-01-09 11:22:55.037411', '550', 'background.views.api - 2019-01-09 09:10:11.771029+00:00', 3, '', 3, 1),
(890, '2019-01-09 11:22:55.115517', '549', 'background.views.api - 2019-01-09 09:09:03.550832+00:00', 3, '', 3, 1),
(891, '2019-01-09 11:22:55.270224', '548', 'background.views.api - 2019-01-09 09:07:56.773955+00:00', 3, '', 3, 1),
(892, '2019-01-09 11:22:55.348091', '547', 'background.views.api - 2019-01-09 09:06:47.612629+00:00', 3, '', 3, 1),
(893, '2019-01-09 11:22:55.425489', '546', 'background.views.paycheck - 2019-01-09 09:06:04.300283+00:00', 3, '', 3, 1),
(894, '2019-01-09 11:22:55.503116', '545', 'background.views.paycheck - 2019-01-09 09:06:03.538362+00:00', 3, '', 3, 1),
(895, '2019-01-09 11:22:55.580773', '544', 'background.views.api - 2019-01-09 09:06:02.482902+00:00', 3, '', 3, 1),
(896, '2019-01-09 11:22:55.658329', '543', 'background.views.api - 2019-01-09 09:05:16.609968+00:00', 3, '', 3, 1),
(897, '2019-01-09 11:22:55.736022', '542', 'background.views.api - 2019-01-09 09:04:28.910356+00:00', 3, '', 3, 1),
(898, '2019-01-09 11:22:55.813403', '541', 'background.views.api - 2019-01-09 09:03:48.909466+00:00', 3, '', 3, 1),
(899, '2019-01-09 11:22:55.890905', '540', 'background.views.api - 2019-01-09 09:03:10.793667+00:00', 3, '', 3, 1),
(900, '2019-01-09 11:22:55.968692', '539', 'background.views.api - 2019-01-09 09:02:31.879428+00:00', 3, '', 3, 1),
(901, '2019-01-09 11:22:56.046290', '538', 'background.views.api - 2019-01-09 09:01:52.077925+00:00', 3, '', 3, 1),
(902, '2019-01-09 11:22:56.123703', '537', 'background.views.api - 2019-01-09 09:01:13.940491+00:00', 3, '', 3, 1),
(903, '2019-01-09 11:22:56.201543', '536', 'background.views.paycheck - 2019-01-09 09:00:46.797700+00:00', 3, '', 3, 1),
(904, '2019-01-09 11:22:56.279051', '535', 'background.views.paycheck - 2019-01-09 09:00:45.999541+00:00', 3, '', 3, 1),
(905, '2019-01-09 11:22:56.356327', '534', 'background.views.api - 2019-01-09 09:00:44.980023+00:00', 3, '', 3, 1),
(906, '2019-01-09 11:22:56.465501', '533', 'background.views.api - 2019-01-09 09:00:18.766043+00:00', 3, '', 3, 1),
(907, '2019-01-09 11:22:56.545136', '532', 'background.views.api - 2019-01-09 08:59:53.629814+00:00', 3, '', 3, 1),
(908, '2019-01-09 11:22:56.622535', '531', 'background.views.api - 2019-01-09 08:59:24.150738+00:00', 3, '', 3, 1),
(909, '2019-01-09 11:22:56.700328', '530', 'background.views.api - 2019-01-09 08:58:58.236579+00:00', 3, '', 3, 1),
(910, '2019-01-09 11:22:56.777996', '529', 'background.views.api - 2019-01-09 08:58:32.268438+00:00', 3, '', 3, 1),
(911, '2019-01-09 11:22:56.854933', '528', 'background.views.api - 2019-01-09 08:58:02.661080+00:00', 3, '', 3, 1),
(912, '2019-01-09 11:22:56.933043', '527', 'background.views.api - 2019-01-09 08:57:30.427846+00:00', 3, '', 3, 1),
(913, '2019-01-09 11:22:57.010517', '526', 'background.views.api - 2019-01-09 08:56:58.711021+00:00', 3, '', 3, 1),
(914, '2019-01-09 11:22:57.088208', '525', 'background.views.api - 2019-01-09 08:56:41.831975+00:00', 3, '', 3, 1),
(915, '2019-01-09 11:22:57.166158', '524', 'background.views.api - 2019-01-09 08:56:25.685080+00:00', 3, '', 3, 1),
(916, '2019-01-09 11:22:57.243383', '523', 'background.views.paycheck - 2019-01-09 08:55:52.638342+00:00', 3, '', 3, 1),
(917, '2019-01-09 11:22:57.320982', '522', 'background.views.paycheck - 2019-01-09 08:55:51.785312+00:00', 3, '', 3, 1),
(918, '2019-01-09 11:22:57.398827', '521', 'background.views.api - 2019-01-09 08:55:50.588656+00:00', 3, '', 3, 1),
(919, '2019-01-09 11:22:57.476095', '520', 'background.views.api - 2019-01-09 08:55:22.437682+00:00', 3, '', 3, 1),
(920, '2019-01-09 11:22:57.553436', '519', 'background.views.api - 2019-01-09 08:54:55.647826+00:00', 3, '', 3, 1),
(921, '2019-01-09 11:22:57.631513', '518', 'background.views.api - 2019-01-09 08:54:23.498844+00:00', 3, '', 3, 1),
(922, '2019-01-09 11:22:57.708676', '517', 'background.views.api - 2019-01-09 08:53:58.184594+00:00', 3, '', 3, 1),
(923, '2019-01-09 11:22:57.786516', '516', 'background.views.api - 2019-01-09 08:53:24.963410+00:00', 3, '', 3, 1),
(924, '2019-01-09 11:22:57.863997', '515', 'background.views.api - 2019-01-09 08:52:54.706864+00:00', 3, '', 3, 1),
(925, '2019-01-09 11:22:57.941463', '514', 'background.views.api - 2019-01-09 08:52:29.362360+00:00', 3, '', 3, 1),
(926, '2019-01-09 11:22:58.019188', '513', 'background.views.api - 2019-01-09 08:52:04.081866+00:00', 3, '', 3, 1),
(927, '2019-01-09 11:22:58.096832', '512', 'background.views.api - 2019-01-09 08:51:02.828684+00:00', 3, '', 3, 1),
(928, '2019-01-09 11:22:58.174471', '511', 'background.views.paycheck - 2019-01-09 08:51:01.310797+00:00', 3, '', 3, 1),
(929, '2019-01-09 11:22:58.251999', '510', 'background.views.api - 2019-01-09 08:51:00.101767+00:00', 3, '', 3, 1),
(930, '2019-01-09 11:22:58.329479', '509', 'background.views.paycheck - 2019-01-09 08:50:22.730039+00:00', 3, '', 3, 1),
(931, '2019-01-09 11:22:58.407353', '508', 'background.views.api - 2019-01-09 08:50:21.322859+00:00', 3, '', 3, 1),
(932, '2019-01-09 11:22:58.484820', '507', 'background.views.api - 2019-01-09 08:49:43.861306+00:00', 3, '', 3, 1),
(933, '2019-01-09 11:22:58.562171', '506', 'background.views.api - 2019-01-09 08:49:05.146710+00:00', 3, '', 3, 1),
(934, '2019-01-09 11:22:58.639911', '505', 'background.views.api - 2019-01-09 08:48:17.110884+00:00', 3, '', 3, 1),
(935, '2019-01-09 11:22:58.717421', '504', 'background.views.api - 2019-01-09 08:47:38.953321+00:00', 3, '', 3, 1),
(936, '2019-01-09 11:22:58.795106', '503', 'background.views.api - 2019-01-09 08:47:01.823327+00:00', 3, '', 3, 1),
(937, '2019-01-09 11:22:58.872449', '502', 'background.views.api - 2019-01-09 08:46:23.605276+00:00', 3, '', 3, 1),
(938, '2019-01-09 11:22:58.950032', '501', 'background.views.paycheck - 2019-01-09 08:45:45.113851+00:00', 3, '', 3, 1),
(939, '2019-01-09 11:22:59.027822', '500', 'background.views.paycheck - 2019-01-09 08:45:44.453257+00:00', 3, '', 3, 1),
(940, '2019-01-09 11:22:59.105291', '499', 'background.views.api - 2019-01-09 08:45:43.595443+00:00', 3, '', 3, 1),
(941, '2019-01-09 11:22:59.183173', '498', 'background.views.api - 2019-01-09 08:45:05.518396+00:00', 3, '', 3, 1),
(942, '2019-01-09 11:22:59.260684', '497', 'background.views.api - 2019-01-09 08:44:13.059151+00:00', 3, '', 3, 1),
(943, '2019-01-09 11:22:59.337812', '496', 'background.views.api - 2019-01-09 08:43:20.211962+00:00', 3, '', 3, 1),
(944, '2019-01-09 11:22:59.415927', '495', 'background.views.paycheck - 2019-01-09 08:42:13.008680+00:00', 3, '', 3, 1);
INSERT INTO `django_admin_log` (`id`, `action_time`, `object_id`, `object_repr`, `action_flag`, `change_message`, `content_type_id`, `user_id`) VALUES
(945, '2019-01-09 11:22:59.493381', '494', 'background.views.api - 2019-01-09 08:42:11.605056+00:00', 3, '', 3, 1),
(946, '2019-01-09 11:22:59.570993', '493', 'background.views.paycheck - 2019-01-09 08:40:49.989168+00:00', 3, '', 3, 1),
(947, '2019-01-09 11:22:59.648326', '492', 'background.views.api - 2019-01-09 08:40:49.135905+00:00', 3, '', 3, 1),
(948, '2019-01-09 11:22:59.726182', '491', 'background.views.api - 2019-01-09 08:39:28.276463+00:00', 3, '', 3, 1),
(949, '2019-01-09 11:22:59.837089', '490', 'background.views.api - 2019-01-09 08:38:08.278982+00:00', 3, '', 3, 1),
(950, '2019-01-09 11:22:59.914098', '489', 'background.views.paycheck - 2019-01-09 08:36:48.473074+00:00', 3, '', 3, 1),
(951, '2019-01-09 11:22:59.991985', '488', 'background.views.paycheck - 2019-01-09 08:36:47.764953+00:00', 3, '', 3, 1),
(952, '2019-01-09 11:23:00.069813', '487', 'background.views.api - 2019-01-09 08:36:46.597535+00:00', 3, '', 3, 1),
(953, '2019-01-09 11:23:00.147307', '486', 'background.views.api - 2019-01-09 08:35:26.242590+00:00', 3, '', 3, 1),
(954, '2019-01-09 11:23:00.224969', '485', 'background.views.api - 2019-01-09 08:33:50.171718+00:00', 3, '', 3, 1),
(955, '2019-01-09 11:23:00.302490', '484', 'background.views.api - 2019-01-09 08:32:18.706241+00:00', 3, '', 3, 1),
(956, '2019-01-09 11:23:00.380187', '483', 'background.views.api - 2019-01-09 08:30:29.026242+00:00', 3, '', 3, 1),
(957, '2019-01-09 11:23:00.457728', '482', 'background.views.api - 2019-01-09 08:30:28.150738+00:00', 3, '', 3, 1),
(958, '2019-01-09 11:23:00.535148', '481', 'background.views.paycheck - 2019-01-09 08:30:22.226145+00:00', 3, '', 3, 1),
(959, '2019-01-09 11:23:00.612682', '480', 'background.views.paycheck - 2019-01-09 08:30:21.528118+00:00', 3, '', 3, 1),
(960, '2019-01-09 11:23:00.690343', '479', 'background.views.api - 2019-01-09 08:30:21.001337+00:00', 3, '', 3, 1),
(961, '2019-01-09 11:23:00.768125', '478', 'background.views.api - 2019-01-09 08:30:19.256412+00:00', 3, '', 3, 1),
(962, '2019-01-09 11:23:00.845491', '477', 'background.views.api - 2019-01-09 08:29:00.379289+00:00', 3, '', 3, 1),
(963, '2019-01-09 11:23:00.922751', '476', 'background.views.paycheck - 2019-01-09 08:27:38.945053+00:00', 3, '', 3, 1),
(964, '2019-01-09 11:23:01.000950', '475', 'background.views.api - 2019-01-09 08:27:38.102496+00:00', 3, '', 3, 1),
(965, '2019-01-09 11:23:01.078437', '474', 'background.views.paycheck - 2019-01-09 08:26:11.646655+00:00', 3, '', 3, 1),
(966, '2019-01-09 11:23:01.156023', '473', 'background.views.api - 2019-01-09 08:26:10.223870+00:00', 3, '', 3, 1),
(967, '2019-01-09 11:52:25.218088', '1', 'Settings object (1)', 2, '[{\"changed\": {\"fields\": [\"num_of_objects_per_page\"]}}]', 12, 1);

-- --------------------------------------------------------

--
-- Table structure for table `django_content_type`
--

CREATE TABLE `django_content_type` (
  `id` int(11) NOT NULL,
  `app_label` varchar(100) NOT NULL,
  `model` varchar(100) NOT NULL
) ENGINE=InnoDB DEFAULT CHARSET=utf8;

--
-- Dumping data for table `django_content_type`
--

INSERT INTO `django_content_type` (`id`, `app_label`, `model`) VALUES
(2, 'accounts', 'profile'),
(5, 'admin', 'logentry'),
(7, 'auth', 'group'),
(6, 'auth', 'permission'),
(8, 'auth', 'user'),
(3, 'background_task', 'completedtask'),
(4, 'background_task', 'task'),
(9, 'contenttypes', 'contenttype'),
(14, 'matches', 'ban'),
(11, 'matches', 'bet'),
(15, 'matches', 'hero'),
(18, 'matches', 'item'),
(19, 'matches', 'item_inventory'),
(1, 'matches', 'match'),
(16, 'matches', 'pick'),
(17, 'matches', 'player'),
(12, 'matches', 'settings'),
(20, 'matches', 'stats'),
(13, 'matches', 'team'),
(10, 'sessions', 'session');

-- --------------------------------------------------------

--
-- Table structure for table `django_migrations`
--

CREATE TABLE `django_migrations` (
  `id` int(11) NOT NULL,
  `app` varchar(255) NOT NULL,
  `name` varchar(255) NOT NULL,
  `applied` datetime(6) NOT NULL
) ENGINE=InnoDB DEFAULT CHARSET=utf8;

--
-- Dumping data for table `django_migrations`
--

INSERT INTO `django_migrations` (`id`, `app`, `name`, `applied`) VALUES
(1, 'contenttypes', '0001_initial', '2019-01-07 19:53:16.187586'),
(2, 'auth', '0001_initial', '2019-01-07 19:53:37.817188'),
(3, 'admin', '0001_initial', '2019-01-07 19:53:42.940764'),
(4, 'admin', '0002_logentry_remove_auto_add', '2019-01-07 19:53:43.027462'),
(5, 'admin', '0003_logentry_add_action_flag_choices', '2019-01-07 19:53:43.465180'),
(6, 'contenttypes', '0002_remove_content_type_name', '2019-01-07 19:53:45.907950'),
(7, 'auth', '0002_alter_permission_name_max_length', '2019-01-07 19:53:48.351082'),
(8, 'auth', '0003_alter_user_email_max_length', '2019-01-07 19:53:50.403395'),
(9, 'auth', '0004_alter_user_username_opts', '2019-01-07 19:53:50.735464'),
(10, 'auth', '0005_alter_user_last_login_null', '2019-01-07 19:53:51.934318'),
(11, 'auth', '0006_require_contenttypes_0002', '2019-01-07 19:53:52.033907'),
(12, 'auth', '0007_alter_validators_add_error_messages', '2019-01-07 19:53:52.127002'),
(13, 'auth', '0008_alter_user_username_max_length', '2019-01-07 19:53:54.207201'),
(14, 'auth', '0009_alter_user_last_name_max_length', '2019-01-07 19:53:56.480060'),
(15, 'background_task', '0001_initial', '2019-01-07 19:54:12.029484'),
(16, 'background_task', '0002_auto_20170927_1109', '2019-01-07 19:54:27.531391'),
(17, 'sessions', '0001_initial', '2019-01-07 19:54:28.729076'),
(18, 'matches', '0001_initial', '2019-01-07 19:58:14.435163'),
(19, 'matches', '0002_bet_settings', '2019-01-07 19:59:37.914835'),
(20, 'matches', '0003_auto_20190107_2100', '2019-01-07 20:01:44.411819'),
(21, 'matches', '0004_auto_20190107_2101', '2019-01-07 20:02:05.656509'),
(22, 'matches', '0005_auto_20190107_2102', '2019-01-07 20:02:51.303950'),
(23, 'matches', '0006_auto_20190107_2103', '2019-01-07 20:03:33.714519'),
(24, 'accounts', '0001_initial', '2019-01-07 20:04:09.083870'),
(25, 'matches', '0007_auto_20190107_2105', '2019-01-07 20:06:00.304272');

-- --------------------------------------------------------

--
-- Table structure for table `django_session`
--

CREATE TABLE `django_session` (
  `session_key` varchar(40) NOT NULL,
  `session_data` longtext NOT NULL,
  `expire_date` datetime(6) NOT NULL
) ENGINE=InnoDB DEFAULT CHARSET=utf8;

--
-- Dumping data for table `django_session`
--

INSERT INTO `django_session` (`session_key`, `session_data`, `expire_date`) VALUES
('bj1kfdldho3xphi75t24vskjjzob976e', 'Yjc0NzBkODk1NzQ2MmM0NmY5ODAyMjhmZWQ1ZWI2MDI1OTE2ZmJlNTp7Il9hdXRoX3VzZXJfaWQiOiIxIiwiX2F1dGhfdXNlcl9iYWNrZW5kIjoiZGphbmdvLmNvbnRyaWIuYXV0aC5iYWNrZW5kcy5Nb2RlbEJhY2tlbmQiLCJfYXV0aF91c2VyX2hhc2giOiIxMWMzNDU4NjIxMmEwOWM2MTRlZDA4NGRmNjg2MWEwMDFhMWYyODJjIn0=', '2019-01-23 09:16:10.600674');

-- --------------------------------------------------------

--
-- Table structure for table `matches_ban`
--

CREATE TABLE `matches_ban` (
  `id` int(11) NOT NULL,
  `side` int(11) NOT NULL,
  `hero_id` int(11) NOT NULL,
  `match_id` bigint(20) NOT NULL
) ENGINE=InnoDB DEFAULT CHARSET=utf8;

--
-- Dumping data for table `matches_ban`
--

INSERT INTO `matches_ban` (`id`, `side`, `hero_id`, `match_id`) VALUES
(1, 0, 29, 4321171381),
(2, 0, 31, 4321171381),
(3, 0, 121, 4321171381),
(4, 0, 72, 4321171381),
(5, 0, 45, 4321171381),
(6, 0, 76, 4321171381),
(7, 1, 97, 4321171381),
(8, 1, 38, 4321171381),
(9, 1, 50, 4321171381),
(10, 1, 109, 4321171381),
(11, 1, 1, 4321171381),
(12, 1, 90, 4321171381),
(13, 0, 121, 4321192332),
(14, 0, 8, 4321192332),
(15, 0, 74, 4321192332),
(16, 0, 44, 4321192332),
(17, 0, 12, 4321192332),
(18, 0, 41, 4321192332),
(19, 1, 36, 4321192332),
(20, 1, 93, 4321192332),
(21, 1, 114, 4321192332),
(22, 1, 4, 4321192332),
(23, 1, 95, 4321192332),
(24, 1, 94, 4321192332),
(25, 0, 103, 4321256255),
(26, 0, 38, 4321256255),
(27, 1, 69, 4321256255),
(28, 1, 96, 4321256255),
(29, 0, 91, 4321252305),
(30, 0, 96, 4321252305),
(31, 1, 38, 4321252305),
(32, 0, 91, 4321256255),
(33, 1, 100, 4321256255),
(34, 0, 29, 4321252305),
(35, 1, 97, 4321252305),
(36, 1, 50, 4321252305),
(37, 0, 69, 4321252305),
(38, 1, 109, 4321252305),
(39, 1, 19, 4321256255),
(40, 0, 65, 4321252305),
(41, 1, 93, 4321252305),
(42, 0, 85, 4321256255),
(43, 1, 76, 4321256255),
(44, 0, 23, 4321256255),
(45, 1, 45, 4321252305),
(46, 0, 49, 4321252305),
(47, 0, 43, 4321256255),
(48, 1, 15, 4321256255),
(49, 0, 19, 4321357263),
(50, 1, 97, 4321357263),
(51, 0, 2, 4321359372),
(52, 0, 38, 4321359372),
(53, 1, 93, 4321359372),
(54, 0, 50, 4321357263),
(55, 1, 38, 4321357263),
(56, 0, 78, 4321359372),
(57, 1, 22, 4321359372),
(58, 1, 71, 4321359372),
(59, 0, 100, 4321357263),
(60, 1, 121, 4321357263),
(61, 0, 109, 4321359372),
(62, 0, 34, 4321359372),
(63, 1, 95, 4321359372),
(64, 1, 41, 4321359372),
(65, 0, 8, 4321357263),
(66, 1, 85, 4321357263),
(67, 0, 110, 4321357263),
(68, 1, 1, 4321357263),
(69, 0, 44, 4321359372),
(70, 1, 114, 4321359372),
(71, 1, 23, 4321357263),
(72, 0, 46, 4321357263),
(73, 0, 76, 4321596478),
(74, 0, 121, 4321596478),
(75, 0, 59, 4321596478),
(76, 0, 110, 4321596478),
(77, 0, 99, 4321596478),
(78, 0, 41, 4321596478),
(79, 1, 44, 4321596478),
(80, 1, 88, 4321596478),
(81, 1, 97, 4321596478),
(82, 1, 93, 4321596478),
(83, 1, 6, 4321596478),
(84, 1, 1, 4321596478),
(85, 0, 50, 4321600749),
(86, 0, 38, 4321600749),
(87, 0, 101, 4321600749),
(88, 0, 92, 4321600749),
(89, 0, 77, 4321600749),
(90, 0, 95, 4321600749),
(91, 1, 121, 4321600749),
(92, 1, 78, 4321600749),
(93, 1, 100, 4321600749),
(94, 1, 97, 4321600749),
(95, 1, 93, 4321600749),
(96, 1, 98, 4321600749),
(97, 0, 38, 4321599393),
(98, 0, 97, 4321599393),
(99, 0, 85, 4321599393),
(100, 0, 121, 4321599393),
(101, 0, 96, 4321599393),
(102, 0, 76, 4321599393),
(103, 1, 28, 4321599393),
(104, 1, 78, 4321599393),
(105, 1, 50, 4321599393),
(106, 1, 95, 4321599393),
(107, 1, 109, 4321599393),
(108, 1, 59, 4321599393),
(109, 0, 85, 4321623382),
(110, 0, 98, 4321623382),
(111, 0, 44, 4321623382),
(112, 0, 93, 4321623382),
(113, 0, 8, 4321623382),
(114, 0, 34, 4321623382),
(115, 1, 38, 4321623382),
(116, 1, 29, 4321623382),
(117, 1, 97, 4321623382),
(118, 1, 70, 4321623382),
(119, 1, 95, 4321623382),
(120, 1, 22, 4321623382),
(121, 0, 38, 4321569487),
(122, 0, 86, 4321569487),
(123, 0, 44, 4321569487),
(124, 0, 98, 4321569487),
(125, 0, 31, 4321569487),
(126, 0, 69, 4321569487),
(127, 1, 55, 4321569487),
(128, 1, 19, 4321569487),
(129, 1, 85, 4321569487),
(130, 1, 15, 4321569487),
(131, 1, 2, 4321569487),
(132, 1, 78, 4321569487),
(133, 0, 19, 4321597070),
(134, 0, 121, 4321597070),
(135, 0, 97, 4321597070),
(136, 0, 34, 4321597070),
(137, 0, 8, 4321597070),
(138, 0, 59, 4321597070),
(139, 1, 38, 4321597070),
(140, 1, 82, 4321597070),
(141, 1, 45, 4321597070),
(142, 1, 93, 4321597070),
(143, 1, 27, 4321597070),
(144, 1, 109, 4321597070),
(145, 0, 121, 4321912684),
(146, 0, 53, 4321912684),
(147, 0, 97, 4321912684),
(148, 0, 1, 4321912684),
(149, 0, 94, 4321912684),
(150, 0, 25, 4321912684),
(151, 1, 100, 4321912684),
(152, 1, 38, 4321912684),
(153, 1, 78, 4321912684),
(154, 1, 44, 4321912684),
(155, 1, 76, 4321912684),
(156, 1, 47, 4321912684),
(157, 0, 50, 4321902231),
(158, 0, 100, 4321902231),
(159, 0, 110, 4321902231),
(160, 0, 121, 4321902231),
(161, 0, 92, 4321902231),
(162, 0, 76, 4321902231),
(163, 1, 85, 4321902231),
(164, 1, 71, 4321902231),
(165, 1, 111, 4321902231),
(166, 1, 103, 4321902231),
(167, 1, 112, 4321902231),
(168, 1, 59, 4321902231),
(169, 0, 47, 4321926394),
(170, 0, 93, 4321926394),
(171, 0, 28, 4321926394),
(172, 0, 6, 4321926394),
(173, 0, 12, 4321926394),
(174, 1, 76, 4321926394),
(175, 1, 1, 4321926394),
(176, 1, 61, 4321926394),
(177, 1, 41, 4321926394),
(178, 1, 2, 4321926394),
(179, 0, 90, 4321906366),
(180, 0, 12, 4321906366),
(181, 0, 47, 4321906366),
(182, 0, 8, 4321906366),
(183, 0, 93, 4321906366),
(184, 0, 41, 4321906366),
(185, 1, 114, 4321906366),
(186, 1, 38, 4321906366),
(187, 1, 100, 4321906366),
(188, 1, 59, 4321906366),
(189, 1, 76, 4321906366),
(190, 1, 82, 4321906366),
(191, 0, 38, 4321860780),
(192, 0, 121, 4321860780),
(193, 0, 53, 4321860780),
(194, 0, 46, 4321860780),
(195, 0, 12, 4321860780),
(196, 0, 45, 4321860780),
(197, 1, 31, 4321860780),
(198, 1, 91, 4321860780),
(199, 1, 100, 4321860780),
(200, 1, 85, 4321860780),
(201, 1, 97, 4321860780),
(202, 1, 59, 4321860780),
(203, 0, 110, 4321866214),
(204, 0, 74, 4321866214),
(205, 0, 8, 4321866214),
(206, 0, 55, 4321866214),
(207, 0, 1, 4321866214),
(208, 0, 10, 4321866214),
(209, 1, 50, 4321866214),
(210, 1, 100, 4321866214),
(211, 1, 85, 4321866214),
(212, 1, 44, 4321866214),
(213, 1, 70, 4321866214),
(214, 1, 99, 4321866214),
(215, 0, 31, 4321874062),
(216, 0, 100, 4321874062),
(217, 0, 38, 4321874062),
(218, 0, 97, 4321874062),
(219, 0, 28, 4321874062),
(220, 0, 19, 4321874062),
(221, 1, 50, 4321874062),
(222, 1, 85, 4321874062),
(223, 1, 10, 4321874062),
(224, 1, 44, 4321874062),
(225, 1, 1, 4321874062),
(226, 1, 59, 4321874062),
(227, 0, 56, 4321926394),
(228, 1, 74, 4321926394),
(229, 0, 38, 4321941799),
(230, 0, 85, 4321941799),
(231, 1, 121, 4321941799),
(232, 0, 97, 4321941799),
(233, 0, 93, 4321941799),
(234, 1, 59, 4321941799),
(235, 1, 100, 4321941799),
(236, 0, 41, 4321941799),
(237, 1, 2, 4321941799),
(238, 1, 69, 4321941799),
(239, 0, 38, 4321952988),
(240, 0, 19, 4321952988),
(241, 0, 107, 4321952988),
(242, 1, 85, 4321952988),
(243, 1, 59, 4321952988),
(244, 1, 28, 4321952988),
(245, 0, 76, 4321941799),
(246, 1, 47, 4321941799),
(247, 1, 2, 4321952988),
(248, 0, 27, 4321961578),
(249, 0, 38, 4321961578),
(250, 1, 90, 4321961578),
(251, 0, 96, 4321952988),
(252, 0, 94, 4321952988),
(253, 1, 1, 4321952988),
(254, 0, 50, 4321961578),
(255, 1, 7, 4321961578),
(256, 1, 78, 4321961578),
(257, 0, 23, 4321972694),
(258, 1, 103, 4321972694),
(259, 0, 93, 4321961578),
(260, 1, 12, 4321961578),
(261, 0, 23, 4321952988),
(262, 1, 74, 4321952988),
(263, 0, 85, 4321968468),
(264, 1, 38, 4321968468),
(265, 1, 78, 4321968468),
(266, 0, 17, 4321972694),
(267, 0, 22, 4321972694),
(268, 1, 34, 4321972694),
(269, 1, 50, 4321972694),
(270, 0, 45, 4321961578),
(271, 1, 34, 4321961578),
(272, 0, 111, 4321968468),
(273, 0, 82, 4321968468),
(274, 1, 69, 4321968468),
(275, 0, 44, 4321972694),
(276, 0, 26, 4321972694),
(277, 1, 95, 4321972694),
(278, 1, 74, 4321972694),
(279, 0, 98, 4321961578),
(280, 1, 74, 4321961578),
(281, 0, 59, 4321968468),
(282, 1, 28, 4321968468),
(283, 1, 93, 4321968468),
(284, 0, 25, 4321972694),
(285, 1, 91, 4321972694),
(286, 0, 23, 4321968468),
(287, 0, 1, 4321983608),
(288, 0, 110, 4321983608),
(289, 0, 78, 4321983608),
(290, 1, 38, 4321983608),
(291, 1, 31, 4321983608),
(292, 1, 100, 4321983608),
(293, 0, 86, 4321968468),
(294, 1, 101, 4321968468),
(295, 0, 54, 4321983608),
(296, 0, 93, 4321983608),
(297, 1, 59, 4321983608),
(298, 1, 94, 4321983608),
(299, 0, 76, 4321983608),
(300, 1, 88, 4321983608),
(301, 0, 47, 4321996307),
(302, 0, 8, 4321996307),
(303, 1, 59, 4321996307),
(304, 1, 85, 4321996307),
(305, 1, 101, 4321996307),
(306, 0, 110, 4321999682),
(307, 0, 121, 4321999682),
(308, 0, 107, 4321999682),
(309, 1, 100, 4321999682),
(310, 1, 29, 4321999682),
(311, 1, 85, 4321999682),
(312, 0, 57, 4321996307),
(313, 1, 86, 4321999682),
(314, 0, 41, 4321996307),
(315, 0, 2, 4321996307),
(316, 1, 19, 4321996307),
(317, 1, 110, 4321996307),
(318, 0, 97, 4321999682),
(319, 0, 94, 4321999682),
(320, 1, 44, 4321999682),
(321, 0, 78, 4322009069),
(322, 0, 107, 4322009069),
(323, 1, 38, 4322009069),
(324, 0, 10, 4321996307),
(325, 0, 74, 4321999682),
(326, 1, 6, 4321999682),
(327, 0, 50, 4322009069),
(328, 1, 114, 4322009069),
(329, 1, 59, 4322009069),
(330, 1, 46, 4321996307),
(331, 0, 23, 4322009069),
(332, 0, 93, 4322009069),
(333, 1, 121, 4322009069),
(334, 1, 92, 4322009069),
(335, 0, 15, 4322009069),
(336, 1, 25, 4322009069),
(337, 0, 11, 4322026870),
(338, 0, 121, 4322026870),
(339, 0, 2, 4322026870),
(340, 1, 99, 4322026870),
(341, 1, 50, 4322026870),
(342, 1, 78, 4322026870),
(343, 0, 44, 4322026870),
(344, 0, 23, 4322026870),
(345, 1, 59, 4322026870),
(346, 1, 93, 4322026870),
(347, 0, 82, 4322026870),
(348, 1, 17, 4322026870),
(349, 0, 88, 4322045289),
(350, 0, 112, 4322045289),
(351, 0, 44, 4322045289),
(352, 1, 78, 4322045289),
(353, 1, 121, 4322045289),
(354, 1, 19, 4322045289),
(355, 0, 93, 4322045289),
(356, 1, 45, 4322045289),
(357, 0, 31, 4322050071),
(358, 1, 121, 4322050071),
(359, 0, 31, 4322052586),
(360, 0, 5, 4322052586),
(361, 0, 99, 4322052586),
(362, 1, 50, 4322052586),
(363, 1, 121, 4322052586),
(364, 1, 85, 4322052586),
(365, 0, 101, 4322052656),
(366, 0, 82, 4322052656),
(367, 0, 2, 4322052656),
(368, 1, 100, 4322052656),
(369, 1, 111, 4322052656),
(370, 1, 61, 4322052656),
(371, 0, 107, 4322053490),
(372, 0, 38, 4322053490),
(373, 1, 59, 4322053490),
(374, 1, 91, 4322053490),
(375, 1, 97, 4322053490),
(376, 0, 41, 4322045289),
(377, 1, 7, 4322045289),
(378, 0, 85, 4322056047),
(379, 0, 8, 4322056047),
(380, 1, 38, 4322056047),
(381, 1, 78, 4322056047),
(382, 0, 50, 4322050071),
(383, 0, 44, 4322050071),
(384, 0, 53, 4322050071),
(385, 1, 2, 4322050071),
(386, 1, 110, 4322050071),
(387, 1, 82, 4322050071),
(388, 0, 38, 4322052791),
(389, 0, 100, 4322052791),
(390, 0, 111, 4322052791),
(391, 1, 19, 4322052791),
(392, 1, 78, 4322052791),
(393, 1, 97, 4322052791),
(394, 0, 55, 4322052656),
(395, 0, 114, 4322052656),
(396, 1, 34, 4322052656),
(397, 1, 59, 4322052656),
(398, 0, 1, 4322052586),
(399, 0, 81, 4322052586),
(400, 0, 47, 4322052586),
(401, 1, 44, 4322052586),
(402, 1, 93, 4322052586),
(403, 0, 31, 4322053490),
(404, 0, 1, 4322053490),
(405, 0, 109, 4322053490),
(406, 1, 94, 4322053490),
(407, 1, 111, 4322053490),
(408, 0, 29, 4322045289),
(409, 1, 110, 4322045289),
(410, 0, 8, 4322050071),
(411, 1, 93, 4322050071),
(412, 0, 1, 4322056047),
(413, 0, 82, 4322056047),
(414, 0, 80, 4322056047),
(415, 1, 94, 4322056047),
(416, 1, 49, 4322056047),
(417, 1, 45, 4322056047),
(418, 0, 86, 4322052791),
(419, 0, 76, 4322052791),
(420, 1, 95, 4322052791),
(421, 1, 109, 4322052791),
(422, 0, 50, 4322063249),
(423, 0, 121, 4322063249),
(424, 1, 110, 4322063249),
(425, 1, 114, 4322052586),
(426, 0, 95, 4322050071),
(427, 1, 61, 4322050071),
(428, 0, 28, 4322056047),
(429, 1, 104, 4322056047),
(430, 0, 86, 4322063249),
(431, 1, 76, 4322063249),
(432, 1, 94, 4322063249),
(433, 0, 25, 4322052656),
(434, 1, 74, 4322052656),
(435, 0, 76, 4322053490),
(436, 1, 45, 4322053490),
(437, 0, 34, 4322052791),
(438, 1, 94, 4322052791),
(439, 0, 78, 4322063249),
(440, 0, 97, 4322063249),
(441, 1, 44, 4322063249),
(442, 1, 109, 4322063249),
(443, 0, 45, 4322063249),
(444, 1, 102, 4322063249),
(445, 0, 38, 4322077803),
(446, 0, 85, 4322077803),
(447, 0, 97, 4322077803),
(448, 1, 50, 4322077803),
(449, 1, 75, 4322077803),
(450, 1, 8, 4322077803),
(451, 0, 59, 4322077803),
(452, 0, 41, 4322077803),
(453, 1, 61, 4322077803),
(454, 1, 44, 4322077803),
(455, 0, 76, 4322077803),
(456, 1, 46, 4322077803),
(457, 0, 82, 4322098159),
(458, 0, 121, 4322098159),
(459, 0, 50, 4322098159),
(460, 0, 12, 4322098159),
(461, 1, 59, 4322098159),
(462, 1, 38, 4322098159),
(463, 1, 101, 4322098159),
(464, 1, 75, 4322098159),
(465, 1, 93, 4322098159),
(466, 0, 108, 4322098159),
(467, 0, 11, 4322098159),
(468, 1, 17, 4322098159),
(469, 0, 59, 4322423713),
(470, 1, 50, 4322423713),
(471, 0, 109, 4322423713),
(472, 1, 97, 4322423713),
(473, 1, 121, 4322423713),
(474, 0, 121, 4322424614),
(475, 1, 59, 4322424614),
(476, 0, 31, 4322423713),
(477, 1, 41, 4322424614),
(478, 0, 76, 4322424614),
(479, 0, 44, 4322424614),
(480, 1, 29, 4322424614),
(481, 0, 95, 4322423713),
(482, 1, 111, 4322423713),
(483, 0, 44, 4322423713),
(484, 1, 76, 4322423713),
(485, 1, 109, 4322424614),
(486, 0, 34, 4322423713),
(487, 1, 23, 4322423713),
(488, 0, 51, 4322424614),
(489, 0, 8, 4322424614),
(490, 0, 23, 4322424614),
(491, 1, 95, 4322424614),
(492, 1, 63, 4322424614),
(493, 0, 78, 4322464323),
(494, 0, 7, 4322464323),
(495, 1, 38, 4322464323),
(496, 1, 97, 4322464323),
(497, 0, 100, 4322465280),
(498, 0, 45, 4322465280),
(499, 0, 84, 4322465280),
(500, 0, 96, 4322465280),
(501, 0, 33, 4322465280),
(502, 0, 112, 4322465280),
(503, 1, 121, 4322465280),
(504, 1, 85, 4322465280),
(505, 1, 97, 4322465280),
(506, 1, 111, 4322465280),
(507, 1, 76, 4322465280),
(508, 1, 34, 4322465280),
(509, 0, 59, 4322506198),
(510, 1, 38, 4322506198),
(511, 0, 86, 4322506198),
(512, 1, 34, 4322506198),
(513, 0, 46, 4322506198),
(514, 1, 2, 4322506198),
(515, 1, 15, 4322506198),
(516, 0, 102, 4322506198),
(517, 1, 45, 4322506198),
(518, 0, 112, 4322506198),
(519, 0, 91, 4322944973),
(520, 0, 38, 4322944973),
(521, 0, 85, 4322944973),
(522, 0, 31, 4322944973),
(523, 0, 59, 4322944973),
(524, 0, 15, 4322944973),
(525, 1, 78, 4322944973),
(526, 1, 100, 4322944973),
(527, 1, 107, 4322944973),
(528, 1, 55, 4322944973),
(529, 1, 76, 4322944973),
(530, 1, 34, 4322944973),
(531, 0, 100, 4322943034),
(532, 0, 121, 4322943034),
(533, 0, 10, 4322943034),
(534, 0, 1, 4322943034),
(535, 0, 8, 4322943034),
(536, 0, 15, 4322943034),
(537, 1, 92, 4322943034),
(538, 1, 90, 4322943034),
(539, 1, 38, 4322943034),
(540, 1, 3, 4322943034),
(541, 1, 111, 4322943034),
(542, 1, 29, 4322943034),
(543, 0, 38, 4322964160),
(544, 1, 85, 4322964160),
(545, 1, 78, 4322964160),
(546, 0, 85, 4322942001),
(547, 0, 38, 4322942001),
(548, 0, 76, 4322942001),
(549, 0, 69, 4322942001),
(550, 0, 96, 4322942001),
(551, 0, 23, 4322942001),
(552, 1, 97, 4322942001),
(553, 1, 91, 4322942001),
(554, 1, 41, 4322942001),
(555, 1, 121, 4322942001),
(556, 1, 27, 4322942001),
(557, 1, 31, 4322942001),
(558, 0, 91, 4322952595),
(559, 0, 85, 4322952595),
(560, 0, 121, 4322952595),
(561, 0, 41, 4322952595),
(562, 0, 76, 4322952595),
(563, 0, 49, 4322952595),
(564, 1, 38, 4322952595),
(565, 1, 78, 4322952595),
(566, 1, 97, 4322952595),
(567, 1, 109, 4322952595),
(568, 1, 1, 4322952595),
(569, 1, 45, 4322952595),
(570, 0, 121, 4322964160),
(571, 0, 91, 4322964160),
(572, 1, 96, 4322964160),
(573, 0, 28, 4322964160),
(574, 1, 103, 4322964160),
(575, 0, 55, 4322964160),
(576, 1, 41, 4322964160),
(577, 0, 45, 4322964160),
(578, 1, 76, 4322964160),
(579, 0, 50, 4323010596),
(580, 1, 91, 4323010596),
(581, 1, 38, 4323010596),
(582, 0, 78, 4323010596),
(583, 0, 18, 4323010596),
(584, 1, 85, 4323010596),
(585, 0, 55, 4323010596),
(586, 1, 41, 4323010596),
(587, 0, 96, 4323011914),
(588, 1, 38, 4323011914),
(589, 1, 29, 4323010596),
(590, 0, 100, 4323011914),
(591, 1, 19, 4323011914),
(592, 0, 97, 4323010596),
(593, 0, 91, 4323011914),
(594, 1, 97, 4323011914),
(595, 0, 76, 4323011914),
(596, 0, 23, 4323011914),
(597, 1, 85, 4323011914),
(598, 1, 8, 4323011914),
(599, 0, 91, 4323019019),
(600, 1, 85, 4323019019),
(601, 0, 59, 4323010596),
(602, 0, 97, 4323019019),
(603, 1, 96, 4323019019),
(604, 1, 19, 4323019019),
(605, 1, 76, 4323010596),
(606, 0, 92, 4323023582),
(607, 0, 50, 4323023582),
(608, 0, 38, 4323023582),
(609, 1, 91, 4323023582),
(610, 1, 97, 4323023582),
(611, 1, 31, 4323023582),
(612, 0, 41, 4323019019),
(613, 0, 8, 4323023582),
(614, 1, 55, 4323023582),
(615, 0, 18, 4323019019),
(616, 0, 29, 4323019019),
(617, 1, 93, 4323019019),
(618, 1, 76, 4323019019),
(619, 0, 1, 4323023582),
(620, 1, 93, 4323023582),
(621, 1, 9, 4323011914),
(622, 0, 69, 4323019019),
(623, 1, 59, 4323023582),
(624, 0, 52, 4323023582),
(625, 1, 57, 4323019019),
(626, 0, 38, 4323033399),
(627, 1, 19, 4323033399),
(628, 0, 97, 4323033399),
(629, 0, 50, 4323033399),
(630, 1, 78, 4323033399),
(631, 1, 85, 4323033399),
(632, 1, 10, 4323033399),
(633, 0, 16, 4323033399),
(634, 1, 65, 4323033399),
(635, 0, 23, 4323033399),
(636, 0, 96, 4323033399),
(637, 1, 76, 4323033399),
(638, 0, 18, 4323089918),
(639, 0, 78, 4323089918),
(640, 0, 31, 4323089918),
(641, 1, 91, 4323089918),
(642, 1, 38, 4323089918),
(643, 1, 45, 4323089918),
(644, 0, 55, 4323089918),
(645, 1, 28, 4323089918),
(646, 0, 100, 4323089703),
(647, 0, 96, 4323089703),
(648, 1, 91, 4323089703),
(649, 1, 103, 4323089703),
(650, 0, 76, 4323089918),
(651, 1, 13, 4323089918),
(652, 0, 97, 4323096230),
(653, 0, 91, 4323096230),
(654, 1, 92, 4323096230),
(655, 0, 29, 4323089703),
(656, 1, 86, 4323089703),
(657, 0, 31, 4323096230),
(658, 1, 90, 4323096230),
(659, 1, 38, 4323096230),
(660, 0, 100, 4323093994),
(661, 1, 97, 4323093994),
(662, 1, 69, 4323093994),
(663, 0, 59, 4323096230),
(664, 0, 38, 4323089703),
(665, 1, 23, 4323089703),
(666, 0, 50, 4323093994),
(667, 0, 91, 4323093994),
(668, 1, 103, 4323093994),
(669, 0, 29, 4323096230),
(670, 1, 107, 4323096230),
(671, 1, 53, 4323096230),
(672, 0, 76, 4323089703),
(673, 1, 97, 4323089703),
(674, 0, 98, 4323089918),
(675, 1, 19, 4323089918),
(676, 0, 76, 4323093994),
(677, 0, 1, 4323093994),
(678, 1, 41, 4323093994),
(679, 1, 93, 4323093994),
(680, 0, 13, 4323089703),
(681, 1, 28, 4323096230),
(682, 1, 69, 4323089703),
(683, 0, 15, 4323093994),
(684, 1, 8, 4323093994),
(685, 0, 15, 4323096230),
(686, 0, 38, 4323137057),
(687, 0, 19, 4323137057),
(688, 0, 121, 4323137057),
(689, 1, 97, 4323137057),
(690, 1, 16, 4323137057),
(691, 1, 113, 4323137057),
(692, 0, 1, 4323137057),
(693, 1, 28, 4323137057),
(694, 0, 109, 4323137057),
(695, 1, 34, 4323137057),
(696, 0, 23, 4323137057),
(697, 1, 59, 4323137057),
(698, 0, 93, 4323207485),
(699, 0, 47, 4323207485),
(700, 0, 63, 4323207485),
(701, 0, 29, 4323207485),
(702, 0, 31, 4323207485),
(703, 1, 50, 4323207485),
(704, 1, 97, 4323207485),
(705, 1, 85, 4323207485),
(706, 1, 45, 4323207485),
(707, 1, 78, 4323207485),
(708, 0, 92, 4323231369),
(709, 0, 94, 4323231369),
(710, 0, 90, 4323231369),
(711, 1, 100, 4323231369),
(712, 1, 50, 4323231369),
(713, 1, 38, 4323231369),
(714, 0, 98, 4323207485),
(715, 1, 6, 4323207485),
(716, 0, 108, 4323231369),
(717, 0, 29, 4323231369),
(718, 1, 64, 4323231369),
(719, 1, 109, 4323231369),
(720, 1, 76, 4323231369),
(721, 0, 23, 4323231369),
(722, 0, 91, 4323245659),
(723, 1, 97, 4323245659),
(724, 0, 50, 4323245659),
(725, 0, 100, 4323245659),
(726, 1, 38, 4323245659),
(727, 1, 86, 4323245659),
(728, 0, 93, 4323245659),
(729, 0, 41, 4323245659),
(730, 1, 45, 4323245659),
(731, 1, 19, 4323245659),
(732, 0, 59, 4323245659),
(733, 1, 98, 4323245659),
(734, 0, 12, 4323303556),
(735, 0, 99, 4323303556),
(736, 1, 78, 4323303556);

-- --------------------------------------------------------

--
-- Table structure for table `matches_bet`
--

CREATE TABLE `matches_bet` (
  `id` int(11) NOT NULL,
  `result` int(11) NOT NULL,
  `coin` int(11) NOT NULL,
  `is_payed` tinyint(1) NOT NULL,
  `date` datetime(6) NOT NULL,
  `match_id` bigint(20) NOT NULL,
  `user_id` int(11) NOT NULL
) ENGINE=InnoDB DEFAULT CHARSET=utf8;

--
-- Dumping data for table `matches_bet`
--

INSERT INTO `matches_bet` (`id`, `result`, `coin`, `is_payed`, `date`, `match_id`, `user_id`) VALUES
(5, 1, 50, 1, '2019-01-09 00:13:09.244652', 4322469210, 1),
(7, 2, 20, 1, '2019-01-09 09:16:10.960545', 4323010596, 1),
(22, 1, 40, 1, '2019-01-09 10:54:24.272580', 4323089703, 3),
(23, 2, 20, 1, '2019-01-09 10:55:12.810837', 4323093994, 3),
(24, 1, 60, 1, '2019-01-09 10:56:51.893419', 4323093994, 2),
(25, 1, 40, 1, '2019-01-09 10:57:15.002064', 4323137057, 2);

-- --------------------------------------------------------

--
-- Table structure for table `matches_hero`
--

CREATE TABLE `matches_hero` (
  `hero_id` int(11) NOT NULL,
  `hero_name` varchar(100) NOT NULL
) ENGINE=InnoDB DEFAULT CHARSET=utf8;

--
-- Dumping data for table `matches_hero`
--

INSERT INTO `matches_hero` (`hero_id`, `hero_name`) VALUES
(0, 'Null'),
(1, 'Anti-Mage'),
(2, 'Axe'),
(3, 'Bane'),
(4, 'Bloodseeker'),
(5, 'Crystal Maiden'),
(6, 'Drow Ranger'),
(7, 'Earthshaker'),
(8, 'Juggernaut'),
(9, 'Mirana'),
(10, 'Morphling'),
(11, 'Shadow Fiend'),
(12, 'Phantom Lancer'),
(13, 'Puck'),
(14, 'Pudge'),
(15, 'Razor'),
(16, 'Sand King'),
(17, 'Storm Spirit'),
(18, 'Sven'),
(19, 'Tiny'),
(20, 'Vengeful Spirit'),
(21, 'Windranger'),
(22, 'Zeus'),
(23, 'Kunkka'),
(25, 'Lina'),
(26, 'Lion'),
(27, 'Shadow Shaman'),
(28, 'Slardar'),
(29, 'Tidehunter'),
(30, 'Witch Doctor'),
(31, 'Lich'),
(32, 'Riki'),
(33, 'Enigma'),
(34, 'Tinker'),
(35, 'Sniper'),
(36, 'Necrophos'),
(37, 'Warlock'),
(38, 'Beastmaster'),
(39, 'Queen of Pain'),
(40, 'Venomancer'),
(41, 'Faceless Void'),
(42, 'Wraith King'),
(43, 'Death Prophet'),
(44, 'Phantom Assassin'),
(45, 'Pugna'),
(46, 'Templar Assassin'),
(47, 'Viper'),
(48, 'Luna'),
(49, 'Dragon Knight'),
(50, 'Dazzle'),
(51, 'Clockwerk'),
(52, 'Leshrac'),
(53, 'Nature\'s Prophet'),
(54, 'Lifestealer'),
(55, 'Dark Seer'),
(56, 'Clinkz'),
(57, 'Omniknight'),
(58, 'Enchantress'),
(59, 'Huskar'),
(60, 'Night Stalker'),
(61, 'Broodmother'),
(62, 'Bounty Hunter'),
(63, 'Weaver'),
(64, 'Jakiro'),
(65, 'Batrider'),
(66, 'Chen'),
(67, 'Spectre'),
(68, 'Ancient Apparition'),
(69, 'Doom'),
(70, 'Ursa'),
(71, 'Spirit Breaker'),
(72, 'Gyrocopter'),
(73, 'Alchemist'),
(74, 'Invoker'),
(75, 'Silencer'),
(76, 'Outworld Devourer'),
(77, 'Lycan'),
(78, 'Brewmaster'),
(79, 'Shadow Demon'),
(80, 'Lone Druid'),
(81, 'Chaos Knight'),
(82, 'Meepo'),
(83, 'Treant Protector'),
(84, 'Ogre Magi'),
(85, 'Undying'),
(86, 'Rubick'),
(87, 'Disruptor'),
(88, 'Nyx Assassin'),
(89, 'Naga Siren'),
(90, 'Keeper of the Light'),
(91, 'Io'),
(92, 'Visage'),
(93, 'Slark'),
(94, 'Medusa'),
(95, 'Troll Warlord'),
(96, 'Centaur Warrunner'),
(97, 'Magnus'),
(98, 'Timbersaw'),
(99, 'Bristleback'),
(100, 'Tusk'),
(101, 'Skywrath Mage'),
(102, 'Abaddon'),
(103, 'Elder Titan'),
(104, 'Legion Commander'),
(105, 'Techies'),
(106, 'Ember Spirit'),
(107, 'Earth Spirit'),
(108, 'Underlord'),
(109, 'Terrorblade'),
(110, 'Phoenix'),
(111, 'Oracle'),
(112, 'Winter Wyvern'),
(113, 'Arc Warden'),
(114, 'Monkey King'),
(119, 'Dark Willow'),
(120, 'Pangolier'),
(121, 'Grimstroke');

-- --------------------------------------------------------

--
-- Table structure for table `matches_item`
--

CREATE TABLE `matches_item` (
  `item_id` int(11) NOT NULL,
  `item_name` varchar(100) NOT NULL
) ENGINE=InnoDB DEFAULT CHARSET=utf8;

--
-- Dumping data for table `matches_item`
--

INSERT INTO `matches_item` (`item_id`, `item_name`) VALUES
(0, 'Null'),
(1, 'Blink Dagger'),
(2, 'Blades of Attack'),
(3, 'Broadsword'),
(4, 'Chainmail'),
(5, 'Claymore'),
(6, 'Helm of Iron Will'),
(7, 'Javelin'),
(8, 'Mithril Hammer'),
(9, 'Platemail'),
(10, 'Quarterstaff'),
(11, 'Quelling Blade'),
(12, 'Ring of Protection'),
(13, 'Gauntlets of Strength'),
(14, 'Slippers of Agility'),
(15, 'Mantle of Intelligence'),
(16, 'Iron Branch'),
(17, 'Belt of Strength'),
(18, 'Band of Elvenskin'),
(19, 'Robe of the Magi'),
(20, 'Circlet'),
(21, 'Ogre Axe'),
(22, 'Blade of Alacrity'),
(23, 'Staff of Wizardry'),
(24, 'Ultimate Orb'),
(25, 'Gloves of Haste'),
(26, 'Morbid Mask'),
(27, 'Ring of Regen'),
(28, 'Sage\'s Mask'),
(29, 'Boots of Speed'),
(30, 'Gem of True Sight'),
(31, 'Cloak'),
(32, 'Talisman of Evasion'),
(33, 'Cheese'),
(34, 'Magic Stick'),
(35, 'Recipe: Magic Wand'),
(36, 'Magic Wand'),
(37, 'Ghost Scepter'),
(38, 'Clarity'),
(39, 'Healing Salve'),
(40, 'Dust of Appearance'),
(41, 'Bottle'),
(42, 'Observer Ward'),
(43, 'Sentry Ward'),
(44, 'Tango'),
(45, 'Animal Courier'),
(46, 'Town Portal Scroll'),
(47, 'Recipe: Boots of Travel'),
(48, 'Boots of Travel'),
(49, 'Recipe: Phase Boots'),
(50, 'Phase Boots'),
(51, 'Demon Edge'),
(52, 'Eaglesong'),
(53, 'Reaver'),
(54, 'Sacred Relic'),
(55, 'Hyperstone'),
(56, 'Ring of Health'),
(57, 'Void Stone'),
(58, 'Mystic Staff'),
(59, 'Energy Booster'),
(60, 'Point Booster'),
(61, 'Vitality Booster'),
(62, 'Recipe: Power Treads'),
(63, 'Power Treads'),
(64, 'Recipe: Hand of Midas'),
(65, 'Hand of Midas'),
(66, 'Recipe: Oblivion Staff'),
(67, 'Oblivion Staff'),
(68, 'Recipe: Perseverance'),
(69, 'Perseverance'),
(70, 'Recipe: Poor Man\'s Shield'),
(71, 'Poor Man\'s Shield'),
(72, 'Recipe: Bracer'),
(73, 'Bracer'),
(74, 'Recipe: Wraith Band'),
(75, 'Wraith Band'),
(76, 'Recipe: Null Talisman'),
(77, 'Null Talisman'),
(78, 'Recipe: Mekansm'),
(79, 'Mekansm'),
(80, 'Recipe: Vladmir\'s Offering'),
(81, 'Vladmir\'s Offering'),
(85, 'Recipe: Buckler'),
(86, 'Buckler'),
(87, 'Recipe: Ring of Basilius'),
(88, 'Ring of Basilius'),
(89, 'Recipe: Pipe of Insight'),
(90, 'Pipe of Insight'),
(91, 'Recipe: Urn of Shadows'),
(92, 'Urn of Shadows'),
(93, 'Recipe: Headdress'),
(94, 'Headdress'),
(95, 'Recipe: Scythe of Vyse'),
(96, 'Scythe of Vyse'),
(97, 'Recipe: Orchid Malevolence'),
(98, 'Orchid Malevolence'),
(99, 'Recipe: Eul\'s Scepter of Divinity'),
(100, 'Eul\'s Scepter of Divinity'),
(101, 'Recipe: Force Staff'),
(102, 'Force Staff'),
(103, 'Recipe: Dagon'),
(104, 'Dagon'),
(105, 'Recipe: Necronomicon'),
(106, 'Necronomicon'),
(107, 'Recipe: Aghanim\'s Scepter'),
(108, 'Aghanim\'s Scepter'),
(109, 'Recipe: Refresher Orb'),
(110, 'Refresher Orb'),
(111, 'Recipe: Assault Cuirass'),
(112, 'Assault Cuirass'),
(113, 'Recipe: Heart of Tarrasque'),
(114, 'Heart of Tarrasque'),
(115, 'Recipe: Black King Bar'),
(116, 'Black King Bar'),
(117, 'Aegis of the Immortal'),
(118, 'Recipe: Shiva\'s Guard'),
(119, 'Shiva\'s Guard'),
(120, 'Recipe: Bloodstone'),
(121, 'Bloodstone'),
(122, 'Recipe: Linken\'s Sphere'),
(123, 'Linken\'s Sphere'),
(124, 'Recipe: Vanguard'),
(125, 'Vanguard'),
(126, 'Recipe: Blade Mail'),
(127, 'Blade Mail'),
(128, 'Recipe: Soul Booster'),
(129, 'Soul Booster'),
(130, 'Recipe: Hood of Defiance'),
(131, 'Hood of Defiance'),
(132, 'Recipe: Divine Rapier'),
(133, 'Divine Rapier'),
(134, 'Recipe: Monkey King Bar'),
(135, 'Monkey King Bar'),
(136, 'Recipe: Radiance'),
(137, 'Radiance'),
(138, 'Recipe: Butterfly'),
(139, 'Butterfly'),
(140, 'Recipe: Daedalus'),
(141, 'Daedalus'),
(142, 'Recipe: Skull Basher'),
(143, 'Skull Basher'),
(144, 'Recipe: Battle Fury'),
(145, 'Battle Fury'),
(146, 'Recipe: Manta Style'),
(147, 'Manta Style'),
(148, 'Recipe: Crystalys'),
(149, 'Crystalys'),
(150, 'Recipe: Armlet of Mordiggian'),
(151, 'Armlet of Mordiggian'),
(152, 'Shadow Blade'),
(153, 'Recipe: Sange and Yasha'),
(154, 'Sange and Yasha'),
(155, 'Recipe: Satanic'),
(156, 'Satanic'),
(157, 'Recipe: Mjollnir'),
(158, 'Mjollnir'),
(159, 'Recipe: Eye of Skadi'),
(160, 'Eye of Skadi'),
(161, 'Recipe: Sange'),
(162, 'Sange'),
(163, 'Recipe: Helm of the Dominator'),
(164, 'Helm of the Dominator'),
(165, 'Recipe: Maelstrom'),
(166, 'Maelstrom'),
(167, 'Recipe: Desolator'),
(168, 'Desolator'),
(169, 'Recipe: Yasha'),
(170, 'Yasha'),
(171, 'Recipe: Mask of Madness'),
(172, 'Mask of Madness'),
(173, 'Recipe: Diffusal Blade'),
(174, 'Diffusal Blade'),
(175, 'Recipe: Ethereal Blade'),
(176, 'Ethereal Blade'),
(177, 'Recipe: Soul Ring'),
(178, 'Soul Ring'),
(179, 'Recipe: Arcane Boots'),
(180, 'Arcane Boots'),
(181, 'Orb of Venom'),
(182, 'Stout Shield'),
(183, 'Recipe: Shadow Blade'),
(184, 'Recipe: Drum of Endurance'),
(185, 'Drum of Endurance'),
(186, 'Recipe: Medallion of Courage'),
(187, 'Medallion of Courage'),
(188, 'Smoke of Deceit'),
(189, 'Recipe: Veil of Discord'),
(190, 'Veil of Discord'),
(191, 'Recipe: Necronomicon'),
(192, 'Recipe: Necronomicon'),
(193, 'Necronomicon'),
(194, 'Necronomicon'),
(197, 'Recipe: Dagon'),
(198, 'Recipe: Dagon'),
(199, 'Recipe: Dagon'),
(200, 'Recipe: Dagon'),
(201, 'Dagon'),
(202, 'Dagon'),
(203, 'Dagon'),
(204, 'Dagon'),
(205, 'Recipe: Rod of Atos'),
(206, 'Rod of Atos'),
(207, 'Recipe: Abyssal Blade'),
(208, 'Abyssal Blade'),
(209, 'Recipe: Heaven\'s Halberd'),
(210, 'Heaven\'s Halberd'),
(211, 'Recipe: Ring of Aquila'),
(212, 'Ring of Aquila'),
(213, 'Recipe: Tranquil Boots'),
(214, 'Tranquil Boots'),
(215, 'Shadow Amulet'),
(216, 'Enchanted Mango'),
(217, 'Recipe: Observer and Sentry Wards'),
(218, 'Observer and Sentry Wards'),
(219, 'Recipe: Boots of Travel'),
(220, 'Boots of Travel'),
(221, 'Recipe: Lotus Orb'),
(222, 'Recipe: Meteor Hammer'),
(223, 'Meteor Hammer'),
(224, 'Recipe: Nullifier'),
(225, 'Nullifier'),
(226, 'Lotus Orb'),
(227, 'Recipe: Solar Crest'),
(228, 'Recipe: Octarine Core'),
(229, 'Solar Crest'),
(230, 'Recipe: Guardian Greaves'),
(231, 'Guardian Greaves'),
(232, 'Aether Lens'),
(233, 'Recipe: Aether Lens'),
(234, 'Recipe: Dragon Lance'),
(235, 'Octarine Core'),
(236, 'Dragon Lance'),
(237, 'Faerie Fire'),
(238, 'Iron Talon Recipe'),
(239, 'Iron Talon'),
(240, 'Blight Stone'),
(241, 'Tango (Shared)'),
(242, 'Crimson Guard'),
(243, 'Recipe: Crimson Guard'),
(244, 'Wind Lace'),
(245, 'Recipe: Bloodthorn'),
(246, 'Recipe: Moon Shard'),
(247, 'Moon Shard'),
(248, 'Recipe: Silver Edge'),
(249, 'Silver Edge'),
(250, 'Bloodthorn'),
(251, 'Recipe: Echo Sabre'),
(252, 'Echo Sabre'),
(253, 'Recipe: Glimmer Cape'),
(254, 'Glimmer Cape'),
(255, 'Recipe: Aeon Disk'),
(256, 'Aeon Disk'),
(257, 'Tome of Knowledge'),
(258, 'Recipe: Kaya'),
(259, 'Kaya'),
(260, 'Refresher Shard'),
(261, 'Crown'),
(262, 'Recipe: Hurricane Pike'),
(263, 'Hurricane Pike'),
(265, 'Infused Raindrops'),
(266, 'Recipe: Spirit Vessel'),
(267, 'Spirit Vessel'),
(268, 'Recipe: Holy Locket'),
(269, 'Holy Locket'),
(272, 'Recipe: Kaya and Sange'),
(273, 'Kaya and Sange'),
(274, 'Recipe: Yasha and Kaya'),
(275, 'DOTA_Tooltip_Ability_item_trident'),
(276, 'DOTA_Tooltip_Ability_item_combo_breaker'),
(277, 'Yasha and Kaya'),
(279, 'Ring of Tarrasque'),
(1021, 'River Vial: Chrome'),
(1022, 'River Vial: Dry'),
(1023, 'River Vial: Slime'),
(1024, 'River Vial: Oil'),
(1025, 'River Vial: Electrified'),
(1026, 'River Vial: Potion'),
(1027, 'River Vial: Blood'),
(1028, 'Tombstone'),
(1029, 'Super Blink Dagger'),
(1030, 'Pocket Tower'),
(1032, 'Pocket Roshan');

-- --------------------------------------------------------

--
-- Table structure for table `matches_item_inventory`
--

CREATE TABLE `matches_item_inventory` (
  `id` int(11) NOT NULL,
  `slot` int(11) NOT NULL,
  `item_id` int(11) NOT NULL,
  `match_id` bigint(20) NOT NULL,
  `player_id` bigint(20) NOT NULL
) ENGINE=InnoDB DEFAULT CHARSET=utf8;

--
-- Dumping data for table `matches_item_inventory`
--

INSERT INTO `matches_item_inventory` (`id`, `slot`, `item_id`, `match_id`, `player_id`) VALUES
(1, 0, 44, 4320686482, 0),
(2, 5, 0, 4320689190, 143081508),
(3, 0, 0, 4320689190, 308466085),
(4, 0, 0, 4320689190, 907838192),
(5, 5, 0, 4320689190, 146249981),
(6, 0, 0, 4320689190, 149160027),
(7, 0, 50, 4320686482, 0),
(8, 3, 36, 4320686482, 0),
(9, 2, 63, 4320686482, 0),
(10, 0, 75, 4320686482, 0),
(11, 0, 44, 4320689190, 143081508),
(12, 1, 182, 4320689190, 143081508),
(13, 2, 39, 4320689190, 143081508),
(14, 4, 16, 4320689190, 143081508),
(15, 0, 181, 4320689190, 308466085),
(16, 1, 39, 4320689190, 308466085),
(17, 2, 44, 4320689190, 308466085),
(18, 3, 16, 4320689190, 308466085),
(19, 4, 216, 4320689190, 308466085),
(20, 5, 42, 4320689190, 308466085),
(21, 0, 29, 4320689190, 907838192),
(22, 1, 16, 4320689190, 907838192),
(23, 2, 38, 4320689190, 907838192),
(24, 5, 241, 4320689190, 907838192),
(25, 4, 42, 4320689190, 907838192),
(26, 0, 39, 4320689190, 146249981),
(27, 3, 43, 4320689190, 146249981),
(28, 2, 44, 4320689190, 146249981),
(29, 0, 44, 4320689190, 149160027),
(30, 4, 216, 4320689190, 149160027),
(31, 2, 16, 4320689190, 149160027),
(32, 3, 182, 4320689190, 149160027),
(33, 5, 39, 4320689190, 149160027),
(34, 0, 20, 4320689190, 912560612),
(35, 1, 16, 4320689190, 912560612),
(36, 3, 14, 4320689190, 912560612),
(37, 4, 237, 4320689190, 912560612),
(38, 5, 0, 4320689190, 912560612),
(39, 5, 0, 4320689190, 114231292),
(40, 0, 182, 4320689190, 199856605),
(41, 4, 44, 4320689190, 199856605),
(42, 3, 216, 4320689190, 199856605),
(43, 1, 16, 4320689190, 199856605),
(44, 5, 0, 4320689190, 199856605),
(45, 4, 0, 4320689190, 138535219),
(46, 0, 182, 4320689190, 117700993),
(47, 1, 44, 4320689190, 117700993),
(48, 2, 39, 4320689190, 117700993),
(49, 3, 216, 4320689190, 117700993),
(50, 5, 0, 4320689190, 117700993),
(51, 1, 152, 4320686482, 0),
(52, 2, 182, 4320686482, 0),
(53, 5, 0, 4320686482, 0),
(54, 0, 86, 4320686482, 0),
(55, 2, 180, 4320686482, 0),
(56, 5, 94, 4320686482, 0),
(57, 4, 40, 4320686482, 0),
(58, 0, 42, 4320686482, 0),
(59, 3, 181, 4320686482, 0),
(60, 4, 215, 4320686482, 0),
(61, 3, 240, 4320686482, 0),
(62, 4, 8, 4320686482, 0),
(63, 0, 4, 4320686482, 0),
(64, 4, 188, 4320686482, 0),
(65, 1, 28, 4320686482, 0),
(66, 0, 1, 4320686482, 0),
(67, 1, 6, 4320686482, 0),
(68, 2, 38, 4320686482, 0),
(69, 3, 261, 4320686482, 0),
(70, 4, 16, 4320686482, 0),
(71, 1, 79, 4320686482, 0),
(72, 1, 237, 4320686482, 0),
(73, 4, 21, 4320686482, 0),
(74, 5, 88, 4320686482, 0),
(75, 0, 185, 4320686482, 0),
(76, 4, 2, 4320686482, 0),
(77, 4, 3, 4320686482, 0),
(78, 4, 92, 4320686482, 0),
(79, 1, 102, 4320686482, 0),
(80, 3, 77, 4320686482, 0),
(81, 5, 244, 4320686482, 0),
(82, 5, 17, 4320686482, 0),
(83, 1, 187, 4320686482, 0),
(84, 5, 27, 4320686482, 0),
(85, 4, 236, 4320686482, 0),
(86, 4, 149, 4320686482, 0),
(87, 0, 216, 4320689190, 138535219),
(88, 1, 44, 4320689190, 138535219),
(89, 2, 39, 4320689190, 138535219),
(90, 1, 106, 4320686482, 0),
(91, 5, 241, 4320689190, 912560612),
(92, 0, 218, 4320689190, 114231292),
(93, 1, 44, 4320689190, 114231292),
(94, 2, 216, 4320689190, 114231292),
(95, 3, 38, 4320689190, 114231292),
(96, 5, 182, 4320689190, 138535219),
(97, 4, 218, 4320689190, 117700993),
(98, 3, 168, 4320686482, 0),
(99, 5, 42, 4320689190, 199856605),
(100, 4, 43, 4320689190, 117700993),
(101, 0, 29, 4321171381, 91654584),
(102, 1, 0, 4321171381, 91654584),
(103, 2, 36, 4321171381, 91654584),
(104, 3, 188, 4321171381, 91654584),
(105, 4, 218, 4321171381, 91654584),
(106, 5, 232, 4321171381, 91654584),
(107, 0, 180, 4321171381, 94281932),
(108, 1, 90, 4321171381, 94281932),
(109, 2, 36, 4321171381, 94281932),
(110, 3, 125, 4321171381, 94281932),
(111, 4, 178, 4321171381, 94281932),
(112, 5, 100, 4321171381, 94281932),
(113, 0, 29, 4321171381, 151771762),
(114, 1, 40, 4321171381, 151771762),
(115, 2, 36, 4321171381, 151771762),
(116, 5, 77, 4321171381, 151771762),
(117, 0, 1, 4321171381, 316217576),
(118, 1, 252, 4321171381, 316217576),
(119, 2, 50, 4321171381, 316217576),
(120, 3, 36, 4321171381, 316217576),
(121, 4, 73, 4321171381, 316217576),
(122, 5, 11, 4321171381, 316217576),
(123, 0, 26, 4321171381, 389022189),
(124, 1, 277, 4321171381, 389022189),
(125, 2, 75, 4321171381, 389022189),
(126, 3, 160, 4321171381, 389022189),
(127, 4, 63, 4321171381, 389022189),
(128, 5, 36, 4321171381, 389022189),
(129, 0, 63, 4321171381, 397574220),
(130, 1, 139, 4321171381, 397574220),
(131, 2, 147, 4321171381, 397574220),
(132, 3, 236, 4321171381, 397574220),
(133, 4, 36, 4321171381, 397574220),
(134, 5, 172, 4321171381, 397574220),
(135, 0, 141, 4321171381, 211531481),
(136, 5, 73, 4321171381, 211531481),
(137, 2, 152, 4321171381, 211531481),
(138, 3, 50, 4321171381, 211531481),
(139, 4, 116, 4321171381, 211531481),
(140, 0, 1, 4321171381, 113874152),
(141, 1, 36, 4321171381, 113874152),
(142, 2, 125, 4321171381, 113874152),
(143, 3, 50, 4321171381, 113874152),
(144, 4, 41, 4321171381, 113874152),
(145, 5, 90, 4321171381, 113874152),
(146, 0, 178, 4321171381, 127077041),
(147, 1, 36, 4321171381, 127077041),
(148, 2, 73, 4321171381, 127077041),
(149, 3, 92, 4321171381, 127077041),
(150, 4, 79, 4321171381, 127077041),
(151, 5, 0, 4321171381, 127077041),
(152, 0, 36, 4321171381, 86940305),
(153, 1, 81, 4321171381, 86940305),
(154, 2, 73, 4321171381, 86940305),
(155, 3, 11, 4321171381, 86940305),
(156, 4, 0, 4321171381, 86940305),
(157, 5, 214, 4321171381, 86940305),
(158, 0, 42, 4321188948, 0),
(159, 1, 1, 4321188948, 0),
(160, 5, 16, 4321188948, 0),
(161, 1, 38, 4321188948, 0),
(162, 5, 180, 4321188948, 0),
(163, 0, 152, 4321188948, 0),
(164, 2, 75, 4321188948, 0),
(165, 2, 164, 4321188948, 0),
(166, 0, 63, 4321188948, 0),
(167, 4, 170, 4321188948, 0),
(168, 5, 172, 4321188948, 0),
(169, 0, 61, 4321188948, 0),
(170, 0, 50, 4321188948, 0),
(171, 2, 190, 4321188948, 0),
(172, 4, 100, 4321188948, 0),
(173, 3, 116, 4321188948, 0),
(174, 5, 58, 4321188948, 0),
(175, 2, 125, 4321188948, 0),
(176, 3, 127, 4321188948, 0),
(177, 4, 88, 4321188948, 0),
(178, 0, 36, 4321188948, 0),
(179, 2, 77, 4321188948, 0),
(180, 0, 102, 4321188948, 0),
(181, 5, 206, 4321188948, 0),
(182, 1, 108, 4321188948, 0),
(183, 1, 154, 4321188948, 0),
(184, 4, 236, 4321188948, 0),
(185, 1, 73, 4321188948, 0),
(186, 3, 40, 4321188948, 0),
(187, 4, 60, 4321188948, 0),
(188, 0, 254, 4321188948, 0),
(189, 2, 232, 4321188948, 0),
(190, 3, 23, 4321188948, 0),
(191, 5, 57, 4321188948, 0),
(192, 4, 214, 4321188948, 0),
(193, 0, 29, 4321192332, 407432251),
(194, 1, 1, 4321192332, 407432251),
(195, 4, 0, 4321192332, 407432251),
(196, 5, 40, 4321192332, 407432251),
(197, 0, 151, 4321192332, 174003068),
(198, 1, 11, 4321192332, 174003068),
(199, 2, 63, 4321192332, 174003068),
(200, 3, 252, 4321192332, 174003068),
(201, 4, 0, 4321192332, 174003068),
(202, 5, 182, 4321192332, 174003068),
(203, 0, 63, 4321192332, 914395903),
(204, 1, 127, 4321192332, 914395903),
(205, 2, 242, 4321192332, 914395903),
(206, 3, 36, 4321192332, 914395903),
(207, 4, 88, 4321192332, 914395903),
(208, 5, 0, 4321192332, 914395903),
(209, 0, 36, 4321192332, 290112834),
(210, 1, 254, 4321192332, 290112834),
(211, 2, 180, 4321192332, 290112834),
(212, 4, 77, 4321192332, 290112834),
(213, 5, 218, 4321192332, 290112834),
(214, 0, 164, 4321192332, 167168064),
(215, 1, 214, 4321192332, 167168064),
(216, 2, 187, 4321192332, 167168064),
(217, 3, 88, 4321192332, 167168064),
(218, 4, 16, 4321192332, 167168064),
(219, 5, 244, 4321192332, 167168064),
(220, 0, 125, 4321192332, 373493121),
(221, 1, 127, 4321192332, 373493121),
(222, 2, 38, 4321192332, 373493121),
(223, 3, 216, 4321192332, 373493121),
(224, 4, 0, 4321192332, 373493121),
(225, 5, 214, 4321192332, 373493121),
(226, 0, 218, 4321192332, 349504323),
(227, 1, 187, 4321192332, 349504323),
(228, 2, 29, 4321192332, 349504323),
(229, 3, 181, 4321192332, 349504323),
(230, 5, 77, 4321192332, 349504323),
(231, 0, 36, 4321192332, 894750571),
(232, 1, 63, 4321192332, 894750571),
(233, 2, 236, 4321192332, 894750571),
(234, 5, 75, 4321192332, 894750571),
(235, 4, 73, 4321192332, 913754776),
(236, 1, 151, 4321192332, 913754776),
(237, 3, 63, 4321192332, 913754776),
(238, 5, 162, 4321192332, 913754776),
(239, 0, 92, 4321192332, 227017122),
(240, 1, 23, 4321192332, 227017122),
(241, 2, 27, 4321192332, 227017122),
(242, 3, 39, 4321192332, 227017122),
(243, 4, 0, 4321192332, 227017122),
(244, 5, 214, 4321192332, 227017122),
(245, 0, 214, 4321171381, 91654584),
(246, 3, 242, 4321171381, 94281932),
(247, 1, 149, 4321171381, 211531481),
(248, 5, 38, 4321171381, 211531481),
(249, 2, 242, 4321171381, 113874152),
(250, 5, 0, 4321260691, 0),
(251, 0, 237, 4321260691, 0),
(252, 1, 39, 4321260691, 0),
(253, 2, 14, 4321260691, 0),
(254, 4, 241, 4321260691, 0),
(255, 5, 44, 4321260691, 0),
(256, 2, 182, 4321260691, 0),
(257, 1, 11, 4321260691, 0),
(258, 0, 188, 4321260691, 0),
(259, 2, 38, 4321260691, 0),
(260, 4, 42, 4321260691, 0),
(261, 5, 15, 4321260691, 0),
(262, 4, 20, 4321260691, 0),
(263, 1, 75, 4321260691, 0),
(264, 5, 16, 4321260691, 0),
(265, 5, 244, 4321260691, 0),
(266, 0, 0, 4321256255, 470392491),
(267, 1, 0, 4321256255, 198161112),
(268, 1, 0, 4321256255, 134711350),
(269, 2, 0, 4321256255, 167072778),
(270, 1, 0, 4321256255, 129748056),
(271, 0, 0, 4321256255, 875883083),
(272, 3, 0, 4321256255, 134683396),
(273, 0, 0, 4321256255, 160371593),
(274, 4, 0, 4321256255, 141833801),
(275, 5, 0, 4321256255, 405693005),
(276, 5, 0, 4321252305, 91654584),
(277, 0, 0, 4321252305, 94281932),
(278, 4, 0, 4321252305, 151771762),
(279, 3, 0, 4321252305, 316217576),
(280, 4, 0, 4321252305, 389022189),
(281, 3, 0, 4321252305, 397574220),
(282, 1, 0, 4321252305, 211531481),
(283, 4, 0, 4321252305, 113874152),
(284, 5, 0, 4321252305, 127077041),
(285, 4, 0, 4321252305, 86940305),
(286, 1, 13, 4321260691, 0),
(287, 2, 34, 4321260691, 0),
(288, 1, 73, 4321260691, 0),
(289, 0, 77, 4321260691, 0),
(290, 1, 29, 4321260691, 0),
(291, 0, 36, 4321260691, 0),
(292, 1, 25, 4321260691, 0),
(293, 4, 265, 4321260691, 0),
(294, 0, 4, 4321260691, 0),
(295, 0, 50, 4321260691, 0),
(296, 3, 63, 4321260691, 0),
(297, 1, 214, 4321260691, 0),
(298, 1, 44, 4321252305, 91654584),
(299, 3, 216, 4321252305, 91654584),
(300, 4, 237, 4321252305, 91654584),
(301, 3, 241, 4321252305, 94281932),
(302, 1, 182, 4321252305, 94281932),
(303, 3, 16, 4321252305, 94281932),
(304, 4, 13, 4321252305, 94281932),
(305, 2, 11, 4321252305, 94281932),
(306, 0, 44, 4321252305, 151771762),
(307, 1, 39, 4321252305, 151771762),
(308, 2, 216, 4321252305, 151771762),
(309, 3, 182, 4321252305, 151771762),
(310, 5, 38, 4321252305, 151771762),
(311, 0, 44, 4321252305, 316217576),
(312, 2, 15, 4321252305, 316217576),
(313, 0, 16, 4321252305, 316217576),
(314, 0, 44, 4321252305, 389022189),
(315, 3, 237, 4321252305, 389022189),
(316, 2, 14, 4321252305, 389022189),
(317, 3, 20, 4321252305, 389022189),
(318, 4, 16, 4321252305, 389022189),
(319, 0, 16, 4321252305, 397574220),
(320, 5, 11, 4321252305, 397574220),
(321, 3, 44, 4321252305, 397574220),
(322, 4, 39, 4321252305, 397574220),
(323, 5, 182, 4321252305, 397574220),
(324, 1, 13, 4321252305, 211531481),
(325, 2, 241, 4321252305, 211531481),
(326, 1, 182, 4321252305, 211531481),
(327, 4, 11, 4321252305, 211531481),
(328, 5, 39, 4321252305, 211531481),
(329, 0, 44, 4321252305, 113874152),
(330, 1, 39, 4321252305, 113874152),
(331, 2, 11, 4321252305, 113874152),
(332, 3, 182, 4321252305, 113874152),
(333, 1, 216, 4321252305, 113874152),
(334, 0, 44, 4321252305, 127077041),
(335, 1, 39, 4321252305, 127077041),
(336, 5, 15, 4321252305, 127077041),
(337, 3, 237, 4321252305, 127077041),
(338, 5, 16, 4321252305, 127077041),
(339, 0, 216, 4321252305, 86940305),
(340, 5, 16, 4321252305, 86940305),
(341, 3, 44, 4321252305, 86940305),
(342, 0, 180, 4321260691, 0),
(343, 0, 44, 4321256255, 470392491),
(344, 1, 182, 4321256255, 470392491),
(345, 2, 216, 4321256255, 470392491),
(346, 3, 16, 4321256255, 470392491),
(347, 0, 44, 4321256255, 198161112),
(348, 1, 42, 4321256255, 198161112),
(349, 3, 182, 4321256255, 198161112),
(350, 0, 16, 4321256255, 134711350),
(351, 3, 241, 4321256255, 134711350),
(352, 2, 11, 4321256255, 134711350),
(353, 4, 14, 4321256255, 134711350),
(354, 1, 182, 4321256255, 134711350),
(355, 4, 38, 4321256255, 167072778),
(356, 1, 15, 4321256255, 167072778),
(357, 0, 237, 4321256255, 167072778),
(358, 3, 20, 4321256255, 167072778),
(359, 4, 44, 4321256255, 167072778),
(360, 0, 44, 4321256255, 129748056),
(361, 1, 39, 4321256255, 129748056),
(362, 4, 182, 4321256255, 129748056),
(363, 0, 241, 4321256255, 875883083),
(364, 5, 14, 4321256255, 875883083),
(365, 4, 16, 4321256255, 875883083),
(366, 3, 20, 4321256255, 875883083),
(367, 0, 182, 4321256255, 134683396),
(368, 1, 44, 4321256255, 134683396),
(369, 5, 16, 4321256255, 134683396),
(370, 0, 42, 4321256255, 160371593),
(371, 2, 216, 4321256255, 160371593),
(372, 3, 44, 4321256255, 160371593),
(373, 0, 182, 4321256255, 160371593),
(374, 0, 182, 4321256255, 141833801),
(375, 1, 218, 4321256255, 141833801),
(376, 2, 44, 4321256255, 141833801),
(377, 4, 39, 4321256255, 141833801),
(378, 5, 237, 4321256255, 405693005),
(379, 5, 44, 4321256255, 405693005),
(380, 2, 20, 4321256255, 405693005),
(381, 3, 15, 4321256255, 405693005),
(382, 4, 16, 4321256255, 405693005),
(383, 0, 216, 4321252305, 94281932),
(384, 1, 39, 4321252305, 94281932),
(385, 4, 34, 4321252305, 127077041),
(386, 5, 215, 4321260691, 0),
(387, 4, 12, 4321252305, 113874152),
(388, 5, 34, 4321252305, 113874152),
(389, 2, 73, 4321252305, 94281932),
(390, 5, 73, 4321252305, 211531481),
(391, 2, 65, 4321260691, 0),
(392, 3, 28, 4321260691, 0),
(393, 2, 261, 4321260691, 0),
(394, 1, 44, 4321256255, 134711350),
(395, 3, 11, 4321256255, 129748056),
(396, 0, 182, 4321252305, 91654584),
(397, 2, 42, 4321252305, 91654584),
(398, 0, 29, 4321252305, 151771762),
(399, 3, 34, 4321252305, 316217576),
(400, 1, 36, 4321252305, 127077041),
(401, 4, 38, 4321252305, 127077041),
(402, 3, 88, 4321260691, 0),
(403, 5, 31, 4321260691, 0),
(404, 2, 11, 4321256255, 470392491),
(405, 0, 34, 4321256255, 198161112),
(406, 0, 34, 4321256255, 134683396),
(407, 2, 11, 4321256255, 134683396),
(408, 5, 34, 4321256255, 160371593),
(409, 0, 75, 4321252305, 389022189),
(410, 4, 34, 4321256255, 470392491),
(411, 5, 75, 4321256255, 134711350),
(412, 3, 77, 4321256255, 167072778),
(413, 4, 75, 4321256255, 875883083),
(414, 1, 34, 4321256255, 141833801),
(415, 3, 42, 4321256255, 141833801),
(416, 5, 34, 4321256255, 405693005),
(417, 4, 77, 4321252305, 316217576),
(418, 4, 75, 4321252305, 397574220),
(419, 0, 72, 4321252305, 211531481),
(420, 4, 7, 4321260691, 0),
(421, 4, 152, 4321260691, 0),
(422, 3, 12, 4321256255, 470392491),
(423, 5, 75, 4321256255, 129748056),
(424, 2, 34, 4321252305, 151771762),
(425, 3, 218, 4321252305, 86940305),
(426, 2, 39, 4321256255, 160371593),
(427, 4, 77, 4321256255, 405693005),
(428, 2, 36, 4321256255, 405693005),
(429, 4, 41, 4321252305, 94281932),
(430, 2, 36, 4321252305, 316217576),
(431, 3, 34, 4321252305, 389022189),
(432, 3, 185, 4321260691, 0),
(433, 1, 29, 4321256255, 470392491),
(434, 1, 34, 4321256255, 134711350),
(435, 3, 29, 4321256255, 134711350),
(436, 2, 42, 4321256255, 167072778),
(437, 5, 188, 4321256255, 167072778),
(438, 5, 29, 4321252305, 316217576),
(439, 0, 241, 4321252305, 397574220),
(440, 3, 56, 4321252305, 397574220),
(441, 0, 94, 4321252305, 113874152),
(442, 4, 88, 4321252305, 113874152),
(443, 4, 18, 4321260691, 0),
(444, 3, 92, 4321260691, 0),
(445, 3, 14, 4321256255, 134683396),
(446, 5, 75, 4321256255, 134683396),
(447, 0, 29, 4321252305, 94281932),
(448, 4, 29, 4321252305, 389022189),
(449, 1, 73, 4321252305, 113874152),
(450, 0, 29, 4321252305, 127077041),
(451, 2, 77, 4321252305, 127077041),
(452, 3, 42, 4321252305, 86940305),
(453, 3, 81, 4321260691, 0),
(454, 0, 2, 4321256255, 129748056),
(455, 0, 29, 4321252305, 397574220),
(456, 3, 29, 4321252305, 211531481),
(457, 4, 81, 4321252305, 113874152),
(458, 0, 214, 4321252305, 127077041),
(459, 3, 265, 4321252305, 127077041),
(460, 2, 254, 4321260691, 0),
(461, 3, 36, 4321256255, 134711350),
(462, 5, 29, 4321256255, 141833801),
(463, 0, 29, 4321256255, 405693005),
(464, 2, 29, 4321252305, 91654584),
(465, 3, 218, 4321252305, 91654584),
(466, 5, 20, 4321252305, 127077041),
(467, 3, 43, 4321252305, 86940305),
(468, 4, 29, 4321256255, 198161112),
(469, 1, 29, 4321256255, 875883083),
(470, 0, 29, 4321256255, 160371593),
(471, 2, 43, 4321252305, 91654584),
(472, 3, 88, 4321256255, 470392491),
(473, 5, 94, 4321256255, 470392491),
(474, 2, 29, 4321256255, 167072778),
(475, 4, 43, 4321256255, 141833801),
(476, 0, 50, 4321252305, 94281932),
(477, 1, 34, 4321252305, 86940305),
(478, 5, 60, 4321260691, 0),
(479, 1, 236, 4321260691, 0),
(480, 5, 25, 4321256255, 134711350),
(481, 0, 63, 4321256255, 129748056),
(482, 1, 29, 4321256255, 134683396),
(483, 3, 81, 4321256255, 470392491),
(484, 1, 218, 4321256255, 198161112),
(485, 2, 38, 4321256255, 198161112),
(486, 1, 188, 4321256255, 198161112),
(487, 1, 63, 4321256255, 875883083),
(488, 3, 26, 4321252305, 389022189),
(489, 3, 63, 4321252305, 211531481),
(490, 3, 92, 4321252305, 127077041),
(491, 4, 166, 4321260691, 0),
(492, 5, 23, 4321260691, 0),
(493, 1, 43, 4321256255, 198161112),
(494, 4, 241, 4321256255, 134683396),
(495, 5, 180, 4321256255, 405693005),
(496, 3, 265, 4321252305, 91654584),
(497, 3, 50, 4321252305, 113874152),
(498, 1, 36, 4321252305, 86940305),
(499, 3, 257, 4321252305, 86940305),
(500, 0, 50, 4321256255, 134711350),
(501, 4, 2, 4321256255, 134683396),
(502, 0, 38, 4321252305, 316217576),
(503, 2, 21, 4321260691, 0),
(504, 4, 102, 4321260691, 0),
(505, 1, 180, 4321256255, 470392491),
(506, 0, 18, 4321256255, 875883083),
(507, 1, 63, 4321256255, 134683396),
(508, 4, 257, 4321252305, 91654584),
(509, 5, 91, 4321252305, 91654584),
(510, 4, 63, 4321252305, 389022189),
(511, 1, 5, 4321252305, 211531481),
(512, 4, 170, 4321260691, 0),
(513, 5, 22, 4321260691, 0),
(514, 2, 4, 4321256255, 470392491),
(515, 3, 11, 4321256255, 141833801),
(516, 5, 28, 4321256255, 405693005),
(517, 1, 1, 4321252305, 94281932),
(518, 2, 188, 4321252305, 86940305),
(519, 1, 1, 4321260691, 0),
(520, 0, 38, 4321256255, 160371593),
(521, 3, 244, 4321256255, 160371593),
(522, 2, 51, 4321252305, 397574220),
(523, 4, 26, 4321256255, 134683396),
(524, 4, 188, 4321252305, 127077041),
(525, 1, 108, 4321260691, 0),
(526, 2, 86, 4321256255, 470392491),
(527, 0, 36, 4321256255, 198161112),
(528, 0, 170, 4321256255, 875883083),
(529, 3, 214, 4321256255, 160371593),
(530, 4, 43, 4321256255, 160371593),
(531, 0, 1, 4321252305, 316217576),
(532, 3, 170, 4321252305, 389022189),
(533, 2, 152, 4321252305, 211531481),
(534, 4, 40, 4321252305, 211531481),
(535, 0, 1, 4321252305, 113874152),
(536, 5, 31, 4321252305, 127077041),
(537, 2, 57, 4321260691, 0),
(538, 5, 59, 4321260691, 0),
(539, 0, 147, 4321260691, 0),
(540, 0, 79, 4321256255, 470392491),
(541, 5, 12, 4321256255, 198161112),
(542, 4, 170, 4321256255, 134711350),
(543, 1, 180, 4321256255, 167072778),
(544, 0, 34, 4321256255, 167072778),
(545, 1, 51, 4321256255, 129748056),
(546, 4, 172, 4321256255, 134683396),
(547, 0, 188, 4321256255, 160371593),
(548, 5, 180, 4321256255, 141833801),
(549, 2, 106, 4321256255, 405693005),
(550, 5, 9, 4321256255, 470392491),
(551, 2, 88, 4321256255, 198161112),
(552, 2, 174, 4321256255, 134711350),
(553, 1, 232, 4321256255, 167072778),
(554, 5, 117, 4321256255, 129748056),
(555, 3, 145, 4321256255, 129748056),
(556, 0, 147, 4321256255, 875883083),
(557, 3, 32, 4321256255, 875883083),
(558, 5, 236, 4321256255, 875883083),
(559, 2, 116, 4321256255, 134683396),
(560, 4, 73, 4321256255, 160371593),
(561, 1, 194, 4321256255, 405693005),
(562, 1, 92, 4321252305, 91654584),
(563, 3, 152, 4321252305, 94281932),
(564, 5, 252, 4321252305, 94281932),
(565, 0, 214, 4321252305, 151771762),
(566, 1, 1, 4321252305, 151771762),
(567, 4, 40, 4321252305, 151771762),
(568, 1, 100, 4321252305, 316217576),
(569, 1, 147, 4321252305, 389022189),
(570, 1, 63, 4321252305, 397574220),
(571, 2, 170, 4321252305, 397574220),
(572, 3, 145, 4321252305, 397574220),
(573, 4, 116, 4321252305, 211531481),
(574, 2, 40, 4321252305, 113874152),
(575, 5, 252, 4321252305, 113874152),
(576, 4, 254, 4321252305, 127077041),
(577, 5, 40, 4321252305, 127077041),
(578, 5, 29, 4321252305, 86940305),
(579, 5, 214, 4321256255, 167072778),
(580, 4, 43, 4321256255, 167072778),
(581, 4, 240, 4321256255, 129748056),
(582, 0, 218, 4321256255, 160371593),
(583, 2, 36, 4321252305, 151771762),
(584, 1, 231, 4321256255, 470392491),
(585, 4, 168, 4321256255, 129748056),
(586, 3, 139, 4321256255, 875883083),
(587, 2, 94, 4321256255, 160371593),
(588, 0, 187, 4321256255, 405693005),
(589, 5, 94, 4321256255, 198161112),
(590, 1, 1, 4321256255, 134711350),
(591, 1, 26, 4321256255, 129748056),
(592, 0, 135, 4321256255, 134683396),
(593, 0, 237, 4321311502, 0),
(594, 1, 39, 4321311502, 0),
(595, 3, 41, 4321311502, 0),
(596, 3, 77, 4321311502, 0),
(597, 1, 241, 4321311502, 0),
(598, 0, 44, 4321311502, 0),
(599, 5, 29, 4321311502, 0),
(600, 5, 17, 4321311502, 0),
(601, 1, 73, 4321311502, 0),
(602, 0, 36, 4321311502, 0),
(603, 2, 182, 4321311502, 0),
(604, 2, 38, 4321311502, 0),
(605, 3, 16, 4321311502, 0),
(606, 4, 34, 4321311502, 0),
(607, 2, 75, 4321311502, 0),
(608, 4, 4, 4321311502, 0),
(609, 4, 0, 4321311502, 0),
(610, 3, 15, 4321311502, 0),
(611, 0, 42, 4321311502, 0),
(612, 5, 11, 4321311502, 0),
(613, 5, 20, 4321311502, 0),
(614, 4, 63, 4321256255, 198161112),
(615, 4, 154, 4321256255, 134711350),
(616, 2, 24, 4321256255, 875883083),
(617, 2, 5, 4321256255, 129748056),
(618, 2, 1, 4321256255, 141833801),
(619, 4, 38, 4321256255, 141833801),
(620, 5, 265, 4321311502, 0),
(621, 3, 50, 4321311502, 0),
(622, 0, 187, 4321256255, 470392491),
(623, 2, 1, 4321256255, 167072778),
(624, 1, 63, 4321311502, 0),
(625, 3, 2, 4321311502, 0),
(626, 3, 244, 4321311502, 0),
(627, 5, 18, 4321311502, 0),
(628, 5, 180, 4321311502, 0),
(629, 3, 19, 4321311502, 0),
(630, 3, 214, 4321311502, 0),
(631, 4, 22, 4321311502, 0),
(632, 3, 23, 4321311502, 0),
(633, 3, 6, 4321311502, 0),
(634, 1, 127, 4321311502, 0),
(635, 1, 27, 4321311502, 0),
(636, 5, 57, 4321311502, 0),
(637, 5, 21, 4321311502, 0),
(638, 0, 102, 4321311502, 0),
(639, 4, 170, 4321311502, 0),
(640, 3, 215, 4321311502, 0),
(641, 4, 59, 4321311502, 0),
(642, 5, 257, 4321311502, 0),
(643, 4, 1, 4321311502, 0),
(644, 4, 25, 4321311502, 0),
(645, 3, 100, 4321311502, 0),
(646, 3, 152, 4321311502, 0),
(647, 4, 232, 4321311502, 0),
(648, 5, 92, 4321311502, 0),
(649, 3, 56, 4321311502, 0),
(650, 3, 151, 4321311502, 0),
(651, 0, 154, 4321311502, 0),
(652, 5, 31, 4321311502, 0),
(653, 5, 8, 4321311502, 0),
(654, 4, 10, 4321311502, 0),
(655, 5, 60, 4321311502, 0),
(656, 5, 0, 4321346882, 91654584),
(657, 5, 0, 4321346882, 94281932),
(658, 5, 0, 4321346882, 316217576),
(659, 5, 0, 4321346882, 151771762),
(660, 5, 0, 4321346882, 389022189),
(661, 5, 0, 4321346882, 119535307),
(662, 5, 0, 4321346882, 110539311),
(663, 5, 0, 4321346882, 260408033),
(664, 5, 0, 4321346882, 101525357),
(665, 0, 131, 4321311502, 0),
(666, 3, 94, 4321311502, 0),
(667, 1, 252, 4321311502, 0),
(668, 3, 116, 4321311502, 0),
(669, 5, 9, 4321311502, 0),
(670, 5, 261, 4321311502, 0),
(671, 0, 90, 4321311502, 0),
(672, 5, 0, 4321357263, 91654584),
(673, 5, 0, 4321357263, 151771762),
(674, 5, 0, 4321357263, 94281932),
(675, 5, 0, 4321357263, 316217576),
(676, 5, 0, 4321357263, 389022189),
(677, 5, 0, 4321357263, 119535307),
(678, 5, 0, 4321357263, 260408033),
(679, 5, 0, 4321357263, 173978074),
(680, 5, 0, 4321357263, 110539311),
(681, 5, 0, 4321357263, 101525357),
(682, 4, 7, 4321311502, 0),
(683, 5, 0, 4321359372, 336001937),
(684, 5, 0, 4321359372, 205336504),
(685, 5, 0, 4321359372, 421787439),
(686, 5, 0, 4321359372, 302269505),
(687, 5, 0, 4321359372, 178641717),
(688, 1, 0, 4321359372, 406952479),
(689, 5, 0, 4321359372, 348960219),
(690, 5, 0, 4321359372, 206121103),
(691, 5, 0, 4321359372, 133075098),
(692, 5, 0, 4321359372, 190195262),
(693, 3, 266, 4321311502, 0),
(694, 4, 206, 4321311502, 0),
(695, 4, 55, 4321311502, 0),
(696, 2, 267, 4321311502, 0),
(697, 1, 108, 4321311502, 0),
(698, 4, 112, 4321311502, 0),
(699, 1, 24, 4321311502, 0),
(700, 5, 0, 4321377745, 0),
(701, 0, 13, 4321377745, 0),
(702, 1, 20, 4321377745, 0),
(703, 1, 39, 4321377745, 0),
(704, 4, 16, 4321377745, 0),
(705, 0, 44, 4321377745, 0),
(706, 2, 182, 4321377745, 0),
(707, 2, 14, 4321377745, 0),
(708, 2, 38, 4321377745, 0),
(709, 3, 15, 4321377745, 0),
(710, 0, 42, 4321377745, 0),
(711, 1, 188, 4321377745, 0),
(712, 3, 181, 4321377745, 0),
(713, 0, 241, 4321377745, 0),
(714, 0, 34, 4321377745, 0),
(715, 2, 244, 4321377745, 0),
(716, 2, 261, 4321377745, 0),
(717, 2, 75, 4321377745, 0),
(718, 3, 29, 4321377745, 0),
(719, 2, 36, 4321377745, 0),
(720, 1, 42, 4321359372, 336001937),
(721, 2, 38, 4321359372, 336001937),
(722, 3, 44, 4321359372, 336001937),
(723, 0, 216, 4321359372, 205336504),
(724, 1, 44, 4321359372, 205336504),
(725, 2, 39, 4321359372, 205336504),
(726, 3, 182, 4321359372, 205336504),
(727, 2, 13, 4321359372, 421787439),
(728, 3, 20, 4321359372, 421787439),
(729, 4, 218, 4321359372, 421787439),
(730, 0, 44, 4321359372, 302269505),
(731, 1, 216, 4321359372, 302269505),
(732, 2, 39, 4321359372, 302269505),
(733, 3, 244, 4321359372, 302269505),
(734, 4, 38, 4321359372, 302269505),
(735, 0, 44, 4321359372, 178641717),
(736, 1, 182, 4321359372, 178641717),
(737, 5, 16, 4321359372, 178641717),
(738, 2, 44, 4321359372, 406952479),
(739, 4, 20, 4321359372, 406952479),
(740, 5, 14, 4321359372, 406952479),
(741, 0, 13, 4321359372, 348960219),
(742, 1, 20, 4321359372, 348960219),
(743, 2, 11, 4321359372, 348960219),
(744, 3, 237, 4321359372, 348960219),
(745, 5, 241, 4321359372, 348960219),
(746, 0, 44, 4321359372, 133075098),
(747, 1, 42, 4321359372, 133075098),
(748, 2, 216, 4321359372, 133075098),
(749, 3, 39, 4321359372, 133075098),
(750, 4, 38, 4321359372, 133075098),
(751, 0, 182, 4321359372, 190195262),
(752, 1, 44, 4321359372, 190195262),
(753, 2, 39, 4321359372, 190195262),
(754, 3, 216, 4321359372, 190195262),
(755, 0, 29, 4321596478, 191349240),
(756, 5, 0, 4321596478, 191349240),
(757, 2, 178, 4321596478, 191349240),
(758, 4, 73, 4321596478, 191349240),
(759, 0, 180, 4321596478, 87751789),
(760, 5, 0, 4321596478, 87751789),
(761, 0, 182, 4321596478, 172643860),
(762, 1, 94, 4321596478, 172643860),
(763, 2, 50, 4321596478, 172643860),
(764, 3, 216, 4321596478, 172643860),
(765, 5, 0, 4321596478, 172643860),
(766, 2, 75, 4321596478, 872412282),
(767, 3, 29, 4321596478, 872412282),
(768, 4, 2, 4321596478, 872412282),
(769, 5, 0, 4321596478, 872412282),
(770, 5, 0, 4321596478, 109403489),
(771, 1, 182, 4321596478, 109403489),
(772, 2, 180, 4321596478, 109403489),
(773, 0, 29, 4321596478, 399546227),
(774, 5, 0, 4321596478, 399546227),
(775, 2, 244, 4321596478, 399546227),
(776, 3, 188, 4321596478, 399546227),
(777, 4, 16, 4321596478, 399546227),
(778, 0, 11, 4321596478, 210702955),
(779, 1, 50, 4321596478, 210702955),
(780, 4, 75, 4321596478, 210702955),
(781, 3, 182, 4321596478, 210702955),
(782, 0, 36, 4321596478, 210702955),
(783, 0, 28, 4321596478, 206971543),
(784, 5, 29, 4321596478, 206971543),
(785, 2, 36, 4321596478, 206971543),
(786, 4, 77, 4321596478, 206971543),
(787, 1, 240, 4321596478, 206971543),
(788, 5, 44, 4321596478, 849920317),
(789, 1, 181, 4321596478, 849920317),
(790, 5, 182, 4321596478, 849920317),
(791, 3, 34, 4321596478, 849920317),
(792, 4, 29, 4321596478, 849920317),
(793, 5, 265, 4321596478, 849920317),
(794, 5, 77, 4321596478, 121014762),
(795, 0, 0, 4321596478, 121014762),
(796, 3, 63, 4321596478, 121014762),
(797, 0, 44, 4321600749, 454173875),
(798, 1, 39, 4321600749, 454173875),
(799, 4, 0, 4321600749, 454173875),
(800, 5, 36, 4321600749, 454173875),
(801, 5, 0, 4321600749, 128992238),
(802, 1, 214, 4321600749, 128992238),
(803, 3, 16, 4321600749, 128992238),
(804, 0, 73, 4321600749, 268731216),
(805, 1, 182, 4321600749, 268731216),
(806, 2, 11, 4321600749, 268731216),
(807, 3, 20, 4321600749, 268731216),
(808, 5, 0, 4321600749, 268731216),
(809, 0, 4, 4321600749, 170489040),
(810, 2, 75, 4321600749, 170489040),
(811, 3, 182, 4321600749, 170489040),
(812, 4, 11, 4321600749, 170489040),
(813, 5, 241, 4321600749, 170489040),
(814, 0, 29, 4321600749, 191596919),
(815, 1, 38, 4321600749, 191596919),
(816, 2, 11, 4321600749, 191596919),
(817, 4, 75, 4321600749, 191596919),
(818, 5, 182, 4321600749, 191596919),
(819, 1, 73, 4321600749, 228554462),
(820, 2, 29, 4321600749, 228554462),
(821, 5, 0, 4321600749, 228554462),
(822, 4, 6, 4321600749, 228554462),
(823, 0, 237, 4321600749, 177303051),
(824, 2, 19, 4321600749, 177303051),
(825, 4, 16, 4321600749, 177303051),
(826, 3, 44, 4321600749, 177303051),
(827, 3, 75, 4321600749, 177303051),
(828, 5, 50, 4321600749, 177303051),
(829, 5, 73, 4321600749, 222045109),
(830, 2, 216, 4321600749, 222045109),
(831, 3, 29, 4321600749, 222045109),
(832, 0, 218, 4321600749, 340535001),
(833, 3, 216, 4321600749, 340535001),
(834, 2, 44, 4321600749, 340535001),
(835, 4, 38, 4321600749, 340535001),
(836, 5, 29, 4321600749, 340535001),
(837, 0, 29, 4321600749, 290165666),
(838, 2, 77, 4321600749, 290165666),
(839, 2, 20, 4321600749, 290165666),
(840, 3, 12, 4321600749, 290165666),
(841, 4, 34, 4321600749, 290165666),
(842, 5, 0, 4321600749, 290165666),
(843, 0, 181, 4321599393, 115697997),
(844, 3, 216, 4321599393, 115697997),
(845, 5, 73, 4321599393, 115697997),
(846, 2, 29, 4321599393, 115697997),
(847, 4, 0, 4321599393, 115697997),
(848, 1, 182, 4321599393, 344245074),
(849, 1, 29, 4321599393, 344245074),
(850, 2, 0, 4321599393, 344245074),
(851, 5, 75, 4321599393, 344245074),
(852, 4, 11, 4321599393, 344245074),
(853, 2, 182, 4321599393, 66642504),
(854, 5, 73, 4321599393, 66642504),
(855, 0, 29, 4321599393, 66642504),
(856, 1, 216, 4321599393, 66642504),
(857, 0, 34, 4321599393, 222026286),
(858, 1, 29, 4321599393, 222026286),
(859, 2, 216, 4321599393, 222026286),
(860, 3, 42, 4321599393, 222026286),
(861, 4, 265, 4321599393, 222026286),
(862, 5, 0, 4321599393, 222026286),
(863, 5, 75, 4321599393, 254730364),
(864, 1, 42, 4321599393, 254730364),
(865, 1, 0, 4321599393, 254730364),
(866, 3, 244, 4321599393, 230277042),
(867, 1, 36, 4321599393, 230277042),
(868, 2, 29, 4321599393, 230277042),
(869, 5, 0, 4321599393, 230277042),
(870, 0, 34, 4321599393, 175756921),
(871, 1, 244, 4321599393, 175756921),
(872, 5, 0, 4321599393, 175756921),
(873, 3, 44, 4321599393, 175756921),
(874, 0, 29, 4321599393, 284622496),
(875, 5, 265, 4321599393, 284622496),
(876, 4, 75, 4321599393, 284622496),
(877, 3, 11, 4321599393, 284622496),
(878, 1, 182, 4321599393, 284622496),
(879, 0, 182, 4321599393, 197934936),
(880, 2, 0, 4321599393, 197934936),
(881, 2, 11, 4321599393, 197934936),
(882, 4, 75, 4321599393, 197934936),
(883, 5, 63, 4321599393, 197934936),
(884, 2, 182, 4321599393, 158455888),
(885, 1, 178, 4321599393, 158455888),
(886, 3, 73, 4321599393, 158455888),
(887, 4, 34, 4321599393, 158455888),
(888, 5, 0, 4321599393, 158455888),
(889, 3, 23, 4321586085, 0),
(890, 1, 180, 4321586085, 0),
(891, 2, 6, 4321586085, 0),
(892, 3, 101, 4321586085, 0),
(893, 3, 59, 4321586085, 0),
(894, 5, 69, 4321586085, 0),
(895, 1, 9, 4321586085, 0),
(896, 2, 121, 4321586085, 0),
(897, 4, 27, 4321586085, 0),
(898, 5, 28, 4321586085, 0),
(899, 0, 73, 4321586085, 0),
(900, 0, 29, 4321586085, 0),
(901, 2, 168, 4321586085, 0),
(902, 3, 2, 4321586085, 0),
(903, 2, 152, 4321586085, 0),
(904, 5, 184, 4321586085, 0),
(905, 2, 22, 4321586085, 0),
(906, 1, 88, 4321586085, 0),
(907, 4, 75, 4321586085, 0),
(908, 5, 25, 4321586085, 0),
(909, 2, 42, 4321586085, 0),
(910, 4, 0, 4321586085, 0),
(911, 1, 232, 4321586085, 0),
(912, 2, 40, 4321586085, 0),
(913, 3, 254, 4321586085, 0),
(914, 3, 36, 4321586085, 0),
(915, 0, 77, 4321586085, 0),
(916, 4, 63, 4321586085, 0),
(917, 2, 102, 4321586085, 0),
(918, 4, 236, 4321586085, 0),
(919, 5, 261, 4321586085, 0),
(920, 0, 231, 4321586085, 0),
(921, 1, 267, 4321586085, 0),
(922, 4, 30, 4321586085, 0),
(923, 0, 108, 4321586085, 0),
(924, 0, 81, 4321586085, 0),
(925, 1, 194, 4321586085, 0),
(926, 3, 8, 4321586085, 0),
(927, 3, 11, 4321586085, 0),
(928, 5, 21, 4321586085, 0),
(929, 5, 0, 4321623382, 361564937),
(930, 1, 0, 4321623382, 319960229),
(931, 5, 0, 4321623382, 113196124),
(932, 5, 0, 4321623382, 120238234),
(933, 5, 0, 4321623382, 301151457),
(934, 5, 0, 4321623382, 329037477),
(935, 4, 0, 4321623382, 147306383),
(936, 5, 0, 4321623382, 292542184),
(937, 5, 0, 4321623382, 372713886),
(938, 5, 0, 4321623382, 312498649),
(939, 0, 11, 4321569487, 196931374),
(940, 4, 75, 4321569487, 196931374),
(941, 2, 63, 4321569487, 196931374),
(942, 4, 18, 4321569487, 196931374),
(943, 5, 182, 4321569487, 196931374),
(944, 0, 41, 4321569487, 175422910),
(945, 1, 39, 4321569487, 175422910),
(946, 5, 77, 4321569487, 175422910),
(947, 3, 180, 4321569487, 175422910),
(948, 4, 265, 4321569487, 175422910),
(949, 0, 34, 4321569487, 207983361),
(950, 1, 16, 4321569487, 207983361),
(951, 2, 237, 4321569487, 207983361),
(952, 5, 0, 4321569487, 207983361),
(953, 4, 29, 4321569487, 207983361),
(954, 5, 0, 4321569487, 126598297),
(955, 2, 38, 4321569487, 126598297),
(956, 2, 34, 4321569487, 126598297),
(957, 5, 29, 4321569487, 126598297),
(958, 0, 182, 4321569487, 198631761),
(959, 1, 50, 4321569487, 198631761),
(960, 2, 216, 4321569487, 198631761),
(961, 3, 44, 4321569487, 198631761),
(962, 4, 56, 4321569487, 198631761),
(963, 5, 73, 4321569487, 198631761),
(964, 0, 44, 4321569487, 176752974),
(965, 1, 39, 4321569487, 176752974),
(966, 5, 0, 4321569487, 176752974),
(967, 4, 180, 4321569487, 176752974),
(968, 0, 36, 4321569487, 203612832),
(969, 3, 75, 4321569487, 203612832),
(970, 2, 63, 4321569487, 203612832),
(971, 4, 11, 4321569487, 203612832),
(972, 5, 182, 4321569487, 203612832),
(973, 3, 41, 4321569487, 168926023),
(974, 3, 11, 4321569487, 168926023),
(975, 5, 73, 4321569487, 168926023),
(976, 3, 29, 4321569487, 168926023),
(977, 0, 29, 4321569487, 104414287),
(978, 1, 42, 4321569487, 104414287),
(979, 5, 0, 4321569487, 104414287),
(980, 0, 73, 4321569487, 190857464),
(981, 1, 50, 4321569487, 190857464),
(982, 2, 36, 4321569487, 190857464),
(983, 3, 11, 4321569487, 190857464),
(984, 4, 182, 4321569487, 190857464),
(985, 5, 0, 4321569487, 190857464),
(986, 0, 182, 4321597070, 117672038),
(987, 1, 34, 4321597070, 117672038),
(988, 5, 11, 4321597070, 117672038),
(989, 3, 178, 4321597070, 117672038),
(990, 4, 29, 4321597070, 117672038),
(991, 5, 0, 4321597070, 117672038),
(992, 0, 29, 4321597070, 110374672),
(993, 1, 34, 4321597070, 110374672),
(994, 3, 38, 4321597070, 110374672),
(995, 2, 0, 4321597070, 110374672),
(996, 5, 182, 4321597070, 110374672),
(997, 5, 77, 4321597070, 92401948),
(998, 2, 29, 4321597070, 92401948),
(999, 2, 0, 4321597070, 92401948),
(1000, 4, 265, 4321597070, 92401948),
(1001, 5, 0, 4321597070, 339686412),
(1002, 1, 44, 4321597070, 339686412),
(1003, 2, 29, 4321597070, 339686412),
(1004, 0, 36, 4321597070, 122258583),
(1005, 1, 50, 4321597070, 122258583),
(1006, 4, 44, 4321597070, 122258583),
(1007, 3, 77, 4321597070, 122258583),
(1008, 5, 28, 4321597070, 122258583),
(1009, 5, 0, 4321597070, 144870065),
(1010, 2, 218, 4321597070, 144870065),
(1011, 1, 34, 4321597070, 144870065),
(1012, 3, 29, 4321597070, 144870065),
(1013, 4, 16, 4321597070, 144870065),
(1014, 0, 29, 4321597070, 86780201),
(1015, 1, 11, 4321597070, 86780201),
(1016, 2, 182, 4321597070, 86780201),
(1017, 3, 39, 4321597070, 86780201),
(1018, 3, 0, 4321597070, 86780201),
(1019, 5, 216, 4321597070, 86780201),
(1020, 1, 182, 4321597070, 166971694),
(1021, 1, 20, 4321597070, 166971694),
(1022, 2, 181, 4321597070, 166971694),
(1023, 3, 0, 4321597070, 166971694),
(1024, 0, 36, 4321597070, 107767743),
(1025, 5, 75, 4321597070, 107767743),
(1026, 1, 182, 4321597070, 107767743),
(1027, 4, 11, 4321597070, 107767743),
(1028, 5, 14, 4321597070, 107767743),
(1029, 0, 29, 4321597070, 324277900),
(1030, 5, 77, 4321597070, 324277900),
(1031, 1, 41, 4321597070, 324277900),
(1032, 1, 0, 4321597070, 324277900),
(1033, 5, 261, 4321597070, 324277900),
(1034, 1, 188, 4321596478, 87751789),
(1035, 2, 40, 4321596478, 87751789),
(1036, 4, 88, 4321596478, 172643860),
(1037, 3, 63, 4321596478, 872412282),
(1038, 0, 40, 4321596478, 109403489),
(1039, 1, 218, 4321596478, 399546227),
(1040, 3, 18, 4321596478, 210702955),
(1041, 2, 22, 4321596478, 121014762),
(1042, 4, 23, 4321596478, 121014762),
(1043, 0, 50, 4321599393, 344245074),
(1044, 2, 16, 4321599393, 344245074),
(1045, 1, 38, 4321599393, 254730364),
(1046, 3, 26, 4321599393, 254730364),
(1047, 2, 29, 4321599393, 175756921),
(1048, 0, 63, 4321599393, 284622496),
(1049, 1, 56, 4321599393, 197934936),
(1050, 2, 29, 4321599393, 158455888),
(1051, 5, 25, 4321599393, 158455888),
(1052, 0, 42, 4321600749, 128992238),
(1053, 3, 151, 4321600749, 228554462),
(1054, 3, 63, 4321600749, 222045109),
(1055, 0, 42, 4321600749, 340535001),
(1056, 5, 77, 4321623382, 361564937),
(1057, 1, 16, 4321623382, 361564937),
(1058, 2, 42, 4321623382, 361564937),
(1059, 3, 241, 4321623382, 361564937),
(1060, 0, 44, 4321623382, 319960229),
(1061, 4, 16, 4321623382, 319960229),
(1062, 3, 216, 4321623382, 319960229),
(1063, 5, 182, 4321623382, 319960229),
(1064, 1, 16, 4321623382, 113196124),
(1065, 2, 181, 4321623382, 113196124),
(1066, 3, 44, 4321623382, 113196124),
(1067, 4, 216, 4321623382, 113196124),
(1068, 5, 38, 4321623382, 113196124),
(1069, 3, 182, 4321623382, 120238234),
(1070, 1, 44, 4321623382, 120238234),
(1071, 2, 39, 4321623382, 120238234),
(1072, 3, 216, 4321623382, 120238234),
(1073, 0, 44, 4321623382, 301151457),
(1074, 2, 43, 4321623382, 301151457),
(1075, 3, 216, 4321623382, 301151457),
(1076, 4, 16, 4321623382, 301151457),
(1077, 0, 44, 4321623382, 329037477),
(1078, 3, 16, 4321623382, 329037477),
(1079, 2, 182, 4321623382, 329037477),
(1080, 0, 42, 4321623382, 147306383),
(1081, 1, 182, 4321623382, 147306383),
(1082, 2, 216, 4321623382, 147306383),
(1083, 4, 44, 4321623382, 147306383),
(1084, 2, 181, 4321623382, 292542184),
(1085, 0, 44, 4321623382, 292542184),
(1086, 1, 216, 4321623382, 292542184),
(1087, 3, 39, 4321623382, 292542184),
(1088, 5, 38, 4321623382, 292542184),
(1089, 0, 182, 4321623382, 372713886),
(1090, 1, 11, 4321623382, 372713886),
(1091, 3, 39, 4321623382, 372713886),
(1092, 3, 16, 4321623382, 372713886),
(1093, 4, 42, 4321623382, 372713886),
(1094, 5, 241, 4321623382, 372713886),
(1095, 1, 44, 4321623382, 312498649),
(1096, 2, 43, 4321623382, 312498649),
(1097, 3, 38, 4321623382, 312498649),
(1098, 1, 29, 4321569487, 175422910),
(1099, 3, 232, 4321569487, 175422910),
(1100, 3, 188, 4321569487, 207983361),
(1101, 2, 42, 4321569487, 207983361),
(1102, 3, 180, 4321569487, 126598297),
(1103, 0, 34, 4321569487, 198631761),
(1104, 4, 125, 4321569487, 198631761),
(1105, 3, 34, 4321569487, 176752974),
(1106, 5, 56, 4321569487, 203612832),
(1107, 0, 50, 4321569487, 168926023),
(1108, 0, 180, 4321569487, 104414287),
(1109, 4, 180, 4321597070, 117672038),
(1110, 5, 31, 4321597070, 117672038),
(1111, 3, 34, 4321597070, 92401948),
(1112, 4, 214, 4321597070, 92401948),
(1113, 2, 17, 4321597070, 122258583),
(1114, 0, 38, 4321597070, 144870065),
(1115, 4, 36, 4321597070, 86780201),
(1116, 0, 92, 4321597070, 166971694),
(1117, 3, 218, 4321597070, 166971694),
(1118, 3, 190, 4321597070, 324277900),
(1119, 3, 34, 4321596478, 87751789),
(1120, 5, 81, 4321596478, 172643860),
(1121, 4, 7, 4321596478, 872412282),
(1122, 5, 265, 4321596478, 399546227),
(1123, 0, 106, 4321596478, 206971543),
(1124, 5, 20, 4321596478, 849920317),
(1125, 3, 29, 4321599393, 254730364),
(1126, 0, 214, 4321599393, 230277042),
(1127, 1, 214, 4321599393, 175756921),
(1128, 1, 69, 4321599393, 197934936),
(1129, 0, 50, 4321599393, 158455888),
(1130, 1, 43, 4321600749, 454173875),
(1131, 2, 29, 4321600749, 454173875),
(1132, 4, 29, 4321600749, 268731216),
(1133, 5, 25, 4321600749, 268731216),
(1134, 0, 50, 4321600749, 170489040),
(1135, 5, 0, 4321600749, 170489040),
(1136, 0, 63, 4321600749, 191596919),
(1137, 4, 21, 4321600749, 228554462),
(1138, 5, 17, 4321600749, 228554462),
(1139, 1, 0, 4321600749, 222045109),
(1140, 4, 0, 4321600749, 340535001),
(1141, 0, 180, 4321600749, 290165666),
(1142, 5, 189, 4321586085, 0),
(1143, 2, 170, 4321586085, 0),
(1144, 4, 18, 4321586085, 0),
(1145, 5, 1, 4321586085, 0),
(1146, 2, 116, 4321586085, 0),
(1147, 5, 240, 4321586085, 0),
(1148, 4, 39, 4321623382, 361564937),
(1149, 2, 11, 4321623382, 319960229),
(1150, 0, 11, 4321623382, 120238234),
(1151, 1, 36, 4321623382, 329037477),
(1152, 2, 11, 4321623382, 147306383),
(1153, 5, 39, 4321623382, 147306383),
(1154, 4, 34, 4321623382, 292542184),
(1155, 4, 170, 4321569487, 196931374),
(1156, 1, 214, 4321569487, 175422910),
(1157, 0, 36, 4321569487, 207983361),
(1158, 1, 73, 4321569487, 207983361),
(1159, 3, 242, 4321569487, 198631761),
(1160, 4, 0, 4321569487, 198631761),
(1161, 3, 36, 4321569487, 176752974),
(1162, 1, 188, 4321569487, 104414287),
(1163, 2, 218, 4321569487, 104414287),
(1164, 5, 81, 4321569487, 190857464),
(1165, 2, 188, 4321597070, 110374672),
(1166, 4, 94, 4321597070, 110374672),
(1167, 1, 38, 4321597070, 339686412),
(1168, 3, 36, 4321597070, 339686412),
(1169, 2, 106, 4321597070, 122258583),
(1170, 5, 0, 4321597070, 122258583),
(1171, 1, 43, 4321597070, 144870065),
(1172, 3, 4, 4321597070, 86780201),
(1173, 4, 42, 4321597070, 166971694),
(1174, 5, 244, 4321597070, 166971694),
(1175, 2, 38, 4321597070, 324277900),
(1176, 1, 152, 4321596478, 191349240),
(1177, 4, 216, 4321596478, 191349240),
(1178, 4, 218, 4321596478, 87751789),
(1179, 4, 73, 4321596478, 172643860),
(1180, 3, 4, 4321596478, 109403489),
(1181, 4, 218, 4321596478, 109403489),
(1182, 3, 170, 4321596478, 210702955),
(1183, 1, 187, 4321596478, 206971543),
(1184, 0, 92, 4321596478, 849920317),
(1185, 2, 108, 4321596478, 121014762),
(1186, 2, 36, 4321599393, 344245074),
(1187, 0, 50, 4321599393, 66642504),
(1188, 2, 20, 4321599393, 222026286),
(1189, 3, 218, 4321599393, 222026286),
(1190, 5, 12, 4321599393, 222026286),
(1191, 2, 265, 4321599393, 230277042),
(1192, 3, 20, 4321599393, 230277042),
(1193, 4, 12, 4321599393, 230277042),
(1194, 4, 218, 4321599393, 175756921),
(1195, 1, 152, 4321599393, 284622496),
(1196, 5, 244, 4321599393, 158455888),
(1197, 1, 206, 4321586085, 0),
(1198, 3, 187, 4321586085, 0),
(1199, 5, 226, 4321586085, 0),
(1200, 1, 36, 4321623382, 361564937),
(1201, 3, 216, 4321623382, 361564937),
(1202, 3, 39, 4321623382, 113196124),
(1203, 5, 29, 4321623382, 120238234),
(1204, 4, 73, 4321623382, 372713886),
(1205, 5, 69, 4321569487, 203612832),
(1206, 1, 152, 4321569487, 168926023),
(1207, 2, 131, 4321597070, 117672038),
(1208, 3, 88, 4321597070, 110374672),
(1209, 0, 42, 4321597070, 339686412),
(1210, 3, 214, 4321597070, 144870065),
(1211, 0, 50, 4321597070, 86780201),
(1212, 3, 13, 4321597070, 86780201),
(1213, 5, 20, 4321597070, 86780201),
(1214, 3, 29, 4321597070, 166971694),
(1215, 1, 63, 4321597070, 107767743),
(1216, 4, 42, 4321596478, 87751789),
(1217, 4, 36, 4321596478, 399546227),
(1218, 5, 7, 4321596478, 210702955),
(1219, 2, 73, 4321596478, 849920317),
(1220, 4, 28, 4321596478, 121014762),
(1221, 5, 244, 4321596478, 121014762),
(1222, 3, 42, 4321599393, 115697997),
(1223, 2, 92, 4321599393, 222026286),
(1224, 3, 43, 4321599393, 222026286),
(1225, 0, 63, 4321599393, 254730364),
(1226, 2, 20, 4321599393, 175756921),
(1227, 5, 10, 4321599393, 284622496),
(1228, 1, 145, 4321599393, 197934936),
(1229, 4, 100, 4321586085, 0),
(1230, 3, 24, 4321586085, 0),
(1231, 1, 147, 4321569487, 196931374),
(1232, 4, 1, 4321569487, 126598297),
(1233, 4, 9, 4321569487, 198631761),
(1234, 0, 232, 4321569487, 176752974),
(1235, 4, 29, 4321569487, 176752974),
(1236, 2, 193, 4321597070, 122258583),
(1237, 1, 36, 4321597070, 144870065),
(1238, 2, 1, 4321597070, 324277900),
(1239, 4, 166, 4321596478, 872412282),
(1240, 5, 236, 4321596478, 872412282),
(1241, 0, 214, 4321596478, 399546227),
(1242, 2, 40, 4321596478, 399546227),
(1243, 5, 166, 4321596478, 210702955),
(1244, 0, 193, 4321596478, 206971543),
(1245, 4, 63, 4321596478, 849920317),
(1246, 3, 40, 4321599393, 115697997),
(1247, 4, 252, 4321599393, 344245074),
(1248, 1, 0, 4321599393, 66642504),
(1249, 2, 92, 4321599393, 230277042),
(1250, 2, 73, 4321599393, 175756921),
(1251, 2, 18, 4321599393, 197934936),
(1252, 2, 41, 4321623382, 361564937),
(1253, 4, 75, 4321623382, 319960229),
(1254, 3, 29, 4321623382, 113196124),
(1255, 2, 20, 4321623382, 120238234),
(1256, 1, 29, 4321623382, 301151457),
(1257, 4, 75, 4321623382, 329037477),
(1258, 3, 34, 4321623382, 147306383),
(1259, 5, 29, 4321623382, 147306383),
(1260, 3, 36, 4321623382, 372713886),
(1261, 0, 29, 4321623382, 312498649),
(1262, 2, 42, 4321623382, 312498649),
(1263, 5, 0, 4321679542, 0),
(1264, 1, 36, 4321597070, 117672038),
(1265, 2, 102, 4321597070, 92401948),
(1266, 5, 73, 4321597070, 339686412),
(1267, 1, 13, 4321597070, 339686412),
(1268, 4, 20, 4321597070, 339686412),
(1269, 2, 194, 4321597070, 122258583),
(1270, 5, 240, 4321597070, 122258583),
(1271, 3, 73, 4321597070, 86780201),
(1272, 4, 23, 4321597070, 324277900),
(1273, 5, 67, 4321596478, 191349240),
(1274, 1, 106, 4321596478, 172643860),
(1275, 4, 43, 4321596478, 109403489),
(1276, 0, 194, 4321596478, 206971543),
(1277, 1, 185, 4321596478, 121014762),
(1278, 1, 1, 4321599393, 66642504),
(1279, 4, 170, 4321599393, 254730364),
(1280, 3, 43, 4321599393, 175756921),
(1281, 5, 67, 4321599393, 284622496),
(1282, 2, 170, 4321599393, 197934936),
(1283, 3, 34, 4321623382, 319960229),
(1284, 2, 73, 4321623382, 120238234),
(1285, 2, 218, 4321623382, 301151457),
(1286, 1, 29, 4321623382, 292542184),
(1287, 2, 42, 4321679542, 0),
(1288, 1, 188, 4321679542, 0),
(1289, 0, 20, 4321679542, 0),
(1290, 0, 39, 4321679542, 0),
(1291, 2, 38, 4321679542, 0),
(1292, 3, 15, 4321679542, 0),
(1293, 2, 14, 4321679542, 0),
(1294, 2, 182, 4321679542, 0),
(1295, 0, 73, 4321679542, 0),
(1296, 0, 11, 4321679542, 0),
(1297, 1, 12, 4321679542, 0),
(1298, 5, 252, 4321596478, 191349240),
(1299, 5, 257, 4321596478, 109403489),
(1300, 1, 43, 4321596478, 399546227),
(1301, 4, 61, 4321599393, 230277042),
(1302, 5, 185, 4321599393, 158455888),
(1303, 4, 38, 4321623382, 361564937),
(1304, 4, 34, 4321623382, 120238234),
(1305, 2, 42, 4321623382, 301151457),
(1306, 0, 29, 4321623382, 329037477),
(1307, 0, 50, 4321623382, 147306383),
(1308, 5, 0, 4321912684, 37121232),
(1309, 5, 0, 4321912684, 86896635),
(1310, 5, 0, 4321912684, 121633262),
(1311, 2, 0, 4321912684, 93545740),
(1312, 0, 0, 4321912684, 86743260),
(1313, 4, 0, 4321912684, 114086220),
(1314, 5, 0, 4321912684, 61211191),
(1315, 2, 0, 4321912684, 164842410),
(1316, 2, 0, 4321912684, 35380233),
(1317, 5, 0, 4321912684, 71418112),
(1318, 0, 44, 4321902231, 184113156),
(1319, 1, 39, 4321902231, 184113156),
(1320, 2, 14, 4321902231, 184113156),
(1321, 3, 20, 4321902231, 184113156),
(1322, 2, 0, 4321902231, 184113156),
(1323, 0, 44, 4321902231, 188633320),
(1324, 1, 0, 4321902231, 188633320),
(1325, 2, 16, 4321902231, 188633320),
(1326, 3, 38, 4321902231, 188633320),
(1327, 4, 216, 4321902231, 188633320),
(1328, 1, 20, 4321902231, 915963775),
(1329, 3, 15, 4321902231, 915963775),
(1330, 4, 241, 4321902231, 915963775),
(1331, 5, 0, 4321902231, 915963775),
(1332, 0, 182, 4321902231, 191345508),
(1333, 1, 39, 4321902231, 191345508),
(1334, 2, 216, 4321902231, 191345508),
(1335, 4, 44, 4321902231, 191345508),
(1336, 3, 11, 4321902231, 191345508),
(1337, 5, 0, 4321902231, 191345508),
(1338, 5, 0, 4321902231, 425412744),
(1339, 1, 44, 4321902231, 425412744),
(1340, 2, 20, 4321902231, 425412744),
(1341, 5, 16, 4321902231, 425412744),
(1342, 5, 42, 4321902231, 425412744),
(1343, 0, 20, 4321902231, 159266740),
(1344, 4, 15, 4321902231, 159266740),
(1345, 2, 16, 4321902231, 159266740),
(1346, 3, 237, 4321902231, 159266740),
(1347, 5, 241, 4321902231, 159266740),
(1348, 5, 0, 4321902231, 97797033),
(1349, 1, 43, 4321902231, 97797033),
(1350, 2, 44, 4321902231, 97797033),
(1351, 5, 216, 4321902231, 97797033),
(1352, 4, 38, 4321902231, 97797033),
(1353, 1, 216, 4321902231, 227956491),
(1354, 5, 0, 4321902231, 227956491),
(1355, 4, 182, 4321902231, 227956491),
(1356, 3, 44, 4321902231, 227956491),
(1357, 5, 182, 4321902231, 249147127),
(1358, 1, 44, 4321902231, 249147127),
(1359, 2, 11, 4321902231, 249147127),
(1360, 5, 16, 4321902231, 249147127),
(1361, 0, 216, 4321902231, 923700641),
(1362, 2, 0, 4321902231, 923700641),
(1363, 3, 39, 4321902231, 923700641),
(1364, 4, 44, 4321902231, 923700641),
(1365, 5, 182, 4321902231, 923700641),
(1366, 4, 0, 4321926394, 316163874),
(1367, 3, 0, 4321926394, 241499365),
(1368, 0, 0, 4321926394, 427558921),
(1369, 2, 0, 4321926394, 166012051),
(1370, 2, 0, 4321926394, 154708429),
(1371, 2, 0, 4321926394, 258067271),
(1372, 4, 0, 4321926394, 197633557),
(1373, 1, 0, 4321926394, 353542282),
(1374, 3, 0, 4321926394, 383797967),
(1375, 4, 0, 4321926394, 314882028),
(1376, 1, 75, 4321906366, 431194367),
(1377, 1, 0, 4321906366, 431194367),
(1378, 2, 39, 4321906366, 431194367),
(1379, 4, 182, 4321906366, 431194367),
(1380, 5, 11, 4321906366, 431194367),
(1381, 5, 44, 4321906366, 431194367),
(1382, 0, 182, 4321906366, 155840567),
(1383, 4, 216, 4321906366, 155840567),
(1384, 5, 0, 4321906366, 155840567),
(1385, 3, 29, 4321906366, 155840567),
(1386, 2, 182, 4321906366, 869268895),
(1387, 1, 241, 4321906366, 869268895),
(1388, 5, 0, 4321906366, 869268895),
(1389, 3, 11, 4321906366, 869268895),
(1390, 4, 181, 4321906366, 869268895),
(1391, 5, 39, 4321906366, 869268895),
(1392, 3, 44, 4321906366, 162014492),
(1393, 1, 39, 4321906366, 162014492),
(1394, 0, 34, 4321906366, 162014492),
(1395, 3, 38, 4321906366, 162014492),
(1396, 2, 0, 4321906366, 162014492),
(1397, 0, 44, 4321906366, 860673650),
(1398, 5, 0, 4321906366, 860673650),
(1399, 3, 216, 4321906366, 860673650),
(1400, 3, 16, 4321906366, 179066697),
(1401, 1, 44, 4321906366, 179066697),
(1402, 2, 182, 4321906366, 179066697),
(1403, 3, 11, 4321906366, 179066697),
(1404, 5, 0, 4321906366, 179066697),
(1405, 0, 44, 4321906366, 236295405),
(1406, 4, 181, 4321906366, 236295405),
(1407, 2, 38, 4321906366, 236295405),
(1408, 3, 216, 4321906366, 236295405),
(1409, 5, 0, 4321906366, 236295405),
(1410, 4, 241, 4321906366, 358091609),
(1411, 2, 11, 4321906366, 358091609),
(1412, 2, 182, 4321906366, 358091609),
(1413, 5, 73, 4321906366, 358091609),
(1414, 4, 16, 4321906366, 358091609),
(1415, 0, 0, 4321906366, 491283556),
(1416, 2, 44, 4321906366, 491283556),
(1417, 0, 38, 4321906366, 491283556),
(1418, 0, 182, 4321906366, 368020491),
(1419, 4, 0, 4321906366, 368020491),
(1420, 2, 11, 4321906366, 368020491),
(1421, 3, 42, 4321906366, 368020491),
(1422, 4, 44, 4321906366, 368020491),
(1423, 3, 34, 4321906366, 368020491),
(1424, 0, 1, 4321860780, 34383115),
(1425, 1, 50, 4321860780, 34383115),
(1426, 3, 41, 4321860780, 34383115),
(1427, 3, 244, 4321860780, 34383115),
(1428, 4, 11, 4321860780, 34383115),
(1429, 5, 252, 4321860780, 34383115),
(1430, 0, 41, 4321860780, 232526730),
(1431, 1, 1, 4321860780, 232526730),
(1432, 2, 178, 4321860780, 232526730),
(1433, 3, 232, 4321860780, 232526730),
(1434, 4, 48, 4321860780, 232526730),
(1435, 5, 77, 4321860780, 232526730),
(1436, 0, 63, 4321860780, 860717110),
(1437, 2, 75, 4321860780, 860717110),
(1438, 2, 11, 4321860780, 860717110),
(1439, 3, 81, 4321860780, 860717110),
(1440, 4, 154, 4321860780, 860717110),
(1441, 3, 0, 4321860780, 79736547),
(1442, 3, 218, 4321860780, 79736547),
(1443, 2, 244, 4321860780, 79736547),
(1444, 4, 180, 4321860780, 79736547),
(1445, 1, 36, 4321860780, 79736547),
(1446, 0, 38, 4321860780, 233637161),
(1447, 4, 77, 4321860780, 233637161),
(1448, 2, 108, 4321860780, 233637161),
(1449, 3, 180, 4321860780, 233637161),
(1450, 4, 15, 4321860780, 233637161),
(1451, 4, 244, 4321860780, 233637161),
(1452, 0, 214, 4321860780, 299514514),
(1453, 1, 0, 4321860780, 299514514),
(1454, 2, 34, 4321860780, 299514514),
(1455, 4, 38, 4321860780, 299514514),
(1456, 4, 182, 4321860780, 299514514),
(1457, 0, 11, 4321860780, 149621837),
(1458, 4, 81, 4321860780, 149621837),
(1459, 5, 34, 4321860780, 149621837),
(1460, 3, 50, 4321860780, 149621837),
(1461, 4, 131, 4321860780, 149621837),
(1462, 5, 73, 4321860780, 149621837),
(1463, 0, 63, 4321860780, 350562374),
(1464, 3, 75, 4321860780, 350562374),
(1465, 2, 0, 4321860780, 350562374),
(1466, 4, 170, 4321860780, 350562374),
(1467, 5, 116, 4321860780, 350562374),
(1468, 0, 214, 4321860780, 121296071),
(1469, 5, 77, 4321860780, 121296071),
(1470, 2, 0, 4321860780, 121296071),
(1471, 1, 277, 4321860780, 121296071),
(1472, 0, 214, 4321860780, 187222245),
(1473, 4, 73, 4321860780, 187222245),
(1474, 2, 0, 4321860780, 187222245),
(1475, 3, 34, 4321860780, 187222245),
(1476, 5, 42, 4321860780, 187222245),
(1477, 5, 75, 4321866214, 880364016);
INSERT INTO `matches_item_inventory` (`id`, `slot`, `item_id`, `match_id`, `player_id`) VALUES
(1478, 2, 63, 4321866214, 880364016),
(1479, 3, 172, 4321866214, 880364016),
(1480, 0, 34, 4321866214, 880364016),
(1481, 5, 215, 4321866214, 880364016),
(1482, 0, 216, 4321866214, 880211522),
(1483, 1, 92, 4321866214, 880211522),
(1484, 2, 40, 4321866214, 880211522),
(1485, 0, 244, 4321866214, 880211522),
(1486, 5, 0, 4321866214, 880211522),
(1487, 5, 29, 4321866214, 880211522),
(1488, 5, 63, 4321866214, 361963750),
(1489, 1, 172, 4321866214, 361963750),
(1490, 3, 24, 4321866214, 361963750),
(1491, 3, 170, 4321866214, 361963750),
(1492, 4, 75, 4321866214, 361963750),
(1493, 4, 127, 4321866214, 388636774),
(1494, 1, 50, 4321866214, 388636774),
(1495, 5, 75, 4321866214, 388636774),
(1496, 3, 125, 4321866214, 388636774),
(1497, 0, 0, 4321866214, 388636774),
(1498, 0, 218, 4321866214, 414646198),
(1499, 1, 180, 4321866214, 414646198),
(1500, 2, 15, 4321866214, 414646198),
(1501, 3, 216, 4321866214, 414646198),
(1502, 5, 0, 4321866214, 414646198),
(1503, 0, 23, 4321866214, 409162182),
(1504, 3, 16, 4321866214, 409162182),
(1505, 2, 181, 4321866214, 409162182),
(1506, 4, 1, 4321866214, 409162182),
(1507, 5, 214, 4321866214, 409162182),
(1508, 0, 24, 4321866214, 256396743),
(1509, 1, 152, 4321866214, 256396743),
(1510, 2, 41, 4321866214, 256396743),
(1511, 3, 63, 4321866214, 256396743),
(1512, 4, 69, 4321866214, 256396743),
(1513, 5, 100, 4321866214, 256396743),
(1514, 0, 125, 4321866214, 843395307),
(1515, 4, 214, 4321866214, 843395307),
(1516, 1, 36, 4321866214, 843395307),
(1517, 3, 1, 4321866214, 843395307),
(1518, 5, 0, 4321866214, 843395307),
(1519, 0, 11, 4321866214, 185493128),
(1520, 3, 137, 4321866214, 185493128),
(1521, 2, 6, 4321866214, 185493128),
(1522, 3, 182, 4321866214, 185493128),
(1523, 5, 50, 4321866214, 185493128),
(1524, 5, 34, 4321866214, 185493128),
(1525, 0, 244, 4321866214, 285335734),
(1526, 1, 29, 4321866214, 285335734),
(1527, 5, 0, 4321866214, 285335734),
(1528, 2, 218, 4321866214, 285335734),
(1529, 0, 180, 4321874062, 230277042),
(1530, 1, 16, 4321874062, 230277042),
(1531, 2, 38, 4321874062, 230277042),
(1532, 3, 57, 4321874062, 230277042),
(1533, 4, 237, 4321874062, 230277042),
(1534, 5, 0, 4321874062, 230277042),
(1535, 0, 63, 4321874062, 284622496),
(1536, 1, 11, 4321874062, 284622496),
(1537, 2, 2, 4321874062, 284622496),
(1538, 3, 21, 4321874062, 284622496),
(1539, 5, 73, 4321874062, 284622496),
(1540, 0, 34, 4321874062, 175756921),
(1541, 1, 182, 4321874062, 175756921),
(1542, 2, 29, 4321874062, 175756921),
(1543, 3, 188, 4321874062, 175756921),
(1544, 5, 73, 4321874062, 175756921),
(1545, 5, 39, 4321874062, 175756921),
(1546, 0, 29, 4321874062, 158455888),
(1547, 5, 73, 4321874062, 158455888),
(1548, 2, 36, 4321874062, 158455888),
(1549, 3, 182, 4321874062, 158455888),
(1550, 4, 0, 4321874062, 158455888),
(1551, 0, 182, 4321874062, 197934936),
(1552, 1, 170, 4321874062, 197934936),
(1553, 2, 11, 4321874062, 197934936),
(1554, 4, 75, 4321874062, 197934936),
(1555, 5, 63, 4321874062, 197934936),
(1556, 5, 77, 4321874062, 62119103),
(1557, 3, 29, 4321874062, 62119103),
(1558, 0, 50, 4321874062, 135470090),
(1559, 1, 44, 4321874062, 135470090),
(1560, 2, 81, 4321874062, 135470090),
(1561, 3, 185, 4321874062, 135470090),
(1562, 4, 11, 4321874062, 135470090),
(1563, 5, 182, 4321874062, 135470090),
(1564, 2, 180, 4321874062, 153196290),
(1565, 0, 218, 4321874062, 153196290),
(1566, 2, 188, 4321874062, 153196290),
(1567, 5, 0, 4321874062, 153196290),
(1568, 4, 75, 4321874062, 122058938),
(1569, 1, 21, 4321874062, 122058938),
(1570, 3, 50, 4321874062, 122058938),
(1571, 1, 181, 4321874062, 122058938),
(1572, 0, 182, 4321874062, 221945821),
(1573, 1, 63, 4321874062, 221945821),
(1574, 2, 36, 4321874062, 221945821),
(1575, 0, 11, 4321874062, 221945821),
(1576, 4, 170, 4321874062, 221945821),
(1577, 5, 75, 4321874062, 221945821),
(1578, 3, 21, 4321898257, 0),
(1579, 3, 36, 4321898257, 0),
(1580, 2, 182, 4321898257, 0),
(1581, 3, 63, 4321898257, 0),
(1582, 5, 0, 4321898257, 0),
(1583, 4, 79, 4321898257, 0),
(1584, 5, 88, 4321898257, 0),
(1585, 3, 180, 4321898257, 0),
(1586, 5, 17, 4321898257, 0),
(1587, 2, 50, 4321898257, 0),
(1588, 2, 38, 4321898257, 0),
(1589, 3, 34, 4321898257, 0),
(1590, 5, 28, 4321898257, 0),
(1591, 0, 42, 4321898257, 0),
(1592, 4, 190, 4321898257, 0),
(1593, 0, 154, 4321898257, 0),
(1594, 2, 11, 4321898257, 0),
(1595, 5, 7, 4321898257, 0),
(1596, 1, 26, 4321898257, 0),
(1597, 1, 73, 4321898257, 0),
(1598, 4, 236, 4321898257, 0),
(1599, 1, 151, 4321898257, 0),
(1600, 0, 214, 4321898257, 0),
(1601, 0, 261, 4321898257, 0),
(1602, 0, 77, 4321898257, 0),
(1603, 5, 57, 4321898257, 0),
(1604, 2, 59, 4321898257, 0),
(1605, 1, 265, 4321898257, 0),
(1606, 1, 125, 4321898257, 0),
(1607, 4, 31, 4321898257, 0),
(1608, 5, 56, 4321898257, 0),
(1609, 0, 44, 4321912684, 37121232),
(1610, 1, 39, 4321912684, 37121232),
(1611, 2, 182, 4321912684, 37121232),
(1612, 3, 216, 4321912684, 37121232),
(1613, 4, 42, 4321912684, 37121232),
(1614, 3, 16, 4321912684, 86896635),
(1615, 1, 182, 4321912684, 86896635),
(1616, 2, 44, 4321912684, 86896635),
(1617, 1, 44, 4321912684, 121633262),
(1618, 2, 39, 4321912684, 121633262),
(1619, 1, 43, 4321912684, 121633262),
(1620, 1, 29, 4321912684, 93545740),
(1621, 3, 44, 4321912684, 93545740),
(1622, 0, 241, 4321912684, 86743260),
(1623, 4, 20, 4321912684, 86743260),
(1624, 3, 16, 4321912684, 86743260),
(1625, 5, 14, 4321912684, 86743260),
(1626, 5, 182, 4321912684, 114086220),
(1627, 1, 44, 4321912684, 114086220),
(1628, 3, 16, 4321912684, 114086220),
(1629, 3, 42, 4321912684, 61211191),
(1630, 2, 44, 4321912684, 61211191),
(1631, 2, 39, 4321912684, 61211191),
(1632, 3, 216, 4321912684, 61211191),
(1633, 4, 241, 4321912684, 164842410),
(1634, 3, 16, 4321912684, 164842410),
(1635, 2, 77, 4321912684, 164842410),
(1636, 5, 182, 4321912684, 35380233),
(1637, 4, 216, 4321912684, 35380233),
(1638, 4, 38, 4321912684, 35380233),
(1639, 4, 39, 4321912684, 35380233),
(1640, 5, 44, 4321912684, 35380233),
(1641, 0, 44, 4321912684, 71418112),
(1642, 3, 16, 4321912684, 71418112),
(1643, 1, 14, 4321912684, 71418112),
(1644, 5, 20, 4321912684, 71418112),
(1645, 3, 34, 4321902231, 184113156),
(1646, 5, 75, 4321902231, 184113156),
(1647, 1, 77, 4321902231, 915963775),
(1648, 4, 77, 4321902231, 159266740),
(1649, 2, 216, 4321902231, 159266740),
(1650, 0, 29, 4321902231, 97797033),
(1651, 4, 29, 4321902231, 249147127),
(1652, 2, 29, 4321902231, 923700641),
(1653, 1, 11, 4321902231, 923700641),
(1654, 2, 241, 4321906366, 155840567),
(1655, 5, 244, 4321906366, 155840567),
(1656, 0, 29, 4321906366, 869268895),
(1657, 3, 237, 4321906366, 869268895),
(1658, 5, 181, 4321906366, 162014492),
(1659, 3, 29, 4321906366, 860673650),
(1660, 1, 75, 4321906366, 179066697),
(1661, 2, 43, 4321906366, 236295405),
(1662, 5, 244, 4321906366, 236295405),
(1663, 0, 41, 4321906366, 358091609),
(1664, 5, 0, 4321906366, 358091609),
(1665, 0, 29, 4321906366, 491283556),
(1666, 1, 29, 4321906366, 368020491),
(1667, 5, 0, 4321860780, 233637161),
(1668, 4, 154, 4321860780, 350562374),
(1669, 2, 21, 4321860780, 121296071),
(1670, 3, 39, 4321860780, 187222245),
(1671, 5, 43, 4321860780, 187222245),
(1672, 3, 265, 4321860780, 187222245),
(1673, 0, 147, 4321866214, 361963750),
(1674, 2, 0, 4321866214, 361963750),
(1675, 5, 40, 4321866214, 388636774),
(1676, 3, 188, 4321866214, 409162182),
(1677, 2, 0, 4321866214, 256396743),
(1678, 4, 151, 4321866214, 185493128),
(1679, 2, 187, 4321866214, 185493128),
(1680, 0, 29, 4321874062, 230277042),
(1681, 3, 232, 4321874062, 230277042),
(1682, 3, 43, 4321874062, 175756921),
(1683, 0, 63, 4321874062, 158455888),
(1684, 5, 252, 4321874062, 122058938),
(1685, 3, 166, 4321874062, 221945821),
(1686, 3, 38, 4321874062, 221945821),
(1687, 5, 8, 4321898257, 0),
(1688, 0, 9, 4321898257, 0),
(1689, 1, 232, 4321898257, 0),
(1690, 0, 29, 4321902231, 188633320),
(1691, 1, 42, 4321902231, 188633320),
(1692, 5, 244, 4321902231, 188633320),
(1693, 2, 34, 4321902231, 915963775),
(1694, 5, 29, 4321902231, 191345508),
(1695, 5, 0, 4321902231, 159266740),
(1696, 0, 29, 4321902231, 227956491),
(1697, 0, 94, 4321902231, 923700641),
(1698, 3, 88, 4321902231, 923700641),
(1699, 4, 11, 4321912684, 37121232),
(1700, 0, 237, 4321912684, 164842410),
(1701, 2, 2, 4321906366, 431194367),
(1702, 3, 214, 4321906366, 155840567),
(1703, 2, 39, 4321906366, 155840567),
(1704, 0, 50, 4321906366, 869268895),
(1705, 4, 29, 4321906366, 162014492),
(1706, 3, 180, 4321906366, 860673650),
(1707, 5, 36, 4321906366, 179066697),
(1708, 5, 27, 4321906366, 236295405),
(1709, 4, 2, 4321906366, 358091609),
(1710, 5, 29, 4321906366, 358091609),
(1711, 4, 265, 4321906366, 368020491),
(1712, 5, 60, 4321860780, 232526730),
(1713, 2, 8, 4321860780, 860717110),
(1714, 5, 23, 4321860780, 79736547),
(1715, 1, 41, 4321860780, 233637161),
(1716, 1, 265, 4321860780, 299514514),
(1717, 2, 36, 4321860780, 299514514),
(1718, 5, 73, 4321860780, 299514514),
(1719, 2, 90, 4321860780, 149621837),
(1720, 2, 116, 4321860780, 121296071),
(1721, 4, 152, 4321866214, 880364016),
(1722, 3, 214, 4321866214, 880211522),
(1723, 2, 21, 4321866214, 361963750),
(1724, 5, 42, 4321866214, 414646198),
(1725, 1, 38, 4321866214, 409162182),
(1726, 4, 123, 4321866214, 256396743),
(1727, 2, 77, 4321866214, 256396743),
(1728, 4, 26, 4321866214, 256396743),
(1729, 1, 180, 4321866214, 285335734),
(1730, 5, 39, 4321874062, 230277042),
(1731, 3, 162, 4321874062, 284622496),
(1732, 1, 206, 4321874062, 62119103),
(1733, 1, 152, 4321874062, 135470090),
(1734, 1, 244, 4321874062, 153196290),
(1735, 0, 106, 4321898257, 0),
(1736, 4, 15, 4321898257, 0),
(1737, 4, 60, 4321898257, 0),
(1738, 3, 18, 4321898257, 0),
(1739, 5, 22, 4321898257, 0),
(1740, 4, 131, 4321898257, 0),
(1741, 2, 29, 4321902231, 184113156),
(1742, 2, 36, 4321902231, 915963775),
(1743, 2, 92, 4321902231, 425412744),
(1744, 3, 265, 4321902231, 159266740),
(1745, 4, 29, 4321902231, 159266740),
(1746, 0, 214, 4321902231, 97797033),
(1747, 1, 265, 4321902231, 97797033),
(1748, 5, 73, 4321902231, 227956491),
(1749, 1, 75, 4321902231, 249147127),
(1750, 3, 36, 4321902231, 249147127),
(1751, 4, 63, 4321902231, 249147127),
(1752, 0, 81, 4321902231, 923700641),
(1753, 3, 240, 4321902231, 923700641),
(1754, 1, 56, 4321912684, 37121232),
(1755, 5, 11, 4321912684, 86896635),
(1756, 0, 218, 4321912684, 93545740),
(1757, 2, 38, 4321912684, 93545740),
(1758, 3, 34, 4321912684, 93545740),
(1759, 5, 75, 4321912684, 93545740),
(1760, 0, 39, 4321912684, 86743260),
(1761, 5, 75, 4321912684, 86743260),
(1762, 0, 38, 4321912684, 86743260),
(1763, 5, 11, 4321912684, 114086220),
(1764, 2, 29, 4321912684, 114086220),
(1765, 1, 34, 4321912684, 61211191),
(1766, 5, 75, 4321912684, 71418112),
(1767, 5, 63, 4321906366, 431194367),
(1768, 4, 34, 4321906366, 860673650),
(1769, 0, 56, 4321906366, 179066697),
(1770, 0, 265, 4321906366, 236295405),
(1771, 3, 214, 4321906366, 236295405),
(1772, 4, 63, 4321906366, 358091609),
(1773, 1, 34, 4321906366, 491283556),
(1774, 3, 16, 4321906366, 491283556),
(1775, 5, 180, 4321906366, 368020491),
(1776, 5, 108, 4321860780, 232526730),
(1777, 1, 116, 4321860780, 860717110),
(1778, 5, 33, 4321860780, 860717110),
(1779, 5, 11, 4321860780, 233637161),
(1780, 2, 236, 4321860780, 350562374),
(1781, 0, 131, 4321866214, 388636774),
(1782, 3, 242, 4321866214, 388636774),
(1783, 1, 244, 4321866214, 409162182),
(1784, 3, 57, 4321866214, 409162182),
(1785, 2, 127, 4321866214, 843395307),
(1786, 2, 229, 4321866214, 185493128),
(1787, 4, 0, 4321941799, 205567948),
(1788, 2, 0, 4321941799, 150100544),
(1789, 2, 0, 4321941799, 404228663),
(1790, 2, 0, 4321941799, 320746742),
(1791, 1, 0, 4321941799, 369744050),
(1792, 0, 0, 4321941799, 321380689),
(1793, 3, 0, 4321941799, 914434160),
(1794, 4, 0, 4321941799, 171789859),
(1795, 2, 0, 4321941799, 313211296),
(1796, 4, 0, 4321941799, 842100982),
(1797, 3, 170, 4321898257, 0),
(1798, 2, 23, 4321898257, 0),
(1799, 0, 34, 4321902231, 425412744),
(1800, 3, 29, 4321902231, 425412744),
(1801, 0, 63, 4321902231, 159266740),
(1802, 5, 7, 4321902231, 159266740),
(1803, 3, 34, 4321902231, 97797033),
(1804, 2, 244, 4321902231, 227956491),
(1805, 4, 4, 4321902231, 923700641),
(1806, 1, 75, 4321912684, 86896635),
(1807, 0, 43, 4321912684, 93545740),
(1808, 1, 34, 4321912684, 35380233),
(1809, 0, 29, 4321912684, 71418112),
(1810, 4, 41, 4321912684, 71418112),
(1811, 0, 44, 4321926394, 316163874),
(1812, 1, 13, 4321926394, 241499365),
(1813, 2, 20, 4321926394, 241499365),
(1814, 3, 16, 4321926394, 241499365),
(1815, 4, 237, 4321926394, 241499365),
(1816, 5, 42, 4321926394, 241499365),
(1817, 0, 44, 4321926394, 427558921),
(1818, 5, 182, 4321926394, 427558921),
(1819, 2, 216, 4321926394, 427558921),
(1820, 4, 39, 4321926394, 427558921),
(1821, 0, 44, 4321926394, 166012051),
(1822, 1, 39, 4321926394, 166012051),
(1823, 2, 42, 4321926394, 166012051),
(1824, 4, 216, 4321926394, 166012051),
(1825, 1, 244, 4321926394, 166012051),
(1826, 1, 216, 4321926394, 154708429),
(1827, 2, 38, 4321926394, 154708429),
(1828, 3, 44, 4321926394, 154708429),
(1829, 5, 182, 4321926394, 258067271),
(1830, 1, 44, 4321926394, 258067271),
(1831, 2, 39, 4321926394, 258067271),
(1832, 3, 216, 4321926394, 258067271),
(1833, 3, 44, 4321926394, 197633557),
(1834, 3, 216, 4321926394, 353542282),
(1835, 2, 38, 4321926394, 353542282),
(1836, 0, 44, 4321926394, 353542282),
(1837, 4, 42, 4321926394, 353542282),
(1838, 2, 44, 4321926394, 383797967),
(1839, 1, 39, 4321926394, 383797967),
(1840, 2, 182, 4321926394, 383797967),
(1841, 0, 77, 4321926394, 314882028),
(1842, 1, 16, 4321926394, 314882028),
(1843, 3, 241, 4321926394, 314882028),
(1844, 4, 42, 4321926394, 314882028),
(1845, 2, 240, 4321906366, 431194367),
(1846, 1, 41, 4321906366, 368020491),
(1847, 4, 55, 4321860780, 34383115),
(1848, 3, 188, 4321860780, 79736547),
(1849, 1, 1, 4321860780, 149621837),
(1850, 4, 102, 4321860780, 121296071),
(1851, 2, 90, 4321866214, 388636774),
(1852, 0, 43, 4321866214, 414646198),
(1853, 4, 40, 4321866214, 414646198),
(1854, 4, 58, 4321898257, 0),
(1855, 0, 143, 4321898257, 0),
(1856, 2, 115, 4321898257, 0),
(1857, 2, 27, 4321898257, 0),
(1858, 3, 29, 4321912684, 86896635),
(1859, 0, 29, 4321912684, 121633262),
(1860, 2, 34, 4321912684, 121633262),
(1861, 2, 244, 4321912684, 93545740),
(1862, 4, 29, 4321912684, 86743260),
(1863, 4, 75, 4321912684, 114086220),
(1864, 0, 244, 4321912684, 61211191),
(1865, 4, 41, 4321912684, 164842410),
(1866, 1, 244, 4321906366, 869268895),
(1867, 2, 26, 4321906366, 869268895),
(1868, 3, 216, 4321906366, 162014492),
(1869, 2, 42, 4321906366, 860673650),
(1870, 0, 63, 4321906366, 179066697),
(1871, 5, 69, 4321906366, 179066697),
(1872, 0, 92, 4321906366, 236295405),
(1873, 1, 151, 4321906366, 358091609),
(1874, 1, 36, 4321906366, 491283556),
(1875, 2, 42, 4321906366, 491283556),
(1876, 1, 20, 4321926394, 316163874),
(1877, 3, 16, 4321926394, 316163874),
(1878, 0, 16, 4321926394, 197633557),
(1879, 1, 39, 4321926394, 197633557),
(1880, 0, 38, 4321926394, 197633557),
(1881, 4, 216, 4321926394, 197633557),
(1882, 4, 112, 4321860780, 34383115),
(1883, 4, 57, 4321860780, 233637161),
(1884, 3, 1, 4321860780, 299514514),
(1885, 3, 24, 4321860780, 350562374),
(1886, 4, 263, 4321860780, 121296071),
(1887, 1, 215, 4321860780, 187222245),
(1888, 2, 116, 4321866214, 361963750),
(1889, 0, 188, 4321866214, 414646198),
(1890, 0, 100, 4321866214, 409162182),
(1891, 5, 131, 4321866214, 843395307),
(1892, 3, 0, 4321866214, 185493128),
(1893, 4, 61, 4321898257, 0),
(1894, 0, 119, 4321898257, 0),
(1895, 2, 102, 4321898257, 0),
(1896, 0, 29, 4321912684, 37121232),
(1897, 5, 218, 4321912684, 121633262),
(1898, 3, 38, 4321912684, 164842410),
(1899, 2, 29, 4321912684, 164842410),
(1900, 0, 29, 4321912684, 35380233),
(1901, 1, 50, 4321912684, 71418112),
(1902, 2, 218, 4321906366, 860673650),
(1903, 2, 218, 4321906366, 491283556),
(1904, 2, 188, 4321906366, 491283556),
(1905, 5, 216, 4321906366, 491283556),
(1906, 2, 241, 4321926394, 241499365),
(1907, 4, 11, 4321926394, 258067271),
(1908, 3, 11, 4321926394, 383797967),
(1909, 4, 39, 4321926394, 314882028),
(1910, 2, 143, 4321860780, 860717110),
(1911, 3, 57, 4321860780, 79736547),
(1912, 1, 254, 4321860780, 187222245),
(1913, 5, 218, 4321860780, 187222245),
(1914, 4, 61, 4321866214, 880211522),
(1915, 0, 156, 4321866214, 256396743),
(1916, 3, 143, 4321866214, 185493128),
(1917, 2, 257, 4321866214, 285335734),
(1918, 5, 24, 4321898257, 0),
(1919, 1, 34, 4321912684, 37121232),
(1920, 2, 125, 4321912684, 37121232),
(1921, 1, 38, 4321912684, 86896635),
(1922, 3, 63, 4321912684, 86896635),
(1923, 1, 12, 4321912684, 93545740),
(1924, 2, 265, 4321912684, 93545740),
(1925, 4, 63, 4321912684, 86743260),
(1926, 3, 63, 4321912684, 164842410),
(1927, 4, 0, 4321952988, 365767102),
(1928, 0, 0, 4321952988, 295599851),
(1929, 2, 0, 4321952988, 307331749),
(1930, 1, 0, 4321952988, 91314690),
(1931, 5, 0, 4321952988, 193559569),
(1932, 4, 0, 4321952988, 123529666),
(1933, 5, 0, 4321952988, 125575896),
(1934, 4, 0, 4321952988, 256081220),
(1935, 0, 0, 4321952988, 374486552),
(1936, 5, 0, 4321952988, 89437863),
(1937, 2, 73, 4321926394, 241499365),
(1938, 4, 29, 4321926394, 427558921),
(1939, 4, 11, 4321926394, 427558921),
(1940, 2, 27, 4321926394, 166012051),
(1941, 0, 29, 4321926394, 258067271),
(1942, 2, 29, 4321926394, 197633557),
(1943, 4, 181, 4321926394, 353542282),
(1944, 5, 8, 4321906366, 431194367),
(1945, 2, 1, 4321906366, 155840567),
(1946, 4, 162, 4321906366, 358091609),
(1947, 5, 265, 4321906366, 491283556),
(1948, 5, 69, 4321860780, 233637161),
(1949, 2, 160, 4321860780, 350562374),
(1950, 2, 267, 4321866214, 880211522),
(1951, 3, 160, 4321866214, 361963750),
(1952, 0, 116, 4321898257, 0),
(1953, 2, 108, 4321898257, 0),
(1954, 4, 16, 4321898257, 0),
(1955, 5, 0, 4321962310, 369803306),
(1956, 5, 0, 4321962310, 233971593),
(1957, 5, 0, 4321962310, 346196728),
(1958, 5, 0, 4321962310, 310922437),
(1959, 5, 0, 4321962310, 841036836),
(1960, 5, 0, 4321962310, 397458952),
(1961, 5, 0, 4321962310, 411343628),
(1962, 5, 0, 4321962310, 188409855),
(1963, 5, 0, 4321962310, 244821088),
(1964, 5, 0, 4321962310, 134741940),
(1965, 3, 214, 4321912684, 37121232),
(1966, 1, 170, 4321912684, 86896635),
(1967, 3, 4, 4321912684, 121633262),
(1968, 4, 216, 4321912684, 93545740),
(1969, 3, 36, 4321912684, 86743260),
(1970, 0, 63, 4321912684, 114086220),
(1971, 4, 29, 4321912684, 61211191),
(1972, 3, 18, 4321912684, 71418112),
(1973, 5, 21, 4321912684, 71418112),
(1974, 5, 75, 4321926394, 316163874),
(1975, 2, 36, 4321926394, 316163874),
(1976, 3, 38, 4321926394, 316163874),
(1977, 4, 2, 4321926394, 316163874),
(1978, 4, 29, 4321926394, 383797967),
(1979, 2, 41, 4321926394, 314882028),
(1980, 2, 168, 4321906366, 431194367),
(1981, 5, 1, 4321906366, 869268895),
(1982, 2, 16, 4321906366, 162014492),
(1983, 3, 145, 4321906366, 179066697),
(1984, 5, 38, 4321906366, 179066697),
(1985, 3, 210, 4321906366, 358091609),
(1986, 4, 1, 4321906366, 368020491),
(1987, 2, 149, 4321860780, 34383115),
(1988, 0, 96, 4321860780, 232526730),
(1989, 5, 117, 4321860780, 860717110),
(1990, 0, 33, 4321860780, 79736547),
(1991, 2, 40, 4321860780, 79736547),
(1992, 5, 100, 4321860780, 79736547),
(1993, 1, 260, 4321860780, 233637161),
(1994, 1, 58, 4321860780, 121296071),
(1995, 1, 3, 4321866214, 880211522),
(1996, 0, 116, 4321866214, 388636774),
(1997, 2, 51, 4321866214, 256396743),
(1998, 0, 242, 4321866214, 843395307),
(1999, 1, 225, 4321866214, 185493128),
(2000, 3, 42, 4321866214, 285335734),
(2001, 0, 16, 4321941799, 205567948),
(2002, 1, 44, 4321941799, 205567948),
(2003, 4, 216, 4321941799, 205567948),
(2004, 0, 241, 4321941799, 150100544),
(2005, 2, 42, 4321941799, 150100544),
(2006, 5, 75, 4321941799, 150100544),
(2007, 4, 16, 4321941799, 150100544),
(2008, 1, 44, 4321941799, 404228663),
(2009, 0, 38, 4321941799, 404228663),
(2010, 2, 42, 4321941799, 404228663),
(2011, 3, 216, 4321941799, 404228663),
(2012, 1, 44, 4321941799, 320746742),
(2013, 2, 182, 4321941799, 320746742),
(2014, 5, 39, 4321941799, 320746742),
(2015, 0, 16, 4321941799, 369744050),
(2016, 1, 182, 4321941799, 369744050),
(2017, 3, 216, 4321941799, 369744050),
(2018, 4, 44, 4321941799, 369744050),
(2019, 0, 20, 4321941799, 321380689),
(2020, 1, 44, 4321941799, 321380689),
(2021, 2, 216, 4321941799, 321380689),
(2022, 3, 16, 4321941799, 321380689),
(2023, 4, 14, 4321941799, 321380689),
(2024, 4, 237, 4321941799, 321380689),
(2025, 0, 181, 4321941799, 914434160),
(2026, 1, 237, 4321941799, 914434160),
(2027, 3, 241, 4321941799, 914434160),
(2028, 3, 16, 4321941799, 914434160),
(2029, 3, 182, 4321941799, 914434160),
(2030, 0, 44, 4321941799, 171789859),
(2031, 1, 16, 4321941799, 171789859),
(2032, 3, 39, 4321941799, 171789859),
(2033, 5, 34, 4321941799, 171789859),
(2034, 1, 39, 4321941799, 313211296),
(2035, 3, 16, 4321941799, 313211296),
(2036, 4, 182, 4321941799, 313211296),
(2037, 5, 44, 4321941799, 313211296),
(2038, 0, 38, 4321941799, 842100982),
(2039, 4, 16, 4321941799, 842100982),
(2040, 2, 42, 4321941799, 842100982),
(2041, 3, 44, 4321941799, 842100982),
(2042, 1, 96, 4321898257, 0),
(2043, 3, 54, 4321898257, 0),
(2044, 5, 1, 4321898257, 0),
(2045, 5, 0, 4321961578, 183315096),
(2046, 5, 0, 4321961578, 417810937),
(2047, 2, 0, 4321961578, 190986381),
(2048, 5, 0, 4321961578, 913650843),
(2049, 4, 0, 4321961578, 277812252),
(2050, 0, 0, 4321961578, 202167136),
(2051, 3, 0, 4321961578, 919027228),
(2052, 5, 0, 4321961578, 918060096),
(2053, 5, 0, 4321961578, 918380821),
(2054, 5, 0, 4321961578, 242161616),
(2055, 5, 92, 4321912684, 93545740),
(2056, 0, 8, 4321912684, 86743260),
(2057, 3, 265, 4321912684, 114086220),
(2058, 3, 67, 4321912684, 164842410),
(2059, 0, 214, 4321912684, 35380233),
(2060, 2, 188, 4321912684, 35380233),
(2061, 4, 42, 4321912684, 35380233),
(2062, 3, 236, 4321912684, 71418112),
(2063, 3, 4, 4321906366, 155840567),
(2064, 5, 19, 4321906366, 155840567),
(2065, 0, 36, 4321906366, 162014492),
(2066, 2, 43, 4321906366, 162014492),
(2067, 4, 170, 4321906366, 179066697),
(2068, 3, 23, 4321906366, 236295405),
(2069, 4, 73, 4321906366, 491283556),
(2070, 3, 29, 4321926394, 316163874),
(2071, 3, 29, 4321926394, 241499365),
(2072, 3, 180, 4321926394, 427558921),
(2073, 0, 29, 4321926394, 154708429),
(2074, 1, 94, 4321926394, 258067271),
(2075, 2, 36, 4321926394, 258067271),
(2076, 5, 75, 4321926394, 383797967),
(2077, 3, 33, 4321860780, 34383115),
(2078, 4, 188, 4321860780, 299514514),
(2079, 4, 51, 4321866214, 361963750),
(2080, 3, 0, 4321866214, 409162182),
(2081, 2, 135, 4321866214, 256396743),
(2082, 2, 39, 4321941799, 150100544),
(2083, 5, 11, 4321941799, 320746742),
(2084, 5, 34, 4321941799, 369744050),
(2085, 2, 34, 4321941799, 842100982),
(2086, 5, 4, 4321898257, 0),
(2087, 4, 94, 4321898257, 0),
(2088, 2, 24, 4321912684, 86896635),
(2089, 1, 187, 4321912684, 121633262),
(2090, 0, 214, 4321912684, 61211191),
(2091, 1, 36, 4321912684, 61211191),
(2092, 3, 265, 4321912684, 35380233),
(2093, 1, 21, 4321906366, 431194367),
(2094, 0, 1, 4321906366, 860673650),
(2095, 4, 147, 4321906366, 179066697),
(2096, 2, 149, 4321906366, 358091609),
(2097, 0, 51, 4321906366, 358091609),
(2098, 0, 152, 4321906366, 368020491),
(2099, 3, 63, 4321926394, 316163874),
(2100, 3, 56, 4321926394, 316163874),
(2101, 5, 63, 4321926394, 241499365),
(2102, 5, 214, 4321926394, 166012051),
(2103, 1, 244, 4321926394, 154708429),
(2104, 3, 88, 4321926394, 258067271),
(2105, 5, 36, 4321926394, 197633557),
(2106, 0, 63, 4321926394, 383797967),
(2107, 5, 29, 4321926394, 314882028),
(2108, 0, 43, 4321860780, 79736547),
(2109, 3, 96, 4321860780, 121296071),
(2110, 0, 116, 4321866214, 880364016),
(2111, 1, 127, 4321866214, 880211522),
(2112, 4, 135, 4321866214, 361963750),
(2113, 1, 9, 4321866214, 409162182),
(2114, 5, 33, 4321866214, 256396743),
(2115, 2, 43, 4321866214, 285335734),
(2116, 2, 44, 4321941799, 150100544),
(2117, 5, 14, 4321941799, 150100544),
(2118, 3, 75, 4321941799, 320746742),
(2119, 4, 44, 4321941799, 914434160),
(2120, 5, 11, 4321941799, 914434160),
(2121, 0, 34, 4321941799, 313211296),
(2122, 1, 11, 4321941799, 313211296),
(2123, 3, 75, 4321941799, 313211296),
(2124, 5, 0, 4321972694, 134741940),
(2125, 0, 0, 4321972694, 346196728),
(2126, 4, 0, 4321972694, 841036836),
(2127, 5, 0, 4321972694, 188409855),
(2128, 2, 0, 4321972694, 310922437),
(2129, 3, 0, 4321972694, 411343628),
(2130, 4, 0, 4321972694, 397458952),
(2131, 2, 0, 4321972694, 244821088),
(2132, 2, 0, 4321972694, 204296074),
(2133, 5, 0, 4321972694, 180503333),
(2134, 3, 168, 4321898257, 0),
(2135, 2, 256, 4321898257, 0),
(2136, 4, 100, 4321898257, 0),
(2137, 1, 90, 4321898257, 0),
(2138, 2, 242, 4321898257, 0),
(2139, 0, 1, 4321912684, 37121232),
(2140, 2, 147, 4321912684, 86896635),
(2141, 0, 214, 4321912684, 121633262),
(2142, 3, 36, 4321912684, 93545740),
(2143, 0, 166, 4321912684, 86743260),
(2144, 5, 252, 4321912684, 114086220),
(2145, 0, 98, 4321912684, 164842410),
(2146, 0, 263, 4321912684, 71418112),
(2147, 5, 38, 4321912684, 71418112),
(2148, 1, 127, 4321906366, 155840567),
(2149, 1, 143, 4321906366, 869268895),
(2150, 1, 40, 4321906366, 162014492),
(2151, 2, 218, 4321906366, 162014492),
(2152, 4, 215, 4321906366, 860673650),
(2153, 2, 143, 4321906366, 179066697),
(2154, 2, 100, 4321906366, 236295405),
(2155, 4, 141, 4321906366, 358091609),
(2156, 4, 26, 4321926394, 316163874),
(2157, 5, 6, 4321926394, 241499365),
(2158, 0, 265, 4321926394, 166012051),
(2159, 5, 20, 4321926394, 166012051),
(2160, 3, 16, 4321926394, 154708429),
(2161, 1, 81, 4321926394, 258067271),
(2162, 3, 17, 4321926394, 258067271),
(2163, 1, 214, 4321926394, 197633557),
(2164, 5, 29, 4321926394, 353542282),
(2165, 1, 56, 4321926394, 383797967),
(2166, 1, 178, 4321926394, 314882028),
(2167, 5, 139, 4321860780, 860717110),
(2168, 0, 60, 4321860780, 79736547),
(2169, 0, 110, 4321860780, 233637161),
(2170, 3, 1, 4321860780, 350562374),
(2171, 3, 38, 4321860780, 187222245),
(2172, 1, 249, 4321866214, 256396743),
(2173, 0, 208, 4321866214, 185493128),
(2174, 3, 188, 4321866214, 285335734),
(2175, 4, 244, 4321941799, 205567948),
(2176, 5, 13, 4321941799, 205567948),
(2177, 1, 181, 4321941799, 150100544),
(2178, 1, 29, 4321941799, 404228663),
(2179, 0, 29, 4321941799, 320746742),
(2180, 0, 241, 4321941799, 369744050),
(2181, 1, 36, 4321941799, 369744050),
(2182, 4, 75, 4321941799, 321380689),
(2183, 4, 2, 4321941799, 321380689),
(2184, 2, 29, 4321941799, 914434160),
(2185, 1, 181, 4321941799, 171789859),
(2186, 4, 43, 4321941799, 171789859),
(2187, 1, 36, 4321941799, 842100982),
(2188, 3, 0, 4321968468, 62119103),
(2189, 4, 0, 4321968468, 122058938),
(2190, 3, 0, 4321968468, 153196290),
(2191, 5, 0, 4321968468, 135470090),
(2192, 2, 0, 4321968468, 221945821),
(2193, 5, 0, 4321968468, 437303185),
(2194, 5, 0, 4321968468, 121213409),
(2195, 0, 0, 4321968468, 102009320),
(2196, 3, 0, 4321968468, 853141086),
(2197, 3, 0, 4321968468, 908218565),
(2198, 5, 162, 4321898257, 0),
(2199, 3, 244, 4321912684, 121633262),
(2200, 4, 100, 4321912684, 93545740),
(2201, 3, 218, 4321912684, 61211191),
(2202, 4, 21, 4321912684, 164842410),
(2203, 3, 44, 4321952988, 365767102),
(2204, 1, 20, 4321952988, 365767102),
(2205, 2, 12, 4321952988, 365767102),
(2206, 5, 38, 4321952988, 365767102),
(2207, 0, 39, 4321952988, 295599851),
(2208, 1, 44, 4321952988, 295599851),
(2209, 0, 216, 4321952988, 295599851),
(2210, 4, 182, 4321952988, 295599851),
(2211, 0, 15, 4321952988, 307331749),
(2212, 5, 20, 4321952988, 307331749),
(2213, 2, 42, 4321952988, 307331749),
(2214, 3, 16, 4321952988, 307331749),
(2215, 1, 237, 4321952988, 307331749),
(2216, 1, 182, 4321952988, 91314690),
(2217, 2, 44, 4321952988, 91314690),
(2218, 5, 39, 4321952988, 91314690),
(2219, 2, 43, 4321952988, 193559569),
(2220, 2, 38, 4321952988, 193559569),
(2221, 0, 39, 4321952988, 193559569),
(2222, 4, 44, 4321952988, 193559569),
(2223, 2, 237, 4321952988, 123529666),
(2224, 0, 241, 4321952988, 123529666),
(2225, 1, 16, 4321952988, 123529666),
(2226, 4, 15, 4321952988, 123529666),
(2227, 4, 42, 4321952988, 123529666),
(2228, 5, 20, 4321952988, 123529666),
(2229, 0, 39, 4321952988, 125575896),
(2230, 1, 43, 4321952988, 125575896),
(2231, 4, 38, 4321952988, 125575896),
(2232, 3, 44, 4321952988, 125575896),
(2233, 5, 237, 4321952988, 125575896),
(2234, 0, 44, 4321952988, 256081220),
(2235, 4, 216, 4321952988, 256081220),
(2236, 2, 38, 4321952988, 256081220),
(2237, 1, 44, 4321952988, 374486552),
(2238, 2, 216, 4321952988, 374486552),
(2239, 5, 16, 4321952988, 374486552),
(2240, 0, 182, 4321952988, 374486552),
(2241, 0, 44, 4321952988, 89437863),
(2242, 2, 216, 4321952988, 89437863),
(2243, 3, 39, 4321952988, 89437863),
(2244, 4, 237, 4321952988, 89437863),
(2245, 5, 42, 4321952988, 89437863),
(2246, 3, 116, 4321906366, 431194367),
(2247, 5, 182, 4321906366, 162014492),
(2248, 1, 7, 4321906366, 179066697),
(2249, 5, 1, 4321906366, 358091609),
(2250, 3, 69, 4321926394, 316163874),
(2251, 4, 151, 4321926394, 241499365),
(2252, 0, 214, 4321926394, 154708429),
(2253, 1, 35, 4321926394, 154708429),
(2254, 3, 106, 4321926394, 258067271),
(2255, 1, 42, 4321926394, 197633557),
(2256, 2, 27, 4321926394, 197633557),
(2257, 2, 240, 4321926394, 353542282),
(2258, 1, 69, 4321926394, 383797967),
(2259, 0, 21, 4321860780, 149621837),
(2260, 1, 263, 4321860780, 350562374),
(2261, 5, 9, 4321860780, 121296071),
(2262, 1, 27, 4321941799, 205567948),
(2263, 0, 29, 4321941799, 150100544),
(2264, 1, 240, 4321941799, 150100544),
(2265, 0, 50, 4321941799, 320746742),
(2266, 0, 29, 4321941799, 369744050),
(2267, 3, 63, 4321941799, 321380689),
(2268, 2, 75, 4321941799, 914434160),
(2269, 4, 244, 4321941799, 171789859),
(2270, 3, 188, 4321941799, 171789859),
(2271, 2, 63, 4321941799, 313211296),
(2272, 0, 29, 4321941799, 842100982),
(2273, 2, 142, 4321898257, 0),
(2274, 5, 69, 4321898257, 0),
(2275, 3, 137, 4321898257, 0),
(2276, 4, 208, 4321898257, 0),
(2277, 5, 131, 4321912684, 37121232),
(2278, 4, 116, 4321912684, 86896635),
(2279, 4, 188, 4321912684, 121633262),
(2280, 1, 21, 4321912684, 86743260),
(2281, 1, 21, 4321912684, 114086220),
(2282, 3, 166, 4321912684, 114086220),
(2283, 2, 43, 4321912684, 61211191),
(2284, 4, 1, 4321912684, 35380233),
(2285, 3, 116, 4321906366, 869268895),
(2286, 1, 152, 4321906366, 860673650),
(2287, 2, 241, 4321952988, 307331749),
(2288, 3, 11, 4321952988, 91314690),
(2289, 1, 42, 4321952988, 125575896),
(2290, 5, 38, 4321952988, 89437863),
(2291, 1, 1, 4321926394, 427558921),
(2292, 2, 92, 4321926394, 166012051),
(2293, 1, 36, 4321926394, 154708429),
(2294, 3, 193, 4321926394, 258067271),
(2295, 3, 218, 4321926394, 197633557),
(2296, 5, 4, 4321926394, 353542282),
(2297, 5, 48, 4321926394, 314882028),
(2298, 1, 218, 4321941799, 205567948),
(2299, 1, 214, 4321941799, 205567948),
(2300, 0, 63, 4321941799, 150100544),
(2301, 2, 265, 4321941799, 369744050),
(2302, 3, 17, 4321941799, 369744050),
(2303, 1, 265, 4321941799, 321380689),
(2304, 2, 36, 4321941799, 321380689),
(2305, 5, 210, 4321898257, 0),
(2306, 0, 206, 4321898257, 0),
(2307, 5, 90, 4321912684, 37121232),
(2308, 4, 31, 4321912684, 121633262),
(2309, 1, 214, 4321912684, 93545740),
(2310, 1, 116, 4321912684, 86743260),
(2311, 2, 188, 4321912684, 61211191),
(2312, 1, 116, 4321912684, 164842410),
(2313, 3, 170, 4321912684, 71418112),
(2314, 1, 135, 4321906366, 179066697),
(2315, 1, 1, 4321906366, 236295405),
(2316, 3, 244, 4321906366, 491283556),
(2317, 5, 63, 4321906366, 491283556),
(2318, 3, 14, 4321952988, 365767102),
(2319, 2, 11, 4321952988, 295599851),
(2320, 1, 77, 4321952988, 307331749),
(2321, 4, 34, 4321952988, 307331749),
(2322, 1, 29, 4321952988, 193559569),
(2323, 1, 39, 4321952988, 123529666),
(2324, 0, 11, 4321952988, 374486552),
(2325, 2, 11, 4321952988, 89437863),
(2326, 4, 29, 4321952988, 89437863),
(2327, 1, 269, 4321926394, 241499365),
(2328, 2, 188, 4321926394, 154708429),
(2329, 4, 218, 4321926394, 154708429),
(2330, 0, 187, 4321926394, 353542282),
(2331, 1, 43, 4321926394, 353542282),
(2332, 2, 188, 4321926394, 353542282),
(2333, 0, 178, 4321941799, 205567948),
(2334, 4, 36, 4321941799, 404228663),
(2335, 2, 69, 4321941799, 320746742),
(2336, 5, 7, 4321941799, 321380689),
(2337, 3, 29, 4321941799, 171789859),
(2338, 4, 51, 4321941799, 313211296),
(2339, 0, 188, 4321941799, 842100982),
(2340, 0, 218, 4321941799, 842100982),
(2341, 5, 44, 4321972694, 134741940),
(2342, 1, 14, 4321972694, 134741940),
(2343, 2, 20, 4321972694, 134741940),
(2344, 3, 16, 4321972694, 134741940),
(2345, 1, 44, 4321972694, 346196728),
(2346, 2, 39, 4321972694, 346196728),
(2347, 5, 38, 4321972694, 346196728),
(2348, 2, 42, 4321972694, 346196728),
(2349, 0, 44, 4321972694, 841036836),
(2350, 1, 38, 4321972694, 841036836),
(2351, 3, 16, 4321972694, 841036836),
(2352, 4, 244, 4321972694, 841036836),
(2353, 0, 42, 4321972694, 188409855),
(2354, 2, 241, 4321972694, 188409855),
(2355, 4, 77, 4321972694, 188409855),
(2356, 4, 16, 4321972694, 188409855),
(2357, 3, 188, 4321972694, 310922437),
(2358, 1, 44, 4321972694, 310922437),
(2359, 3, 39, 4321972694, 310922437),
(2360, 3, 244, 4321972694, 310922437),
(2361, 3, 38, 4321972694, 310922437),
(2362, 0, 241, 4321972694, 411343628),
(2363, 1, 11, 4321972694, 411343628),
(2364, 3, 42, 4321972694, 411343628),
(2365, 4, 182, 4321972694, 411343628),
(2366, 1, 16, 4321972694, 411343628),
(2367, 1, 182, 4321972694, 397458952),
(2368, 1, 39, 4321972694, 397458952),
(2369, 4, 216, 4321972694, 397458952),
(2370, 3, 182, 4321972694, 244821088),
(2371, 1, 44, 4321972694, 244821088),
(2372, 4, 16, 4321972694, 244821088),
(2373, 5, 11, 4321972694, 244821088),
(2374, 0, 44, 4321972694, 204296074),
(2375, 1, 28, 4321972694, 204296074),
(2376, 5, 216, 4321972694, 204296074),
(2377, 5, 42, 4321972694, 180503333),
(2378, 0, 44, 4321972694, 180503333),
(2379, 4, 38, 4321972694, 180503333),
(2380, 4, 16, 4321972694, 180503333),
(2381, 2, 207, 4321898257, 0),
(2382, 2, 182, 4321961578, 183315096),
(2383, 1, 44, 4321961578, 183315096),
(2384, 2, 39, 4321961578, 183315096),
(2385, 4, 216, 4321961578, 183315096),
(2386, 4, 42, 4321961578, 183315096),
(2387, 0, 44, 4321961578, 417810937),
(2388, 3, 38, 4321961578, 417810937),
(2389, 4, 16, 4321961578, 417810937),
(2390, 5, 182, 4321961578, 190986381),
(2391, 4, 16, 4321961578, 190986381),
(2392, 4, 39, 4321961578, 190986381),
(2393, 3, 44, 4321961578, 190986381),
(2394, 0, 77, 4321961578, 913650843),
(2395, 1, 218, 4321961578, 913650843),
(2396, 3, 241, 4321961578, 913650843),
(2397, 4, 16, 4321961578, 913650843),
(2398, 5, 44, 4321961578, 277812252),
(2399, 4, 216, 4321961578, 277812252),
(2400, 2, 182, 4321961578, 277812252),
(2401, 2, 218, 4321961578, 202167136),
(2402, 4, 241, 4321961578, 202167136),
(2403, 5, 75, 4321961578, 202167136),
(2404, 3, 16, 4321961578, 202167136),
(2405, 4, 182, 4321961578, 919027228),
(2406, 3, 44, 4321961578, 919027228),
(2407, 3, 16, 4321961578, 919027228),
(2408, 0, 182, 4321961578, 918060096),
(2409, 1, 39, 4321961578, 918060096),
(2410, 2, 44, 4321961578, 918060096),
(2411, 3, 216, 4321961578, 918060096),
(2412, 5, 16, 4321961578, 918060096),
(2413, 0, 13, 4321961578, 918380821),
(2414, 3, 20, 4321961578, 918380821),
(2415, 2, 44, 4321961578, 918380821),
(2416, 4, 39, 4321961578, 918380821),
(2417, 1, 42, 4321961578, 242161616),
(2418, 2, 44, 4321961578, 242161616),
(2419, 4, 38, 4321961578, 242161616),
(2420, 4, 39, 4321961578, 242161616),
(2421, 5, 117, 4321912684, 86896635),
(2422, 0, 158, 4321912684, 86743260),
(2423, 5, 9, 4321912684, 164842410),
(2424, 4, 0, 4321983608, 198769370),
(2425, 0, 0, 4321983608, 223788891),
(2426, 5, 0, 4321983608, 224135003),
(2427, 4, 0, 4321983608, 112662315),
(2428, 4, 0, 4321983608, 126785306),
(2429, 5, 0, 4321983608, 86983845),
(2430, 5, 0, 4321983608, 303077939),
(2431, 0, 0, 4321983608, 99651761),
(2432, 2, 0, 4321983608, 129249486),
(2433, 4, 0, 4321983608, 129566148),
(2434, 2, 162, 4321906366, 162014492),
(2435, 5, 231, 4321906366, 368020491),
(2436, 1, 75, 4321952988, 365767102),
(2437, 1, 29, 4321952988, 295599851),
(2438, 4, 36, 4321952988, 307331749),
(2439, 0, 29, 4321952988, 91314690),
(2440, 4, 75, 4321952988, 91314690),
(2441, 0, 29, 4321952988, 125575896),
(2442, 1, 39, 4321952988, 374486552),
(2443, 4, 75, 4321952988, 374486552),
(2444, 3, 180, 4321952988, 89437863),
(2445, 5, 23, 4321926394, 166012051),
(2446, 3, 1, 4321926394, 314882028),
(2447, 1, 42, 4321941799, 205567948),
(2448, 2, 168, 4321941799, 150100544),
(2449, 0, 56, 4321941799, 369744050),
(2450, 0, 63, 4321941799, 369744050),
(2451, 2, 63, 4321941799, 914434160),
(2452, 4, 265, 4321941799, 171789859),
(2453, 5, 0, 4321992529, 0),
(2454, 0, 39, 4321972694, 188409855),
(2455, 5, 39, 4321972694, 411343628),
(2456, 4, 88, 4321972694, 204296074),
(2457, 1, 38, 4321952988, 295599851),
(2458, 2, 29, 4321952988, 307331749),
(2459, 2, 42, 4321952988, 193559569),
(2460, 0, 41, 4321952988, 123529666),
(2461, 1, 36, 4321952988, 123529666),
(2462, 4, 77, 4321952988, 123529666),
(2463, 2, 34, 4321952988, 125575896),
(2464, 3, 77, 4321952988, 125575896),
(2465, 5, 29, 4321952988, 256081220),
(2466, 5, 29, 4321952988, 374486552),
(2467, 0, 34, 4321952988, 89437863),
(2468, 4, 143, 4321906366, 431194367),
(2469, 4, 279, 4321906366, 155840567),
(2470, 4, 51, 4321906366, 869268895),
(2471, 2, 40, 4321906366, 860673650),
(2472, 5, 188, 4321906366, 860673650),
(2473, 2, 48, 4321906366, 358091609),
(2474, 0, 123, 4321926394, 316163874),
(2475, 3, 156, 4321926394, 241499365),
(2476, 1, 100, 4321926394, 166012051),
(2477, 3, 257, 4321926394, 166012051),
(2478, 3, 194, 4321926394, 258067271),
(2479, 1, 145, 4321926394, 383797967),
(2480, 5, 166, 4321941799, 321380689),
(2481, 4, 40, 4321941799, 171789859),
(2482, 1, 145, 4321941799, 313211296),
(2483, 3, 180, 4321941799, 842100982),
(2484, 0, 44, 4321992529, 0),
(2485, 3, 39, 4321992529, 0),
(2486, 1, 27, 4321992529, 0),
(2487, 2, 38, 4321992529, 0),
(2488, 5, 241, 4321992529, 0),
(2489, 5, 182, 4321992529, 0),
(2490, 5, 16, 4321992529, 0),
(2491, 4, 75, 4321992529, 0),
(2492, 5, 188, 4321992529, 0),
(2493, 0, 237, 4321992529, 0),
(2494, 2, 15, 4321992529, 0),
(2495, 5, 20, 4321992529, 0),
(2496, 0, 11, 4321992529, 0),
(2497, 4, 42, 4321992529, 0),
(2498, 3, 13, 4321992529, 0),
(2499, 3, 244, 4321972694, 346196728),
(2500, 5, 29, 4321972694, 841036836),
(2501, 5, 16, 4321972694, 310922437),
(2502, 1, 20, 4321972694, 411343628),
(2503, 4, 73, 4321972694, 411343628),
(2504, 5, 34, 4321972694, 411343628),
(2505, 0, 29, 4321972694, 397458952),
(2506, 0, 29, 4321972694, 244821088),
(2507, 4, 75, 4321972694, 244821088),
(2508, 0, 29, 4321952988, 365767102),
(2509, 5, 73, 4321952988, 295599851),
(2510, 3, 63, 4321952988, 307331749),
(2511, 0, 63, 4321952988, 91314690),
(2512, 2, 218, 4321952988, 193559569),
(2513, 5, 29, 4321952988, 123529666),
(2514, 1, 34, 4321952988, 256081220),
(2515, 5, 50, 4321952988, 374486552),
(2516, 3, 37, 4321926394, 316163874),
(2517, 2, 21, 4321926394, 241499365),
(2518, 2, 152, 4321926394, 427558921),
(2519, 3, 38, 4321926394, 166012051),
(2520, 3, 31, 4321926394, 154708429),
(2521, 5, 77, 4321926394, 154708429),
(2522, 5, 180, 4321926394, 353542282),
(2523, 4, 232, 4321926394, 314882028),
(2524, 5, 40, 4321941799, 205567948),
(2525, 3, 1, 4321941799, 150100544),
(2526, 1, 180, 4321941799, 404228663),
(2527, 2, 145, 4321941799, 320746742),
(2528, 0, 125, 4321941799, 369744050),
(2529, 0, 170, 4321941799, 321380689),
(2530, 5, 67, 4321941799, 914434160),
(2531, 3, 180, 4321941799, 171789859),
(2532, 4, 8, 4321941799, 313211296),
(2533, 1, 29, 4321992529, 0),
(2534, 2, 75, 4321972694, 134741940),
(2535, 4, 27, 4321972694, 346196728),
(2536, 0, 34, 4321972694, 310922437),
(2537, 0, 180, 4321972694, 397458952),
(2538, 1, 241, 4321972694, 244821088),
(2539, 5, 77, 4321972694, 204296074),
(2540, 3, 29, 4321972694, 180503333),
(2541, 1, 43, 4321961578, 913650843),
(2542, 3, 265, 4321952988, 365767102),
(2543, 5, 42, 4321952988, 365767102),
(2544, 4, 22, 4321952988, 91314690),
(2545, 0, 265, 4321952988, 193559569),
(2546, 3, 216, 4321952988, 193559569),
(2547, 2, 188, 4321952988, 256081220),
(2548, 0, 42, 4321952988, 256081220),
(2549, 1, 176, 4321926394, 316163874),
(2550, 0, 116, 4321926394, 241499365),
(2551, 3, 43, 4321926394, 154708429),
(2552, 3, 170, 4321926394, 383797967),
(2553, 4, 43, 4321941799, 404228663),
(2554, 1, 22, 4321941799, 320746742),
(2555, 2, 18, 4321941799, 320746742),
(2556, 2, 252, 4321941799, 914434160),
(2557, 5, 0, 4321996307, 388636774),
(2558, 5, 0, 4321996307, 880364016),
(2559, 5, 0, 4321996307, 414646198),
(2560, 5, 0, 4321996307, 361963750),
(2561, 5, 0, 4321996307, 880211522),
(2562, 4, 0, 4321996307, 275941880),
(2563, 2, 0, 4321996307, 186035261),
(2564, 3, 0, 4321996307, 431827666),
(2565, 4, 0, 4321996307, 68701934),
(2566, 3, 0, 4321996307, 172782783),
(2567, 2, 178, 4321992529, 0),
(2568, 0, 36, 4321992529, 0),
(2569, 4, 14, 4321992529, 0),
(2570, 5, 77, 4321992529, 0),
(2571, 5, 34, 4321992529, 0),
(2572, 3, 73, 4321992529, 0),
(2573, 0, 25, 4321972694, 134741940),
(2574, 5, 4, 4321972694, 134741940),
(2575, 5, 180, 4321972694, 841036836),
(2576, 3, 41, 4321972694, 188409855),
(2577, 1, 42, 4321972694, 310922437),
(2578, 2, 29, 4321972694, 411343628),
(2579, 2, 11, 4321972694, 397458952),
(2580, 0, 50, 4321972694, 244821088),
(2581, 0, 11, 4321961578, 183315096),
(2582, 5, 11, 4321961578, 190986381),
(2583, 5, 39, 4321961578, 913650843),
(2584, 5, 43, 4321961578, 277812252),
(2585, 4, 39, 4321961578, 202167136),
(2586, 5, 218, 4321952988, 365767102),
(2587, 0, 4, 4321952988, 295599851),
(2588, 2, 170, 4321952988, 307331749),
(2589, 5, 170, 4321952988, 91314690),
(2590, 5, 63, 4321952988, 123529666),
(2591, 5, 38, 4321952988, 123529666),
(2592, 0, 180, 4321952988, 125575896),
(2593, 0, 218, 4321952988, 256081220),
(2594, 0, 7, 4321952988, 374486552),
(2595, 1, 1, 4321952988, 89437863),
(2596, 5, 117, 4321926394, 316163874),
(2597, 0, 1, 4321926394, 166012051),
(2598, 2, 254, 4321926394, 154708429),
(2599, 3, 154, 4321926394, 383797967),
(2600, 4, 31, 4321941799, 205567948),
(2601, 0, 232, 4321941799, 404228663),
(2602, 1, 170, 4321941799, 320746742),
(2603, 3, 242, 4321941799, 369744050),
(2604, 0, 44, 4321968468, 62119103),
(2605, 1, 39, 4321968468, 62119103),
(2606, 2, 16, 4321968468, 62119103),
(2607, 4, 237, 4321968468, 62119103),
(2608, 5, 42, 4321968468, 62119103),
(2609, 0, 182, 4321968468, 122058938),
(2610, 5, 16, 4321968468, 122058938),
(2611, 3, 44, 4321968468, 122058938),
(2612, 1, 44, 4321968468, 153196290),
(2613, 2, 39, 4321968468, 153196290),
(2614, 0, 44, 4321968468, 135470090),
(2615, 3, 182, 4321968468, 135470090),
(2616, 2, 39, 4321968468, 135470090),
(2617, 3, 216, 4321968468, 135470090),
(2618, 0, 20, 4321968468, 221945821),
(2619, 1, 43, 4321968468, 221945821),
(2620, 1, 237, 4321968468, 221945821),
(2621, 3, 16, 4321968468, 221945821),
(2622, 5, 15, 4321968468, 221945821),
(2623, 1, 44, 4321968468, 437303185),
(2624, 2, 38, 4321968468, 437303185),
(2625, 2, 43, 4321968468, 437303185),
(2626, 1, 182, 4321968468, 121213409),
(2627, 1, 39, 4321968468, 121213409),
(2628, 2, 44, 4321968468, 121213409),
(2629, 3, 216, 4321968468, 121213409),
(2630, 5, 16, 4321968468, 121213409),
(2631, 0, 182, 4321968468, 102009320),
(2632, 1, 44, 4321968468, 102009320),
(2633, 1, 39, 4321968468, 102009320),
(2634, 3, 216, 4321968468, 102009320),
(2635, 5, 16, 4321968468, 102009320),
(2636, 0, 44, 4321968468, 853141086),
(2637, 1, 39, 4321968468, 853141086),
(2638, 0, 181, 4321968468, 853141086),
(2639, 3, 16, 4321968468, 853141086),
(2640, 3, 38, 4321968468, 853141086),
(2641, 5, 42, 4321968468, 853141086),
(2642, 0, 11, 4321968468, 908218565),
(2643, 1, 42, 4321968468, 908218565),
(2644, 2, 16, 4321968468, 908218565),
(2645, 3, 14, 4321968468, 908218565),
(2646, 4, 182, 4321968468, 908218565),
(2647, 5, 241, 4321968468, 908218565),
(2648, 1, 181, 4321992529, 0),
(2649, 1, 50, 4321992529, 0),
(2650, 0, 41, 4321992529, 0),
(2651, 0, 50, 4321972694, 134741940),
(2652, 3, 214, 4321972694, 346196728),
(2653, 0, 218, 4321972694, 346196728),
(2654, 3, 36, 4321972694, 841036836),
(2655, 4, 11, 4321972694, 841036836),
(2656, 4, 36, 4321972694, 188409855),
(2657, 5, 29, 4321972694, 188409855),
(2658, 3, 36, 4321972694, 411343628),
(2659, 3, 244, 4321972694, 397458952),
(2660, 4, 36, 4321972694, 244821088),
(2661, 2, 216, 4321972694, 244821088),
(2662, 5, 0, 4321999682, 878991409),
(2663, 3, 0, 4321999682, 244649676),
(2664, 2, 0, 4321999682, 233720955),
(2665, 5, 0, 4321999682, 334176616),
(2666, 3, 0, 4321999682, 152646625),
(2667, 5, 0, 4321999682, 175344231),
(2668, 4, 0, 4321999682, 199118991),
(2669, 5, 0, 4321999682, 131212569),
(2670, 5, 0, 4321999682, 312295209),
(2671, 5, 0, 4321999682, 279993696),
(2672, 1, 188, 4321961578, 277812252),
(2673, 4, 244, 4321961578, 918060096),
(2674, 0, 73, 4321961578, 918380821),
(2675, 5, 188, 4321961578, 242161616),
(2676, 4, 42, 4321983608, 198769370),
(2677, 0, 38, 4321983608, 198769370),
(2678, 2, 44, 4321983608, 198769370),
(2679, 4, 216, 4321983608, 198769370),
(2680, 4, 244, 4321983608, 198769370),
(2681, 0, 39, 4321983608, 223788891),
(2682, 1, 44, 4321983608, 223788891),
(2683, 2, 182, 4321983608, 223788891),
(2684, 4, 16, 4321983608, 223788891),
(2685, 5, 77, 4321983608, 224135003),
(2686, 1, 16, 4321983608, 224135003),
(2687, 2, 241, 4321983608, 224135003),
(2688, 3, 42, 4321983608, 224135003),
(2689, 0, 44, 4321983608, 112662315),
(2690, 4, 182, 4321983608, 112662315),
(2691, 2, 39, 4321983608, 112662315),
(2692, 2, 216, 4321983608, 112662315),
(2693, 2, 216, 4321983608, 126785306),
(2694, 2, 44, 4321983608, 126785306),
(2695, 5, 182, 4321983608, 126785306),
(2696, 4, 16, 4321983608, 126785306),
(2697, 0, 39, 4321983608, 86983845),
(2698, 1, 44, 4321983608, 86983845),
(2699, 2, 182, 4321983608, 86983845),
(2700, 0, 216, 4321983608, 86983845),
(2701, 0, 44, 4321983608, 303077939),
(2702, 0, 39, 4321983608, 303077939),
(2703, 2, 182, 4321983608, 303077939),
(2704, 5, 216, 4321983608, 303077939),
(2705, 0, 182, 4321983608, 99651761),
(2706, 2, 241, 4321983608, 99651761),
(2707, 2, 42, 4321983608, 99651761),
(2708, 3, 16, 4321983608, 99651761),
(2709, 4, 13, 4321983608, 99651761),
(2710, 0, 11, 4321983608, 99651761),
(2711, 0, 44, 4321983608, 129249486),
(2712, 1, 39, 4321983608, 129249486),
(2713, 3, 42, 4321983608, 129249486),
(2714, 4, 38, 4321983608, 129249486),
(2715, 0, 44, 4321983608, 129566148),
(2716, 1, 182, 4321983608, 129566148),
(2717, 2, 38, 4321983608, 129566148),
(2718, 3, 216, 4321983608, 129566148),
(2719, 1, 50, 4321952988, 295599851),
(2720, 1, 180, 4321952988, 193559569),
(2721, 2, 19, 4321952988, 123529666),
(2722, 0, 36, 4321952988, 89437863),
(2723, 5, 34, 4321968468, 62119103),
(2724, 4, 11, 4321968468, 121213409),
(2725, 2, 11, 4321968468, 102009320),
(2726, 2, 34, 4321968468, 853141086),
(2727, 2, 17, 4321992529, 0),
(2728, 4, 12, 4321992529, 0),
(2729, 5, 63, 4321972694, 188409855),
(2730, 1, 29, 4321972694, 310922437),
(2731, 4, 36, 4321972694, 180503333),
(2732, 3, 29, 4321961578, 183315096),
(2733, 5, 73, 4321961578, 183315096),
(2734, 0, 43, 4321961578, 417810937),
(2735, 1, 39, 4321961578, 417810937),
(2736, 1, 75, 4321961578, 190986381),
(2737, 3, 29, 4321961578, 190986381),
(2738, 1, 29, 4321961578, 913650843),
(2739, 1, 34, 4321961578, 277812252),
(2740, 5, 75, 4321961578, 919027228),
(2741, 4, 29, 4321961578, 919027228),
(2742, 5, 36, 4321961578, 918060096),
(2743, 1, 12, 4321961578, 918380821),
(2744, 4, 265, 4321961578, 918380821),
(2745, 2, 244, 4321961578, 242161616),
(2746, 4, 11, 4321983608, 112662315),
(2747, 1, 34, 4321983608, 303077939),
(2748, 5, 34, 4321983608, 129566148),
(2749, 0, 63, 4321952988, 365767102),
(2750, 0, 188, 4321952988, 295599851),
(2751, 4, 94, 4321952988, 295599851),
(2752, 2, 277, 4321952988, 307331749),
(2753, 2, 259, 4321952988, 123529666),
(2754, 4, 31, 4321952988, 125575896),
(2755, 5, 180, 4321952988, 256081220),
(2756, 3, 166, 4321952988, 374486552),
(2757, 4, 265, 4321952988, 89437863),
(2758, 4, 123, 4321941799, 150100544),
(2759, 3, 214, 4321941799, 404228663),
(2760, 3, 135, 4321941799, 320746742),
(2761, 1, 4, 4321941799, 369744050),
(2762, 1, 19, 4321941799, 369744050),
(2763, 0, 147, 4321941799, 321380689),
(2764, 5, 152, 4321941799, 914434160),
(2765, 5, 117, 4321941799, 313211296),
(2766, 2, 168, 4321941799, 313211296),
(2767, 5, 116, 4321941799, 313211296),
(2768, 5, 31, 4321941799, 842100982),
(2769, 1, 11, 4321968468, 122058938),
(2770, 4, 11, 4321968468, 135470090),
(2771, 5, 77, 4321968468, 221945821),
(2772, 2, 241, 4321968468, 221945821),
(2773, 1, 29, 4321968468, 121213409),
(2774, 3, 34, 4321968468, 102009320),
(2775, 1, 20, 4321968468, 908218565),
(2776, 2, 29, 4321968468, 908218565),
(2777, 2, 63, 4321992529, 0),
(2778, 4, 18, 4321992529, 0),
(2779, 5, 265, 4321992529, 0),
(2780, 4, 170, 4321972694, 134741940),
(2781, 4, 214, 4321972694, 310922437),
(2782, 3, 257, 4321972694, 310922437),
(2783, 5, 1, 4321972694, 411343628),
(2784, 1, 43, 4321972694, 397458952),
(2785, 1, 170, 4321972694, 244821088),
(2786, 0, 20, 4321972694, 204296074),
(2787, 2, 43, 4321972694, 204296074),
(2788, 5, 218, 4321972694, 180503333),
(2789, 5, 241, 4321961578, 183315096),
(2790, 0, 29, 4321961578, 417810937),
(2791, 0, 63, 4321961578, 190986381),
(2792, 4, 18, 4321961578, 190986381),
(2793, 1, 214, 4321961578, 913650843),
(2794, 3, 19, 4321961578, 913650843),
(2795, 4, 244, 4321961578, 913650843),
(2796, 3, 29, 4321961578, 277812252),
(2797, 3, 29, 4321961578, 202167136),
(2798, 4, 36, 4321961578, 919027228),
(2799, 1, 29, 4321961578, 918060096),
(2800, 2, 188, 4321961578, 918060096),
(2801, 1, 92, 4321961578, 918380821),
(2802, 3, 29, 4321961578, 242161616),
(2803, 2, 88, 4321952988, 365767102),
(2804, 0, 81, 4321952988, 295599851),
(2805, 5, 24, 4321952988, 307331749),
(2806, 1, 38, 4321952988, 91314690),
(2807, 5, 147, 4321952988, 91314690),
(2808, 5, 23, 4321952988, 89437863),
(2809, 0, 29, 4321983608, 198769370),
(2810, 2, 34, 4321983608, 198769370),
(2811, 5, 11, 4321983608, 223788891),
(2812, 3, 29, 4321983608, 126785306),
(2813, 3, 11, 4321983608, 86983845),
(2814, 0, 75, 4321983608, 86983845),
(2815, 5, 181, 4321983608, 86983845),
(2816, 5, 11, 4321983608, 303077939),
(2817, 4, 73, 4321983608, 99651761),
(2818, 4, 34, 4321983608, 129249486),
(2819, 5, 0, 4322009069, 120596120),
(2820, 0, 0, 4322009069, 329472045),
(2821, 5, 0, 4322009069, 121644655),
(2822, 2, 0, 4322009069, 104868910),
(2823, 2, 0, 4322009069, 179976177),
(2824, 4, 0, 4322009069, 236295405),
(2825, 3, 0, 4322009069, 179066697),
(2826, 4, 0, 4322009069, 358091609),
(2827, 5, 0, 4322009069, 368020491),
(2828, 5, 0, 4322009069, 491283556),
(2829, 3, 21, 4321941799, 914434160),
(2830, 2, 79, 4321941799, 171789859),
(2831, 5, 36, 4321941799, 171789859),
(2832, 1, 29, 4321968468, 62119103),
(2833, 4, 216, 4321968468, 62119103),
(2834, 2, 36, 4321968468, 122058938),
(2835, 5, 75, 4321968468, 122058938),
(2836, 2, 214, 4321968468, 153196290),
(2837, 1, 2, 4321968468, 153196290),
(2838, 5, 56, 4321968468, 135470090),
(2839, 0, 42, 4321968468, 437303185),
(2840, 1, 29, 4321968468, 437303185),
(2841, 3, 75, 4321968468, 121213409),
(2842, 5, 36, 4321968468, 102009320),
(2843, 4, 73, 4321968468, 102009320),
(2844, 2, 36, 4321968468, 853141086),
(2845, 3, 75, 4321968468, 908218565),
(2846, 5, 181, 4321968468, 908218565),
(2847, 4, 236, 4321992529, 0),
(2848, 4, 92, 4321992529, 0),
(2849, 1, 180, 4321992529, 0),
(2850, 5, 40, 4321972694, 134741940),
(2851, 5, 21, 4321972694, 134741940),
(2852, 0, 1, 4321972694, 841036836),
(2853, 3, 265, 4321972694, 841036836),
(2854, 0, 36, 4321972694, 310922437),
(2855, 1, 218, 4321972694, 310922437),
(2856, 4, 180, 4321972694, 411343628),
(2857, 0, 29, 4321972694, 204296074),
(2858, 0, 180, 4321972694, 180503333),
(2859, 4, 125, 4321961578, 183315096),
(2860, 1, 42, 4321961578, 417810937),
(2861, 5, 23, 4321961578, 913650843),
(2862, 1, 36, 4321961578, 277812252),
(2863, 4, 265, 4321961578, 277812252),
(2864, 3, 63, 4321961578, 202167136),
(2865, 2, 29, 4321961578, 918380821),
(2866, 2, 75, 4321983608, 223788891),
(2867, 0, 56, 4321983608, 112662315),
(2868, 2, 29, 4321983608, 112662315),
(2869, 2, 42, 4321983608, 126785306),
(2870, 3, 36, 4321983608, 126785306),
(2871, 4, 29, 4321983608, 303077939),
(2872, 1, 41, 4321983608, 99651761),
(2873, 2, 2, 4321983608, 99651761),
(2874, 4, 29, 4321983608, 129249486),
(2875, 5, 216, 4321983608, 129249486),
(2876, 1, 180, 4321968468, 62119103),
(2877, 3, 2, 4321968468, 122058938),
(2878, 0, 29, 4321968468, 135470090),
(2879, 0, 63, 4321968468, 221945821),
(2880, 1, 39, 4321968468, 221945821),
(2881, 4, 4, 4321968468, 121213409),
(2882, 5, 36, 4321968468, 121213409),
(2883, 3, 29, 4321968468, 102009320);
INSERT INTO `matches_item_inventory` (`id`, `slot`, `item_id`, `match_id`, `player_id`) VALUES
(2884, 3, 31, 4321941799, 404228663),
(2885, 3, 24, 4321941799, 320746742),
(2886, 5, 127, 4321941799, 369744050),
(2887, 1, 116, 4321941799, 321380689),
(2888, 4, 38, 4321941799, 171789859),
(2889, 0, 24, 4321941799, 313211296),
(2890, 3, 22, 4321992529, 0),
(2891, 3, 61, 4321992529, 0),
(2892, 4, 154, 4321972694, 134741940),
(2893, 5, 215, 4321972694, 346196728),
(2894, 2, 100, 4321972694, 188409855),
(2895, 5, 12, 4321972694, 310922437),
(2896, 1, 147, 4321972694, 244821088),
(2897, 0, 180, 4321972694, 204296074),
(2898, 3, 50, 4321961578, 183315096),
(2899, 3, 170, 4321961578, 190986381),
(2900, 3, 259, 4321961578, 913650843),
(2901, 0, 42, 4321961578, 277812252),
(2902, 0, 50, 4321961578, 919027228),
(2903, 1, 218, 4321961578, 242161616),
(2904, 3, 214, 4321983608, 198769370),
(2905, 4, 39, 4321983608, 198769370),
(2906, 5, 36, 4321983608, 198769370),
(2907, 3, 36, 4321983608, 223788891),
(2908, 4, 29, 4321983608, 223788891),
(2909, 4, 63, 4321983608, 224135003),
(2910, 4, 4, 4321983608, 126785306),
(2911, 1, 29, 4321983608, 86983845),
(2912, 2, 25, 4321983608, 86983845),
(2913, 5, 63, 4321983608, 99651761),
(2914, 0, 265, 4321983608, 129249486),
(2915, 0, 29, 4321983608, 129566148),
(2916, 2, 254, 4321941799, 205567948),
(2917, 3, 188, 4321941799, 404228663),
(2918, 1, 254, 4321941799, 404228663),
(2919, 1, 147, 4321941799, 320746742),
(2920, 0, 37, 4321941799, 171789859),
(2921, 1, 244, 4321968468, 62119103),
(2922, 0, 26, 4321968468, 122058938),
(2923, 3, 63, 4321968468, 122058938),
(2924, 1, 218, 4321968468, 153196290),
(2925, 4, 188, 4321968468, 153196290),
(2926, 0, 214, 4321968468, 135470090),
(2927, 1, 170, 4321968468, 221945821),
(2928, 0, 36, 4321968468, 437303185),
(2929, 4, 218, 4321968468, 437303185),
(2930, 0, 50, 4321968468, 121213409),
(2931, 3, 180, 4321968468, 102009320),
(2932, 2, 63, 4321968468, 908218565),
(2933, 1, 170, 4321992529, 0),
(2934, 4, 57, 4321992529, 0),
(2935, 5, 233, 4321992529, 0),
(2936, 4, 28, 4321992529, 0),
(2937, 3, 4, 4321992529, 0),
(2938, 2, 125, 4321992529, 0),
(2939, 5, 254, 4321972694, 346196728),
(2940, 4, 100, 4321972694, 841036836),
(2941, 2, 92, 4321972694, 310922437),
(2942, 1, 5, 4321972694, 411343628),
(2943, 5, 1, 4321972694, 397458952),
(2944, 1, 152, 4321972694, 244821088),
(2945, 3, 73, 4321972694, 180503333),
(2946, 2, 44, 4321999682, 878991409),
(2947, 4, 38, 4321999682, 878991409),
(2948, 5, 16, 4321999682, 878991409),
(2949, 3, 216, 4321999682, 878991409),
(2950, 4, 182, 4321999682, 244649676),
(2951, 1, 44, 4321999682, 244649676),
(2952, 2, 216, 4321999682, 244649676),
(2953, 3, 39, 4321999682, 244649676),
(2954, 0, 38, 4321999682, 233720955),
(2955, 3, 15, 4321999682, 233720955),
(2956, 2, 218, 4321999682, 233720955),
(2957, 4, 20, 4321999682, 233720955),
(2958, 5, 241, 4321999682, 233720955),
(2959, 3, 182, 4321999682, 334176616),
(2960, 1, 44, 4321999682, 334176616),
(2961, 2, 39, 4321999682, 334176616),
(2962, 1, 42, 4321999682, 334176616),
(2963, 4, 182, 4321999682, 152646625),
(2964, 2, 44, 4321999682, 152646625),
(2965, 3, 39, 4321999682, 152646625),
(2966, 2, 216, 4321999682, 152646625),
(2967, 1, 182, 4321999682, 175344231),
(2968, 1, 44, 4321999682, 175344231),
(2969, 3, 16, 4321999682, 175344231),
(2970, 5, 39, 4321999682, 175344231),
(2971, 5, 44, 4321999682, 199118991),
(2972, 1, 182, 4321999682, 199118991),
(2973, 2, 39, 4321999682, 199118991),
(2974, 3, 216, 4321999682, 199118991),
(2975, 0, 181, 4321999682, 131212569),
(2976, 1, 44, 4321999682, 131212569),
(2977, 2, 38, 4321999682, 131212569),
(2978, 3, 16, 4321999682, 131212569),
(2979, 5, 42, 4321999682, 131212569),
(2980, 4, 218, 4321999682, 312295209),
(2981, 1, 44, 4321999682, 312295209),
(2982, 2, 38, 4321999682, 312295209),
(2983, 3, 16, 4321999682, 312295209),
(2984, 0, 13, 4321999682, 279993696),
(2985, 1, 237, 4321999682, 279993696),
(2986, 2, 16, 4321999682, 279993696),
(2987, 3, 20, 4321999682, 279993696),
(2988, 4, 15, 4321999682, 279993696),
(2989, 5, 241, 4321999682, 279993696),
(2990, 1, 34, 4321961578, 183315096),
(2991, 4, 147, 4321961578, 190986381),
(2992, 5, 22, 4321961578, 913650843),
(2993, 0, 7, 4321961578, 202167136),
(2994, 1, 63, 4321961578, 918060096),
(2995, 3, 244, 4321961578, 918380821),
(2996, 4, 261, 4321961578, 918380821),
(2997, 0, 265, 4321961578, 242161616),
(2998, 4, 265, 4321983608, 198769370),
(2999, 5, 28, 4321983608, 198769370),
(3000, 0, 125, 4321983608, 112662315),
(3001, 0, 50, 4321983608, 126785306),
(3002, 1, 50, 4321983608, 86983845),
(3003, 2, 73, 4321983608, 303077939),
(3004, 1, 36, 4321983608, 303077939),
(3005, 1, 92, 4321983608, 129249486),
(3006, 3, 42, 4321983608, 129566148),
(3007, 4, 0, 4322026870, 372440321),
(3008, 5, 0, 4322026870, 294196),
(3009, 2, 0, 4322026870, 160634347),
(3010, 5, 0, 4322026870, 27488933),
(3011, 4, 0, 4322026870, 915429133),
(3012, 5, 0, 4322026870, 291782042),
(3013, 5, 0, 4322026870, 862214564),
(3014, 5, 0, 4322026870, 2325311),
(3015, 5, 0, 4322026870, 379430550),
(3016, 5, 0, 4322026870, 128997139),
(3017, 0, 81, 4321968468, 122058938),
(3018, 1, 170, 4321968468, 121213409),
(3019, 4, 29, 4321968468, 853141086),
(3020, 5, 73, 4321968468, 853141086),
(3021, 1, 139, 4321941799, 150100544),
(3022, 4, 187, 4321941799, 369744050),
(3023, 4, 116, 4321941799, 914434160),
(3024, 0, 43, 4321941799, 842100982),
(3025, 2, 40, 4321941799, 842100982),
(3026, 0, 44, 4321996307, 388636774),
(3027, 4, 182, 4321996307, 388636774),
(3028, 2, 216, 4321996307, 388636774),
(3029, 3, 39, 4321996307, 388636774),
(3030, 2, 73, 4321996307, 880364016),
(3031, 2, 241, 4321996307, 880364016),
(3032, 4, 237, 4321996307, 880364016),
(3033, 0, 44, 4321996307, 414646198),
(3034, 0, 42, 4321996307, 414646198),
(3035, 2, 15, 4321996307, 414646198),
(3036, 0, 44, 4321996307, 361963750),
(3037, 1, 39, 4321996307, 361963750),
(3038, 3, 216, 4321996307, 361963750),
(3039, 4, 182, 4321996307, 361963750),
(3040, 0, 44, 4321996307, 880211522),
(3041, 1, 237, 4321996307, 880211522),
(3042, 3, 216, 4321996307, 880211522),
(3043, 4, 182, 4321996307, 880211522),
(3044, 2, 16, 4321996307, 275941880),
(3045, 1, 44, 4321996307, 275941880),
(3046, 2, 39, 4321996307, 275941880),
(3047, 4, 182, 4321996307, 275941880),
(3048, 0, 44, 4321996307, 186035261),
(3049, 0, 39, 4321996307, 186035261),
(3050, 4, 216, 4321996307, 186035261),
(3051, 0, 181, 4321996307, 431827666),
(3052, 2, 16, 4321996307, 431827666),
(3053, 2, 44, 4321996307, 431827666),
(3054, 4, 39, 4321996307, 431827666),
(3055, 3, 42, 4321996307, 68701934),
(3056, 2, 15, 4321996307, 68701934),
(3057, 3, 44, 4321996307, 68701934),
(3058, 4, 15, 4321996307, 172782783),
(3059, 1, 20, 4321996307, 172782783),
(3060, 3, 16, 4321996307, 172782783),
(3061, 2, 241, 4321996307, 172782783),
(3062, 4, 215, 4321992529, 0),
(3063, 2, 21, 4321992529, 0),
(3064, 3, 187, 4321992529, 0),
(3065, 5, 56, 4321992529, 0),
(3066, 2, 31, 4321992529, 0),
(3067, 3, 67, 4321972694, 188409855),
(3068, 2, 40, 4321972694, 310922437),
(3069, 1, 59, 4321972694, 397458952),
(3070, 2, 57, 4321972694, 397458952),
(3071, 2, 1, 4321961578, 183315096),
(3072, 0, 214, 4321961578, 417810937),
(3073, 5, 265, 4321961578, 417810937),
(3074, 3, 1, 4321961578, 190986381),
(3075, 3, 277, 4321961578, 913650843),
(3076, 3, 38, 4321961578, 277812252),
(3077, 5, 50, 4321961578, 277812252),
(3078, 2, 214, 4321961578, 918380821),
(3079, 3, 42, 4321961578, 918380821),
(3080, 1, 261, 4321983608, 198769370),
(3081, 1, 63, 4321983608, 223788891),
(3082, 5, 23, 4321983608, 224135003),
(3083, 2, 20, 4321983608, 112662315),
(3084, 3, 13, 4321983608, 112662315),
(3085, 2, 178, 4321983608, 126785306),
(3086, 4, 50, 4321983608, 303077939),
(3087, 2, 215, 4321983608, 99651761),
(3088, 2, 180, 4321983608, 129249486),
(3089, 4, 36, 4321983608, 129249486),
(3090, 5, 36, 4321983608, 129566148),
(3091, 3, 232, 4321968468, 62119103),
(3092, 0, 38, 4321968468, 153196290),
(3093, 1, 1, 4321968468, 135470090),
(3094, 3, 218, 4321968468, 853141086),
(3095, 4, 10, 4321968468, 908218565),
(3096, 4, 23, 4321941799, 205567948),
(3097, 2, 37, 4321941799, 404228663),
(3098, 5, 40, 4321941799, 404228663),
(3099, 4, 139, 4321941799, 320746742),
(3100, 1, 33, 4321941799, 914434160),
(3101, 0, 160, 4321941799, 313211296),
(3102, 4, 11, 4321996307, 388636774),
(3103, 2, 11, 4321996307, 361963750),
(3104, 5, 11, 4321996307, 275941880),
(3105, 4, 11, 4321996307, 431827666),
(3106, 5, 182, 4321996307, 431827666),
(3107, 5, 38, 4321996307, 68701934),
(3108, 3, 154, 4321992529, 0),
(3109, 3, 232, 4321992529, 0),
(3110, 5, 6, 4321992529, 0),
(3111, 0, 174, 4321992529, 0),
(3112, 4, 40, 4321992529, 0),
(3113, 1, 131, 4321992529, 0),
(3114, 5, 94, 4321992529, 0),
(3115, 3, 26, 4321972694, 134741940),
(3116, 2, 40, 4321972694, 346196728),
(3117, 1, 98, 4321972694, 188409855),
(3118, 0, 152, 4321972694, 411343628),
(3119, 1, 232, 4321972694, 204296074),
(3120, 5, 31, 4321972694, 180503333),
(3121, 5, 77, 4321999682, 233720955),
(3122, 2, 16, 4321999682, 233720955),
(3123, 1, 11, 4321999682, 152646625),
(3124, 4, 11, 4321999682, 175344231),
(3125, 0, 43, 4321999682, 312295209),
(3126, 4, 242, 4321961578, 183315096),
(3127, 2, 31, 4321961578, 417810937),
(3128, 5, 1, 4321961578, 913650843),
(3129, 0, 166, 4321961578, 202167136),
(3130, 1, 154, 4321961578, 919027228),
(3131, 3, 38, 4321961578, 918060096),
(3132, 3, 6, 4321961578, 918380821),
(3133, 1, 44, 4322009069, 120596120),
(3134, 1, 38, 4322009069, 120596120),
(3135, 2, 39, 4322009069, 120596120),
(3136, 1, 16, 4322009069, 120596120),
(3137, 4, 182, 4322009069, 120596120),
(3138, 1, 182, 4322009069, 329472045),
(3139, 2, 39, 4322009069, 329472045),
(3140, 3, 44, 4322009069, 329472045),
(3141, 1, 44, 4322009069, 121644655),
(3142, 2, 216, 4322009069, 121644655),
(3143, 3, 39, 4322009069, 121644655),
(3144, 2, 38, 4322009069, 121644655),
(3145, 5, 237, 4322009069, 121644655),
(3146, 0, 241, 4322009069, 104868910),
(3147, 1, 16, 4322009069, 104868910),
(3148, 1, 237, 4322009069, 104868910),
(3149, 4, 13, 4322009069, 104868910),
(3150, 5, 11, 4322009069, 104868910),
(3151, 0, 44, 4322009069, 179976177),
(3152, 1, 39, 4322009069, 179976177),
(3153, 4, 216, 4322009069, 179976177),
(3154, 0, 44, 4322009069, 236295405),
(3155, 1, 181, 4322009069, 236295405),
(3156, 2, 13, 4322009069, 236295405),
(3157, 0, 38, 4322009069, 236295405),
(3158, 4, 237, 4322009069, 179066697),
(3159, 3, 77, 4322009069, 179066697),
(3160, 0, 241, 4322009069, 179066697),
(3161, 0, 182, 4322009069, 358091609),
(3162, 4, 44, 4322009069, 358091609),
(3163, 2, 16, 4322009069, 358091609),
(3164, 5, 11, 4322009069, 358091609),
(3165, 0, 182, 4322009069, 368020491),
(3166, 1, 39, 4322009069, 368020491),
(3167, 2, 11, 4322009069, 368020491),
(3168, 5, 42, 4322009069, 368020491),
(3169, 4, 44, 4322009069, 368020491),
(3170, 2, 16, 4322009069, 491283556),
(3171, 5, 44, 4322009069, 491283556),
(3172, 4, 216, 4322009069, 491283556),
(3173, 0, 38, 4322009069, 491283556),
(3174, 4, 185, 4321983608, 198769370),
(3175, 0, 218, 4321983608, 198769370),
(3176, 5, 73, 4321983608, 112662315),
(3177, 3, 21, 4321983608, 86983845),
(3178, 3, 36, 4321983608, 86983845),
(3179, 0, 38, 4321983608, 99651761),
(3180, 2, 152, 4321983608, 99651761),
(3181, 0, 214, 4321968468, 62119103),
(3182, 4, 43, 4321968468, 62119103),
(3183, 4, 168, 4321968468, 122058938),
(3184, 5, 31, 4321968468, 153196290),
(3185, 3, 244, 4321968468, 153196290),
(3186, 1, 277, 4321968468, 221945821),
(3187, 5, 7, 4321941799, 150100544),
(3188, 4, 51, 4321941799, 321380689),
(3189, 3, 51, 4321941799, 914434160),
(3190, 1, 269, 4321941799, 171789859),
(3191, 0, 39, 4321996307, 414646198),
(3192, 3, 38, 4321996307, 414646198),
(3193, 4, 29, 4321996307, 414646198),
(3194, 3, 2, 4321996307, 361963750),
(3195, 5, 188, 4321996307, 880211522),
(3196, 2, 38, 4321996307, 186035261),
(3197, 1, 29, 4321996307, 431827666),
(3198, 1, 77, 4321996307, 68701934),
(3199, 3, 77, 4321996307, 172782783),
(3200, 4, 152, 4321992529, 0),
(3201, 4, 23, 4321992529, 0),
(3202, 2, 1, 4321992529, 0),
(3203, 1, 102, 4321972694, 346196728),
(3204, 0, 116, 4321972694, 188409855),
(3205, 4, 232, 4321972694, 397458952),
(3206, 3, 143, 4321972694, 244821088),
(3207, 4, 43, 4321972694, 180503333),
(3208, 0, 29, 4321999682, 878991409),
(3209, 5, 73, 4321999682, 199118991),
(3210, 5, 39, 4321999682, 131212569),
(3211, 2, 34, 4321999682, 312295209),
(3212, 3, 178, 4321999682, 279993696),
(3213, 4, 36, 4321999682, 279993696),
(3214, 1, 188, 4321961578, 417810937),
(3215, 3, 218, 4321961578, 417810937),
(3216, 4, 244, 4321961578, 417810937),
(3217, 5, 24, 4321961578, 190986381),
(3218, 3, 190, 4321961578, 918380821),
(3219, 5, 81, 4321983608, 223788891),
(3220, 4, 22, 4321983608, 224135003),
(3221, 5, 21, 4321983608, 224135003),
(3222, 4, 4, 4321983608, 112662315),
(3223, 5, 252, 4321983608, 86983845),
(3224, 0, 40, 4321983608, 99651761),
(3225, 0, 21, 4321983608, 99651761),
(3226, 3, 232, 4321983608, 129249486),
(3227, 0, 180, 4321983608, 129566148),
(3228, 4, 244, 4321983608, 129566148),
(3229, 2, 11, 4322009069, 329472045),
(3230, 0, 29, 4322009069, 121644655),
(3231, 2, 178, 4322009069, 104868910),
(3232, 2, 216, 4322009069, 104868910),
(3233, 3, 39, 4322009069, 104868910),
(3234, 5, 41, 4322009069, 179066697),
(3235, 3, 34, 4322009069, 368020491),
(3236, 0, 188, 4322009069, 491283556),
(3237, 5, 34, 4322009069, 491283556),
(3238, 2, 127, 4321968468, 135470090),
(3239, 2, 236, 4321968468, 221945821),
(3240, 1, 147, 4321968468, 121213409),
(3241, 4, 252, 4321968468, 908218565),
(3242, 5, 135, 4321941799, 150100544),
(3243, 3, 143, 4321941799, 320746742),
(3244, 4, 135, 4321941799, 321380689),
(3245, 1, 135, 4321941799, 914434160),
(3246, 4, 135, 4321941799, 313211296),
(3247, 4, 29, 4321996307, 388636774),
(3248, 5, 25, 4321996307, 388636774),
(3249, 3, 216, 4321996307, 880364016),
(3250, 3, 41, 4321996307, 880364016),
(3251, 3, 63, 4321996307, 361963750),
(3252, 0, 29, 4321996307, 880211522),
(3253, 3, 36, 4321996307, 275941880),
(3254, 4, 29, 4321996307, 275941880),
(3255, 5, 17, 4321996307, 275941880),
(3256, 5, 10, 4321992529, 0),
(3257, 2, 102, 4321992529, 0),
(3258, 5, 190, 4321992529, 0),
(3259, 4, 267, 4321992529, 0),
(3260, 4, 90, 4321992529, 0),
(3261, 3, 86, 4321992529, 0),
(3262, 3, 215, 4321972694, 841036836),
(3263, 1, 23, 4321972694, 397458952),
(3264, 3, 27, 4321972694, 397458952),
(3265, 4, 42, 4321972694, 204296074),
(3266, 0, 29, 4321999682, 152646625),
(3267, 5, 75, 4321999682, 152646625),
(3268, 1, 36, 4321999682, 175344231),
(3269, 5, 75, 4321999682, 175344231),
(3270, 2, 11, 4321999682, 199118991),
(3271, 0, 29, 4321999682, 279993696),
(3272, 3, 77, 4321999682, 279993696),
(3273, 5, 265, 4321999682, 279993696),
(3274, 0, 60, 4321961578, 183315096),
(3275, 2, 117, 4321961578, 190986381),
(3276, 5, 160, 4321961578, 190986381),
(3277, 2, 58, 4321961578, 913650843),
(3278, 0, 1, 4321961578, 277812252),
(3279, 4, 21, 4321961578, 202167136),
(3280, 3, 188, 4321983608, 198769370),
(3281, 3, 108, 4321983608, 224135003),
(3282, 0, 1, 4321983608, 303077939),
(3283, 3, 162, 4321983608, 99651761),
(3284, 2, 40, 4321983608, 129249486),
(3285, 2, 34, 4322009069, 120596120),
(3286, 3, 75, 4322009069, 329472045),
(3287, 5, 14, 4322009069, 329472045),
(3288, 0, 214, 4322009069, 121644655),
(3289, 2, 42, 4322009069, 121644655),
(3290, 4, 73, 4322009069, 104868910),
(3291, 4, 29, 4322009069, 179976177),
(3292, 2, 73, 4322009069, 236295405),
(3293, 3, 29, 4322009069, 358091609),
(3294, 4, 4, 4322009069, 358091609),
(3295, 1, 29, 4322009069, 368020491),
(3296, 3, 41, 4322009069, 491283556),
(3297, 3, 182, 4322026870, 372440321),
(3298, 1, 39, 4322026870, 372440321),
(3299, 2, 44, 4322026870, 372440321),
(3300, 3, 11, 4322026870, 372440321),
(3301, 0, 42, 4322026870, 294196),
(3302, 1, 44, 4322026870, 294196),
(3303, 2, 39, 4322026870, 294196),
(3304, 3, 216, 4322026870, 294196),
(3305, 4, 15, 4322026870, 27488933),
(3306, 1, 16, 4322026870, 27488933),
(3307, 2, 237, 4322026870, 27488933),
(3308, 3, 20, 4322026870, 27488933),
(3309, 4, 182, 4322026870, 915429133),
(3310, 1, 16, 4322026870, 915429133),
(3311, 2, 11, 4322026870, 915429133),
(3312, 3, 13, 4322026870, 915429133),
(3313, 5, 38, 4322026870, 291782042),
(3314, 3, 42, 4322026870, 291782042),
(3315, 4, 16, 4322026870, 291782042),
(3316, 3, 44, 4322026870, 291782042),
(3317, 0, 16, 4322026870, 2325311),
(3318, 1, 237, 4322026870, 2325311),
(3319, 2, 216, 4322026870, 2325311),
(3320, 3, 182, 4322026870, 2325311),
(3321, 4, 44, 4322026870, 2325311),
(3322, 2, 77, 4322026870, 379430550),
(3323, 4, 237, 4322026870, 379430550),
(3324, 0, 44, 4322026870, 128997139),
(3325, 3, 216, 4322026870, 128997139),
(3326, 2, 181, 4322026870, 128997139),
(3327, 5, 42, 4322026870, 128997139),
(3328, 2, 102, 4321968468, 62119103),
(3329, 1, 147, 4321968468, 122058938),
(3330, 1, 180, 4321968468, 437303185),
(3331, 0, 1, 4321968468, 102009320),
(3332, 5, 208, 4321941799, 320746742),
(3333, 4, 229, 4321941799, 369744050),
(3334, 3, 34, 4321996307, 388636774),
(3335, 1, 50, 4321996307, 388636774),
(3336, 2, 4, 4321996307, 880364016),
(3337, 4, 29, 4321996307, 880364016),
(3338, 0, 218, 4321996307, 414646198),
(3339, 1, 26, 4321996307, 361963750),
(3340, 2, 63, 4321996307, 275941880),
(3341, 1, 42, 4321996307, 186035261),
(3342, 1, 63, 4321996307, 431827666),
(3343, 2, 244, 4321996307, 431827666),
(3344, 4, 265, 4321996307, 431827666),
(3345, 0, 29, 4321996307, 68701934),
(3346, 1, 41, 4321996307, 172782783),
(3347, 2, 67, 4321992529, 0),
(3348, 2, 242, 4321992529, 0),
(3349, 3, 116, 4321972694, 134741940),
(3350, 2, 43, 4321972694, 346196728),
(3351, 4, 40, 4321972694, 841036836),
(3352, 1, 102, 4321972694, 397458952),
(3353, 2, 40, 4321972694, 397458952),
(3354, 2, 208, 4321972694, 244821088),
(3355, 5, 1, 4321972694, 244821088),
(3356, 1, 254, 4321972694, 180503333),
(3357, 1, 237, 4321999682, 878991409),
(3358, 2, 39, 4321999682, 878991409),
(3359, 5, 73, 4321999682, 244649676),
(3360, 1, 42, 4321999682, 233720955),
(3361, 1, 216, 4321999682, 233720955),
(3362, 2, 29, 4321999682, 334176616),
(3363, 1, 29, 4321999682, 175344231),
(3364, 3, 29, 4321999682, 199118991),
(3365, 3, 94, 4321999682, 199118991),
(3366, 4, 214, 4321999682, 131212569),
(3367, 2, 42, 4321999682, 312295209),
(3368, 3, 29, 4321999682, 312295209),
(3369, 2, 170, 4321983608, 223788891),
(3370, 4, 265, 4321983608, 224135003),
(3371, 2, 50, 4321983608, 112662315),
(3372, 3, 154, 4321983608, 99651761),
(3373, 0, 61, 4321983608, 129249486),
(3374, 3, 29, 4322009069, 120596120),
(3375, 4, 34, 4322009069, 121644655),
(3376, 5, 265, 4322009069, 121644655),
(3377, 4, 29, 4322009069, 104868910),
(3378, 2, 42, 4322009069, 179976177),
(3379, 5, 214, 4322009069, 179976177),
(3380, 2, 27, 4322009069, 236295405),
(3381, 3, 244, 4322009069, 236295405),
(3382, 0, 29, 4322009069, 179066697),
(3383, 1, 6, 4322009069, 358091609),
(3384, 3, 50, 4322009069, 358091609),
(3385, 1, 56, 4322009069, 368020491),
(3386, 1, 43, 4321968468, 153196290),
(3387, 3, 125, 4321968468, 135470090),
(3388, 2, 188, 4321968468, 437303185),
(3389, 4, 174, 4321968468, 121213409),
(3390, 5, 7, 4321968468, 908218565),
(3391, 5, 139, 4321941799, 321380689),
(3392, 2, 125, 4321941799, 914434160),
(3393, 1, 133, 4321941799, 313211296),
(3394, 0, 50, 4321996307, 880364016),
(3395, 2, 244, 4321996307, 880211522),
(3396, 3, 244, 4321996307, 186035261),
(3397, 2, 29, 4321996307, 172782783),
(3398, 0, 8, 4321992529, 0),
(3399, 1, 60, 4321992529, 0),
(3400, 5, 261, 4321992529, 0),
(3401, 3, 215, 4321972694, 310922437),
(3402, 3, 9, 4321972694, 397458952),
(3403, 0, 48, 4321972694, 204296074),
(3404, 0, 214, 4321999682, 878991409),
(3405, 2, 42, 4321999682, 878991409),
(3406, 1, 29, 4321999682, 244649676),
(3407, 2, 63, 4321999682, 152646625),
(3408, 3, 36, 4321999682, 152646625),
(3409, 2, 81, 4321999682, 199118991),
(3410, 2, 265, 4321999682, 131212569),
(3411, 3, 117, 4321983608, 223788891),
(3412, 2, 100, 4321983608, 224135003),
(3413, 3, 21, 4321983608, 303077939),
(3414, 0, 267, 4321983608, 129249486),
(3415, 2, 27, 4321983608, 129566148),
(3416, 2, 36, 4322009069, 120596120),
(3417, 0, 125, 4322009069, 368020491),
(3418, 1, 244, 4322009069, 491283556),
(3419, 3, 42, 4322009069, 491283556),
(3420, 1, 39, 4322026870, 160634347),
(3421, 2, 182, 4322026870, 160634347),
(3422, 4, 44, 4322026870, 160634347),
(3423, 0, 216, 4322026870, 160634347),
(3424, 0, 44, 4322026870, 27488933),
(3425, 0, 182, 4322026870, 862214564),
(3426, 2, 13, 4322026870, 862214564),
(3427, 2, 44, 4322026870, 862214564),
(3428, 1, 241, 4322026870, 379430550),
(3429, 4, 42, 4322026870, 379430550),
(3430, 5, 22, 4321996307, 275941880),
(3431, 4, 92, 4321996307, 431827666),
(3432, 5, 2, 4321996307, 172782783),
(3433, 1, 147, 4321992529, 0),
(3434, 2, 254, 4321992529, 0),
(3435, 3, 24, 4321972694, 188409855),
(3436, 1, 116, 4321972694, 411343628),
(3437, 2, 29, 4321999682, 233720955),
(3438, 3, 37, 4321941799, 205567948),
(3439, 0, 141, 4321941799, 150100544),
(3440, 5, 60, 4321941799, 404228663),
(3441, 4, 260, 4321941799, 914434160),
(3442, 4, 232, 4321941799, 171789859),
(3443, 5, 56, 4321996307, 388636774),
(3444, 4, 152, 4321996307, 880364016),
(3445, 3, 51, 4321996307, 361963750),
(3446, 5, 56, 4321996307, 361963750),
(3447, 0, 214, 4321996307, 880211522),
(3448, 0, 174, 4321996307, 275941880),
(3449, 4, 36, 4321996307, 186035261),
(3450, 3, 214, 4321996307, 186035261),
(3451, 0, 214, 4321996307, 68701934),
(3452, 2, 63, 4321996307, 172782783),
(3453, 0, 36, 4321996307, 172782783),
(3454, 5, 38, 4321996307, 172782783),
(3455, 4, 147, 4321983608, 223788891),
(3456, 1, 1, 4321983608, 126785306),
(3457, 2, 188, 4321983608, 129249486),
(3458, 3, 43, 4321983608, 129566148),
(3459, 1, 63, 4322009069, 104868910),
(3460, 3, 36, 4322009069, 179976177),
(3461, 1, 151, 4322009069, 358091609),
(3462, 5, 265, 4322009069, 368020491),
(3463, 2, 36, 4322009069, 491283556),
(3464, 0, 218, 4322009069, 491283556),
(3465, 0, 34, 4322026870, 160634347),
(3466, 3, 77, 4322026870, 27488933),
(3467, 4, 38, 4322026870, 128997139),
(3468, 5, 237, 4322026870, 128997139),
(3469, 3, 79, 4321992529, 0),
(3470, 2, 252, 4321992529, 0),
(3471, 0, 116, 4321992529, 0),
(3472, 5, 69, 4321992529, 0),
(3473, 5, 117, 4321972694, 134741940),
(3474, 2, 152, 4321972694, 841036836),
(3475, 4, 188, 4321972694, 841036836),
(3476, 5, 152, 4321972694, 310922437),
(3477, 5, 0, 4322045289, 919027228),
(3478, 2, 0, 4322045289, 918380821),
(3479, 3, 0, 4322045289, 918060096),
(3480, 4, 0, 4322045289, 242161616),
(3481, 4, 0, 4322045289, 202167136),
(3482, 4, 0, 4322045289, 913650843),
(3483, 2, 0, 4322045289, 277812252),
(3484, 5, 0, 4322045289, 183315096),
(3485, 2, 0, 4322045289, 190986381),
(3486, 5, 0, 4322045289, 417810937),
(3487, 5, 108, 4321941799, 404228663),
(3488, 1, 12, 4321996307, 880211522),
(3489, 2, 265, 4321996307, 880211522),
(3490, 3, 20, 4321996307, 880211522),
(3491, 1, 218, 4321996307, 186035261),
(3492, 1, 40, 4321996307, 186035261),
(3493, 5, 40, 4321996307, 431827666),
(3494, 5, 4, 4321996307, 431827666),
(3495, 5, 40, 4321996307, 68701934),
(3496, 5, 57, 4321996307, 172782783),
(3497, 0, 40, 4321983608, 198769370),
(3498, 1, 1, 4321983608, 112662315),
(3499, 4, 40, 4321983608, 126785306),
(3500, 3, 218, 4321983608, 129566148),
(3501, 0, 63, 4322009069, 329472045),
(3502, 1, 88, 4322009069, 329472045),
(3503, 1, 57, 4322009069, 121644655),
(3504, 1, 188, 4322009069, 179976177),
(3505, 0, 48, 4322009069, 179066697),
(3506, 2, 0, 4322052656, 350322771),
(3507, 4, 0, 4322052656, 333236801),
(3508, 4, 0, 4322052656, 374930860),
(3509, 5, 0, 4322052656, 374684693),
(3510, 3, 0, 4322052656, 89302249),
(3511, 4, 0, 4322052656, 365578451),
(3512, 5, 0, 4322052656, 146531965),
(3513, 4, 0, 4322052656, 117979389),
(3514, 5, 0, 4322052656, 144562717),
(3515, 5, 0, 4322052656, 83937083),
(3516, 1, 0, 4322052586, 354957568),
(3517, 5, 0, 4322052586, 183903565),
(3518, 5, 0, 4322052586, 841014876),
(3519, 5, 0, 4322052586, 145723582),
(3520, 5, 0, 4322052586, 193894045),
(3521, 4, 0, 4322052586, 900304431),
(3522, 5, 0, 4322052586, 437620558),
(3523, 5, 0, 4322052586, 197601889),
(3524, 5, 0, 4322052586, 431796350),
(3525, 4, 0, 4322052586, 143225194),
(3526, 4, 34, 4322026870, 294196),
(3527, 0, 36, 4322026870, 160634347),
(3528, 1, 29, 4322026870, 291782042),
(3529, 3, 12, 4322026870, 862214564),
(3530, 4, 16, 4322026870, 862214564),
(3531, 5, 11, 4322026870, 2325311),
(3532, 0, 41, 4322026870, 128997139),
(3533, 5, 279, 4321992529, 0),
(3534, 3, 206, 4321992529, 0),
(3535, 5, 9, 4321992529, 0),
(3536, 2, 139, 4321972694, 134741940),
(3537, 4, 61, 4321972694, 346196728),
(3538, 3, 96, 4321972694, 188409855),
(3539, 4, 30, 4321972694, 188409855),
(3540, 0, 63, 4321999682, 175344231),
(3541, 4, 30, 4321941799, 404228663),
(3542, 0, 133, 4321941799, 320746742),
(3543, 2, 21, 4321941799, 369744050),
(3544, 2, 158, 4321941799, 321380689),
(3545, 3, 48, 4321941799, 321380689),
(3546, 0, 208, 4321941799, 914434160),
(3547, 3, 48, 4321941799, 171789859),
(3548, 3, 48, 4321941799, 313211296),
(3549, 5, 254, 4321941799, 842100982),
(3550, 5, 3, 4321996307, 880364016),
(3551, 0, 21, 4321996307, 361963750),
(3552, 2, 145, 4321996307, 361963750),
(3553, 1, 92, 4321996307, 880211522),
(3554, 5, 170, 4321996307, 275941880),
(3555, 2, 27, 4321996307, 186035261),
(3556, 4, 0, 4322050071, 109756339),
(3557, 4, 0, 4322050071, 126733983),
(3558, 5, 0, 4322050071, 176393206),
(3559, 2, 0, 4322050071, 206900013),
(3560, 3, 0, 4322050071, 406587370),
(3561, 5, 0, 4322050071, 477789462),
(3562, 5, 0, 4322050071, 217643502),
(3563, 5, 0, 4322050071, 122401807),
(3564, 5, 0, 4322050071, 144789769),
(3565, 5, 0, 4322050071, 289976760),
(3566, 4, 43, 4321983608, 198769370),
(3567, 3, 52, 4321983608, 223788891),
(3568, 1, 116, 4321983608, 224135003),
(3569, 0, 242, 4321983608, 112662315),
(3570, 5, 67, 4321983608, 126785306),
(3571, 0, 116, 4321983608, 99651761),
(3572, 1, 206, 4321983608, 129249486),
(3573, 1, 81, 4322009069, 329472045),
(3574, 4, 244, 4322009069, 121644655),
(3575, 0, 1, 4322009069, 104868910),
(3576, 4, 27, 4322009069, 179976177),
(3577, 5, 214, 4322009069, 236295405),
(3578, 4, 178, 4322009069, 179066697),
(3579, 3, 29, 4322009069, 491283556),
(3580, 5, 75, 4322026870, 372440321),
(3581, 2, 29, 4322026870, 294196),
(3582, 5, 29, 4322026870, 160634347),
(3583, 2, 39, 4322026870, 27488933),
(3584, 3, 29, 4322026870, 27488933),
(3585, 4, 29, 4322026870, 915429133),
(3586, 0, 13, 4322026870, 291782042),
(3587, 4, 214, 4322026870, 291782042),
(3588, 3, 88, 4322026870, 862214564),
(3589, 4, 94, 4322026870, 862214564),
(3590, 0, 29, 4322026870, 379430550),
(3591, 1, 41, 4322026870, 379430550),
(3592, 1, 29, 4322026870, 128997139),
(3593, 4, 34, 4322026870, 128997139),
(3594, 0, 231, 4321992529, 0),
(3595, 2, 108, 4321992529, 0),
(3596, 3, 114, 4321992529, 0),
(3597, 0, 229, 4321992529, 0),
(3598, 0, 226, 4321992529, 0),
(3599, 4, 0, 4322053490, 58513047),
(3600, 1, 0, 4322053490, 119180054),
(3601, 5, 0, 4322053490, 126212866),
(3602, 5, 0, 4322053490, 52406002),
(3603, 4, 0, 4322053490, 68007361),
(3604, 5, 0, 4322053490, 112464030),
(3605, 5, 0, 4322053490, 85956459),
(3606, 5, 0, 4322053490, 371995897),
(3607, 4, 0, 4322053490, 134121021),
(3608, 4, 0, 4322053490, 150419909),
(3609, 4, 69, 4321972694, 411343628),
(3610, 3, 226, 4321972694, 397458952),
(3611, 4, 160, 4321972694, 244821088),
(3612, 4, 188, 4321972694, 204296074),
(3613, 2, 27, 4321972694, 180503333),
(3614, 5, 131, 4321972694, 180503333),
(3615, 1, 36, 4321999682, 878991409),
(3616, 1, 261, 4321999682, 233720955),
(3617, 2, 180, 4321999682, 233720955),
(3618, 4, 1, 4321999682, 334176616),
(3619, 4, 51, 4321999682, 152646625),
(3620, 4, 36, 4321999682, 199118991),
(3621, 5, 12, 4321999682, 131212569),
(3622, 1, 1, 4321999682, 279993696),
(3623, 2, 125, 4321996307, 388636774),
(3624, 5, 149, 4321996307, 880364016),
(3625, 5, 8, 4321996307, 361963750),
(3626, 3, 43, 4321996307, 880211522),
(3627, 1, 147, 4321996307, 275941880),
(3628, 3, 127, 4321996307, 431827666),
(3629, 2, 23, 4321996307, 68701934),
(3630, 3, 43, 4321996307, 68701934),
(3631, 4, 100, 4321996307, 172782783),
(3632, 5, 0, 4322056047, 62119103),
(3633, 5, 0, 4322056047, 122058938),
(3634, 5, 0, 4322056047, 135470090),
(3635, 5, 0, 4322056047, 153196290),
(3636, 5, 0, 4322056047, 221945821),
(3637, 5, 0, 4322056047, 112776887),
(3638, 5, 0, 4322056047, 182227565),
(3639, 5, 0, 4322056047, 127798324),
(3640, 5, 0, 4322056047, 324649217),
(3641, 5, 0, 4322056047, 908055317),
(3642, 5, 0, 4322052791, 388767811),
(3643, 3, 0, 4322052791, 155738116),
(3644, 5, 0, 4322052791, 136127796),
(3645, 5, 0, 4322052791, 145186022),
(3646, 4, 0, 4322052791, 93704137),
(3647, 5, 0, 4322052791, 162293761),
(3648, 3, 0, 4322052791, 344245074),
(3649, 5, 0, 4322052791, 66642504),
(3650, 3, 0, 4322052791, 115697997),
(3651, 0, 0, 4322052791, 254730364),
(3652, 2, 1, 4321983608, 198769370),
(3653, 4, 116, 4321983608, 86983845),
(3654, 3, 116, 4321983608, 303077939),
(3655, 2, 102, 4321983608, 129566148),
(3656, 5, 162, 4322009069, 104868910),
(3657, 0, 38, 4322009069, 179976177),
(3658, 0, 20, 4322009069, 236295405),
(3659, 4, 188, 4322009069, 236295405),
(3660, 4, 265, 4322009069, 236295405),
(3661, 1, 1, 4322009069, 179066697),
(3662, 4, 1, 4322009069, 368020491),
(3663, 0, 43, 4322009069, 491283556),
(3664, 5, 11, 4322009069, 491283556),
(3665, 1, 29, 4322026870, 372440321),
(3666, 0, 214, 4322026870, 294196),
(3667, 2, 214, 4322026870, 27488933),
(3668, 5, 73, 4322026870, 915429133),
(3669, 0, 178, 4322026870, 291782042),
(3670, 3, 48, 4322026870, 379430550),
(3671, 3, 11, 4322026870, 128997139),
(3672, 1, 156, 4321972694, 134741940),
(3673, 4, 69, 4321972694, 841036836),
(3674, 5, 48, 4321972694, 188409855),
(3675, 1, 267, 4321972694, 310922437),
(3676, 1, 51, 4321972694, 244821088),
(3677, 2, 90, 4321972694, 180503333),
(3678, 5, 265, 4321999682, 878991409),
(3679, 4, 236, 4321999682, 175344231),
(3680, 2, 92, 4321999682, 131212569),
(3681, 5, 218, 4321999682, 131212569),
(3682, 4, 21, 4321999682, 279993696),
(3683, 0, 44, 4322062105, 0),
(3684, 3, 38, 4322062105, 0),
(3685, 5, 0, 4322062105, 0),
(3686, 3, 39, 4322062105, 0),
(3687, 2, 14, 4322062105, 0),
(3688, 4, 16, 4322062105, 0),
(3689, 1, 36, 4322062105, 0),
(3690, 1, 42, 4322062105, 0),
(3691, 1, 261, 4322062105, 0),
(3692, 4, 182, 4322062105, 0),
(3693, 1, 20, 4322062105, 0),
(3694, 2, 15, 4322062105, 0),
(3695, 0, 116, 4321996307, 361963750),
(3696, 4, 279, 4321996307, 275941880),
(3697, 5, 43, 4321996307, 186035261),
(3698, 2, 102, 4321996307, 68701934),
(3699, 5, 67, 4321996307, 172782783),
(3700, 2, 0, 4322063249, 97163617),
(3701, 5, 0, 4322063249, 53151216),
(3702, 5, 0, 4322063249, 88727618),
(3703, 5, 0, 4322063249, 37121232),
(3704, 5, 0, 4322063249, 46757253),
(3705, 5, 0, 4322063249, 86896635),
(3706, 3, 0, 4322063249, 114086220),
(3707, 5, 0, 4322063249, 154928982),
(3708, 4, 0, 4322063249, 121633262),
(3709, 5, 0, 4322063249, 35380233),
(3710, 0, 1, 4322009069, 120596120),
(3711, 4, 168, 4322009069, 329472045),
(3712, 1, 100, 4322009069, 121644655),
(3713, 5, 210, 4322009069, 104868910),
(3714, 2, 218, 4322009069, 179976177),
(3715, 0, 92, 4322009069, 236295405),
(3716, 2, 37, 4322009069, 179066697),
(3717, 2, 137, 4322009069, 358091609),
(3718, 0, 242, 4322009069, 368020491),
(3719, 0, 36, 4322026870, 372440321),
(3720, 1, 50, 4322026870, 372440321),
(3721, 3, 1, 4322026870, 160634347),
(3722, 3, 19, 4322026870, 27488933),
(3723, 4, 265, 4322026870, 27488933),
(3724, 0, 63, 4322026870, 915429133),
(3725, 2, 36, 4322026870, 291782042),
(3726, 5, 188, 4322026870, 291782042),
(3727, 2, 29, 4322026870, 862214564),
(3728, 3, 81, 4322026870, 862214564),
(3729, 1, 63, 4322026870, 128997139),
(3730, 5, 218, 4322026870, 128997139),
(3731, 1, 110, 4321972694, 841036836),
(3732, 3, 9, 4321972694, 310922437),
(3733, 2, 110, 4321972694, 411343628),
(3734, 3, 135, 4321972694, 244821088),
(3735, 0, 1, 4321999682, 244649676),
(3736, 2, 214, 4321999682, 334176616),
(3737, 5, 188, 4321999682, 334176616),
(3738, 1, 145, 4321999682, 152646625),
(3739, 1, 131, 4321999682, 199118991),
(3740, 3, 50, 4321999682, 199118991),
(3741, 5, 57, 4321999682, 131212569),
(3742, 0, 40, 4321999682, 312295209),
(3743, 3, 180, 4321999682, 312295209),
(3744, 3, 28, 4322062105, 0),
(3745, 0, 77, 4322062105, 0),
(3746, 0, 1, 4321996307, 388636774),
(3747, 5, 141, 4321996307, 880364016),
(3748, 1, 180, 4321996307, 414646198),
(3749, 5, 5, 4321996307, 361963750),
(3750, 4, 53, 4321996307, 275941880),
(3751, 0, 102, 4321996307, 186035261),
(3752, 2, 267, 4321996307, 431827666),
(3753, 3, 180, 4322009069, 120596120),
(3754, 2, 8, 4322009069, 329472045),
(3755, 3, 21, 4322009069, 104868910),
(3756, 1, 23, 4322009069, 179976177),
(3757, 3, 261, 4322009069, 179066697),
(3758, 1, 73, 4322026870, 294196),
(3759, 0, 31, 4322026870, 160634347),
(3760, 1, 27, 4322026870, 160634347),
(3761, 3, 259, 4322026870, 27488933),
(3762, 5, 18, 4322026870, 27488933),
(3763, 5, 25, 4322026870, 291782042),
(3764, 1, 50, 4322026870, 862214564),
(3765, 0, 1, 4322026870, 379430550),
(3766, 3, 33, 4321972694, 841036836),
(3767, 0, 237, 4322045289, 919027228),
(3768, 4, 13, 4322045289, 919027228),
(3769, 3, 16, 4322045289, 919027228),
(3770, 5, 241, 4322045289, 919027228),
(3771, 0, 20, 4322045289, 918380821),
(3772, 1, 15, 4322045289, 918380821),
(3773, 2, 44, 4322045289, 918380821),
(3774, 3, 16, 4322045289, 918380821),
(3775, 0, 182, 4322045289, 918060096),
(3776, 1, 44, 4322045289, 918060096),
(3777, 2, 39, 4322045289, 918060096),
(3778, 3, 216, 4322045289, 918060096),
(3779, 5, 16, 4322045289, 918060096),
(3780, 0, 44, 4322045289, 242161616),
(3781, 1, 42, 4322045289, 242161616),
(3782, 3, 16, 4322045289, 242161616),
(3783, 0, 44, 4322045289, 202167136),
(3784, 2, 182, 4322045289, 202167136),
(3785, 2, 39, 4322045289, 202167136),
(3786, 1, 11, 4322045289, 202167136),
(3787, 4, 77, 4322045289, 913650843),
(3788, 1, 241, 4322045289, 913650843),
(3789, 4, 38, 4322045289, 913650843),
(3790, 0, 44, 4322045289, 277812252),
(3791, 1, 39, 4322045289, 277812252),
(3792, 2, 216, 4322045289, 277812252),
(3793, 4, 181, 4322045289, 277812252),
(3794, 4, 16, 4322045289, 277812252),
(3795, 5, 43, 4322045289, 277812252),
(3796, 0, 11, 4322045289, 183315096),
(3797, 1, 44, 4322045289, 183315096),
(3798, 2, 39, 4322045289, 183315096),
(3799, 3, 182, 4322045289, 183315096),
(3800, 4, 216, 4322045289, 183315096),
(3801, 1, 182, 4322045289, 190986381),
(3802, 1, 39, 4322045289, 190986381),
(3803, 3, 11, 4322045289, 190986381),
(3804, 3, 44, 4322045289, 190986381),
(3805, 2, 216, 4322045289, 190986381),
(3806, 0, 44, 4322045289, 417810937),
(3807, 1, 34, 4322045289, 417810937),
(3808, 3, 216, 4322045289, 417810937),
(3809, 2, 218, 4321999682, 878991409),
(3810, 0, 206, 4321999682, 233720955),
(3811, 1, 4, 4321999682, 334176616),
(3812, 4, 166, 4321999682, 152646625),
(3813, 1, 170, 4321999682, 175344231),
(3814, 3, 38, 4321999682, 279993696),
(3815, 5, 34, 4322062105, 0),
(3816, 2, 29, 4322062105, 0),
(3817, 2, 75, 4322062105, 0),
(3818, 5, 18, 4322062105, 0),
(3819, 0, 17, 4322062105, 0),
(3820, 3, 170, 4321996307, 880211522),
(3821, 4, 114, 4321996307, 275941880),
(3822, 5, 31, 4321996307, 186035261),
(3823, 4, 94, 4321996307, 68701934),
(3824, 5, 98, 4321996307, 172782783),
(3825, 2, 116, 4322009069, 329472045),
(3826, 5, 117, 4322009069, 329472045),
(3827, 3, 1, 4322009069, 121644655),
(3828, 3, 116, 4322009069, 104868910),
(3829, 0, 267, 4322009069, 236295405),
(3830, 3, 201, 4322009069, 179066697),
(3831, 4, 162, 4322009069, 358091609),
(3832, 5, 216, 4322052656, 350322771),
(3833, 2, 42, 4322052656, 350322771),
(3834, 3, 182, 4322052656, 350322771),
(3835, 2, 44, 4322052656, 350322771),
(3836, 0, 38, 4322052656, 333236801),
(3837, 2, 44, 4322052656, 333236801),
(3838, 2, 39, 4322052656, 333236801),
(3839, 3, 216, 4322052656, 333236801),
(3840, 0, 182, 4322052656, 374930860),
(3841, 1, 44, 4322052656, 374930860),
(3842, 0, 216, 4322052656, 374930860),
(3843, 3, 39, 4322052656, 374930860),
(3844, 0, 34, 4322052656, 374684693),
(3845, 1, 15, 4322052656, 374684693),
(3846, 4, 241, 4322052656, 374684693),
(3847, 5, 42, 4322052656, 374684693),
(3848, 5, 20, 4322052656, 89302249),
(3849, 1, 44, 4322052656, 89302249),
(3850, 3, 16, 4322052656, 89302249),
(3851, 4, 216, 4322052656, 89302249),
(3852, 0, 44, 4322052656, 365578451),
(3853, 1, 39, 4322052656, 365578451),
(3854, 2, 182, 4322052656, 365578451),
(3855, 4, 16, 4322052656, 365578451),
(3856, 0, 44, 4322052656, 146531965),
(3857, 1, 39, 4322052656, 146531965),
(3858, 2, 34, 4322052656, 146531965),
(3859, 3, 182, 4322052656, 146531965),
(3860, 4, 44, 4322052656, 117979389),
(3861, 2, 39, 4322052656, 117979389),
(3862, 0, 182, 4322052656, 117979389),
(3863, 5, 216, 4322052656, 117979389),
(3864, 2, 42, 4322052656, 144562717),
(3865, 1, 44, 4322052656, 144562717),
(3866, 5, 38, 4322052656, 144562717),
(3867, 3, 216, 4322052656, 144562717),
(3868, 4, 16, 4322052656, 144562717),
(3869, 0, 44, 4322052656, 83937083),
(3870, 4, 38, 4322052656, 83937083),
(3871, 3, 20, 4322052656, 83937083),
(3872, 4, 42, 4322052656, 83937083),
(3873, 1, 39, 4322052586, 354957568),
(3874, 2, 44, 4322052586, 354957568),
(3875, 5, 14, 4322052586, 354957568),
(3876, 0, 44, 4322052586, 183903565),
(3877, 1, 244, 4322052586, 183903565),
(3878, 3, 16, 4322052586, 183903565),
(3879, 0, 44, 4322052586, 841014876),
(3880, 1, 38, 4322052586, 841014876),
(3881, 0, 42, 4322052586, 841014876),
(3882, 3, 39, 4322052586, 841014876),
(3883, 0, 216, 4322052586, 145723582),
(3884, 0, 38, 4322052586, 145723582),
(3885, 0, 39, 4322052586, 193894045),
(3886, 1, 44, 4322052586, 193894045),
(3887, 2, 38, 4322052586, 193894045),
(3888, 3, 181, 4322052586, 193894045),
(3889, 0, 15, 4322052586, 900304431),
(3890, 1, 44, 4322052586, 900304431),
(3891, 2, 42, 4322052586, 900304431),
(3892, 4, 16, 4322052586, 900304431),
(3893, 5, 216, 4322052586, 900304431),
(3894, 0, 237, 4322052586, 437620558),
(3895, 1, 11, 4322052586, 437620558),
(3896, 2, 182, 4322052586, 437620558),
(3897, 3, 216, 4322052586, 437620558),
(3898, 5, 241, 4322052586, 437620558),
(3899, 5, 42, 4322052586, 437620558),
(3900, 0, 182, 4322052586, 197601889),
(3901, 1, 39, 4322052586, 197601889),
(3902, 2, 44, 4322052586, 197601889),
(3903, 3, 216, 4322052586, 197601889),
(3904, 5, 16, 4322052586, 197601889),
(3905, 0, 44, 4322052586, 431796350),
(3906, 1, 237, 4322052586, 431796350),
(3907, 2, 38, 4322052586, 431796350),
(3908, 3, 181, 4322052586, 431796350),
(3909, 0, 11, 4322052586, 143225194),
(3910, 1, 14, 4322052586, 143225194),
(3911, 3, 44, 4322052586, 143225194),
(3912, 4, 39, 4322052586, 143225194),
(3913, 2, 145, 4322026870, 372440321),
(3914, 0, 131, 4322026870, 160634347),
(3915, 1, 164, 4322026870, 291782042),
(3916, 3, 218, 4322026870, 291782042),
(3917, 0, 73, 4322026870, 862214564),
(3918, 4, 240, 4322026870, 862214564),
(3919, 2, 23, 4322026870, 379430550),
(3920, 4, 232, 4322026870, 379430550),
(3921, 5, 261, 4322026870, 379430550),
(3922, 1, 14, 4322053490, 58513047),
(3923, 2, 20, 4322053490, 58513047),
(3924, 3, 237, 4322053490, 58513047),
(3925, 4, 16, 4322053490, 58513047),
(3926, 5, 42, 4322053490, 58513047),
(3927, 4, 182, 4322053490, 119180054),
(3928, 4, 216, 4322053490, 119180054),
(3929, 2, 44, 4322053490, 119180054),
(3930, 0, 39, 4322053490, 126212866),
(3931, 1, 44, 4322053490, 126212866),
(3932, 1, 216, 4322053490, 126212866),
(3933, 5, 182, 4322053490, 126212866),
(3934, 5, 16, 4322053490, 126212866),
(3935, 0, 44, 4322053490, 52406002),
(3936, 1, 182, 4322053490, 52406002),
(3937, 5, 16, 4322053490, 52406002),
(3938, 4, 216, 4322053490, 52406002),
(3939, 0, 44, 4322053490, 68007361),
(3940, 1, 39, 4322053490, 68007361),
(3941, 4, 216, 4322053490, 68007361),
(3942, 1, 44, 4322053490, 112464030),
(3943, 4, 216, 4322053490, 112464030),
(3944, 3, 16, 4322053490, 112464030),
(3945, 2, 43, 4322053490, 112464030),
(3946, 0, 39, 4322053490, 85956459),
(3947, 1, 44, 4322053490, 85956459),
(3948, 2, 182, 4322053490, 85956459),
(3949, 3, 16, 4322053490, 85956459),
(3950, 0, 182, 4322053490, 371995897),
(3951, 1, 16, 4322053490, 371995897),
(3952, 2, 241, 4322053490, 371995897),
(3953, 3, 13, 4322053490, 371995897),
(3954, 5, 11, 4322053490, 371995897),
(3955, 0, 39, 4322053490, 134121021),
(3956, 1, 44, 4322053490, 134121021),
(3957, 5, 182, 4322053490, 134121021),
(3958, 5, 16, 4322053490, 134121021),
(3959, 0, 44, 4322053490, 150419909),
(3960, 1, 39, 4322053490, 150419909),
(3961, 4, 182, 4322053490, 150419909),
(3962, 3, 38, 4322053490, 150419909),
(3963, 2, 216, 4322053490, 150419909),
(3964, 4, 73, 4322045289, 919027228),
(3965, 3, 39, 4322045289, 919027228),
(3966, 1, 77, 4322045289, 918380821),
(3967, 1, 237, 4322045289, 918380821),
(3968, 4, 34, 4322045289, 918380821),
(3969, 5, 244, 4322045289, 242161616),
(3970, 4, 14, 4322045289, 202167136),
(3971, 1, 41, 4322045289, 913650843),
(3972, 0, 34, 4322045289, 277812252),
(3973, 1, 29, 4322045289, 277812252),
(3974, 3, 29, 4322045289, 183315096),
(3975, 0, 29, 4322045289, 190986381),
(3976, 5, 75, 4322045289, 190986381),
(3977, 0, 29, 4322045289, 417810937),
(3978, 2, 147, 4321999682, 175344231),
(3979, 0, 90, 4321999682, 199118991),
(3980, 2, 116, 4321999682, 279993696),
(3981, 2, 50, 4322062105, 0),
(3982, 5, 63, 4322062105, 0),
(3983, 3, 88, 4322062105, 0),
(3984, 3, 4, 4322062105, 0),
(3985, 2, 182, 4322052791, 388767811),
(3986, 1, 44, 4322052791, 388767811),
(3987, 2, 39, 4322052791, 388767811),
(3988, 3, 216, 4322052791, 388767811),
(3989, 2, 182, 4322052791, 155738116),
(3990, 1, 11, 4322052791, 155738116),
(3991, 2, 14, 4322052791, 155738116),
(3992, 3, 16, 4322052791, 155738116),
(3993, 5, 241, 4322052791, 155738116),
(3994, 0, 218, 4322052791, 136127796),
(3995, 2, 44, 4322052791, 136127796),
(3996, 0, 38, 4322052791, 136127796),
(3997, 5, 216, 4322052791, 136127796),
(3998, 0, 20, 4322052791, 145186022),
(3999, 1, 16, 4322052791, 145186022),
(4000, 4, 44, 4322052791, 145186022),
(4001, 5, 216, 4322052791, 145186022),
(4002, 0, 44, 4322052791, 93704137),
(4003, 2, 16, 4322052791, 93704137),
(4004, 3, 20, 4322052791, 93704137),
(4005, 5, 216, 4322052791, 93704137),
(4006, 1, 42, 4322052791, 162293761),
(4007, 1, 44, 4322052791, 162293761),
(4008, 3, 16, 4322052791, 162293761),
(4009, 5, 216, 4322052791, 162293761),
(4010, 5, 38, 4322052791, 162293761),
(4011, 5, 77, 4322052791, 344245074),
(4012, 1, 16, 4322052791, 344245074),
(4013, 1, 241, 4322052791, 344245074),
(4014, 4, 42, 4322052791, 344245074),
(4015, 1, 182, 4322052791, 66642504),
(4016, 4, 44, 4322052791, 66642504),
(4017, 1, 39, 4322052791, 66642504),
(4018, 5, 216, 4322052791, 66642504),
(4019, 0, 240, 4322052791, 115697997),
(4020, 1, 44, 4322052791, 115697997),
(4021, 3, 16, 4322052791, 115697997),
(4022, 3, 16, 4322052791, 254730364),
(4023, 1, 44, 4322052791, 254730364),
(4024, 0, 39, 4322052791, 254730364),
(4025, 5, 182, 4322052791, 254730364),
(4026, 0, 43, 4321996307, 414646198),
(4027, 1, 156, 4321996307, 361963750),
(4028, 5, 240, 4321996307, 361963750),
(4029, 5, 51, 4321996307, 275941880),
(4030, 5, 125, 4321996307, 431827666),
(4031, 0, 259, 4321996307, 172782783),
(4032, 0, 44, 4322050071, 109756339),
(4033, 1, 39, 4322050071, 109756339),
(4034, 1, 216, 4322050071, 109756339),
(4035, 2, 182, 4322050071, 109756339),
(4036, 5, 216, 4322050071, 126733983),
(4037, 1, 181, 4322050071, 126733983),
(4038, 2, 39, 4322050071, 126733983),
(4039, 3, 44, 4322050071, 126733983),
(4040, 4, 16, 4322050071, 126733983),
(4041, 5, 42, 4322050071, 126733983),
(4042, 1, 44, 4322050071, 176393206),
(4043, 2, 216, 4322050071, 176393206),
(4044, 4, 237, 4322050071, 176393206),
(4045, 1, 14, 4322050071, 206900013),
(4046, 2, 20, 4322050071, 206900013),
(4047, 1, 237, 4322050071, 206900013),
(4048, 4, 16, 4322050071, 206900013),
(4049, 5, 241, 4322050071, 206900013),
(4050, 0, 39, 4322050071, 406587370),
(4051, 3, 44, 4322050071, 406587370),
(4052, 2, 216, 4322050071, 406587370),
(4053, 4, 182, 4322050071, 406587370),
(4054, 1, 241, 4322050071, 477789462),
(4055, 2, 237, 4322050071, 477789462),
(4056, 4, 77, 4322050071, 477789462),
(4057, 1, 42, 4322050071, 217643502),
(4058, 4, 216, 4322050071, 217643502),
(4059, 2, 44, 4322050071, 217643502),
(4060, 3, 182, 4322050071, 217643502),
(4061, 1, 44, 4322050071, 122401807),
(4062, 2, 237, 4322050071, 122401807),
(4063, 3, 240, 4322050071, 122401807),
(4064, 0, 44, 4322050071, 144789769),
(4065, 1, 11, 4322050071, 144789769),
(4066, 3, 182, 4322050071, 144789769),
(4067, 4, 181, 4322050071, 289976760),
(4068, 1, 44, 4322050071, 289976760),
(4069, 2, 16, 4322050071, 289976760),
(4070, 4, 162, 4321983608, 112662315),
(4071, 5, 252, 4321983608, 126785306),
(4072, 1, 149, 4321983608, 99651761),
(4073, 2, 218, 4322026870, 294196),
(4074, 1, 56, 4322026870, 160634347),
(4075, 1, 277, 4322026870, 27488933),
(4076, 2, 23, 4322026870, 27488933),
(4077, 1, 1, 4322026870, 915429133),
(4078, 2, 187, 4322026870, 862214564),
(4079, 5, 244, 4322026870, 862214564),
(4080, 2, 104, 4322026870, 379430550),
(4081, 5, 215, 4322026870, 128997139),
(4082, 0, 237, 4322052656, 333236801),
(4083, 1, 11, 4322052656, 374930860),
(4084, 0, 36, 4322052656, 374684693),
(4085, 5, 77, 4322052656, 374684693),
(4086, 5, 38, 4322052656, 374684693),
(4087, 2, 36, 4322052656, 146531965),
(4088, 0, 29, 4322052656, 117979389),
(4089, 1, 34, 4322052656, 117979389),
(4090, 0, 29, 4322052656, 144562717),
(4091, 1, 75, 4322053490, 58513047),
(4092, 3, 216, 4322053490, 58513047),
(4093, 4, 244, 4322053490, 119180054),
(4094, 2, 34, 4322053490, 126212866),
(4095, 3, 29, 4322053490, 126212866),
(4096, 4, 11, 4322053490, 126212866),
(4097, 0, 11, 4322053490, 52406002),
(4098, 5, 34, 4322053490, 68007361),
(4099, 0, 29, 4322053490, 85956459),
(4100, 5, 11, 4322053490, 85956459),
(4101, 4, 73, 4322053490, 371995897),
(4102, 3, 39, 4322053490, 371995897),
(4103, 1, 178, 4322053490, 150419909),
(4104, 1, 250, 4321972694, 188409855),
(4105, 3, 36, 4322045289, 919027228),
(4106, 3, 36, 4322045289, 918380821),
(4107, 1, 29, 4322045289, 918060096),
(4108, 1, 38, 4322045289, 242161616),
(4109, 5, 75, 4322045289, 202167136),
(4110, 0, 180, 4322045289, 913650843),
(4111, 0, 36, 4322045289, 277812252),
(4112, 4, 265, 4322045289, 277812252),
(4113, 5, 188, 4322045289, 277812252),
(4114, 0, 34, 4322045289, 183315096),
(4115, 4, 125, 4322045289, 183315096),
(4116, 0, 50, 4322045289, 190986381),
(4117, 4, 42, 4322045289, 417810937),
(4118, 4, 244, 4322045289, 417810937),
(4119, 2, 12, 4321999682, 878991409),
(4120, 1, 127, 4321999682, 334176616),
(4121, 5, 180, 4321999682, 334176616),
(4122, 0, 147, 4321999682, 152646625),
(4123, 1, 193, 4321999682, 199118991),
(4124, 1, 100, 4321999682, 131212569),
(4125, 5, 1, 4321999682, 131212569),
(4126, 1, 215, 4321999682, 312295209),
(4127, 0, 48, 4321999682, 279993696),
(4128, 4, 102, 4322062105, 0),
(4129, 3, 187, 4322062105, 0),
(4130, 4, 23, 4322062105, 0),
(4131, 2, 180, 4322062105, 0),
(4132, 0, 29, 4322052791, 388767811),
(4133, 3, 11, 4322052791, 388767811),
(4134, 5, 75, 4322052791, 155738116),
(4135, 3, 39, 4322052791, 155738116),
(4136, 4, 44, 4322052791, 155738116),
(4137, 2, 39, 4322052791, 136127796),
(4138, 3, 34, 4322052791, 145186022),
(4139, 0, 34, 4322052791, 162293761),
(4140, 2, 11, 4322052791, 66642504),
(4141, 4, 29, 4322052791, 115697997),
(4142, 2, 11, 4322052791, 254730364),
(4143, 3, 20, 4322052791, 254730364),
(4144, 3, 0, 4322077803, 320746742),
(4145, 5, 0, 4322077803, 150100544),
(4146, 5, 0, 4322077803, 404228663),
(4147, 3, 0, 4322077803, 205567948),
(4148, 2, 0, 4322077803, 369744050),
(4149, 4, 0, 4322077803, 259584988),
(4150, 5, 0, 4322077803, 297410106),
(4151, 5, 0, 4322077803, 342663243),
(4152, 5, 0, 4322077803, 98306384),
(4153, 5, 0, 4322077803, 384761137),
(4154, 3, 34, 4322050071, 126733983),
(4155, 4, 34, 4322050071, 406587370),
(4156, 4, 244, 4322050071, 122401807),
(4157, 5, 11, 4322050071, 289976760),
(4158, 1, 51, 4321983608, 99651761),
(4159, 3, 188, 4321983608, 129566148),
(4160, 4, 170, 4322026870, 372440321),
(4161, 1, 125, 4322026870, 160634347),
(4162, 5, 27, 4322026870, 27488933),
(4163, 4, 28, 4322026870, 915429133),
(4164, 5, 31, 4322026870, 291782042),
(4165, 2, 201, 4322026870, 379430550),
(4166, 2, 152, 4322026870, 128997139),
(4167, 5, 240, 4322026870, 128997139),
(4168, 3, 42, 4322052586, 145723582),
(4169, 0, 29, 4322052656, 350322771),
(4170, 4, 34, 4322052656, 350322771),
(4171, 5, 29, 4322052656, 374930860),
(4172, 4, 41, 4322052656, 374684693),
(4173, 5, 75, 4322052656, 89302249),
(4174, 1, 29, 4322052656, 89302249),
(4175, 5, 20, 4322052656, 365578451),
(4176, 1, 11, 4322052656, 146531965),
(4177, 4, 75, 4322052656, 117979389),
(4178, 1, 29, 4322052656, 83937083),
(4179, 3, 77, 4322052656, 83937083),
(4180, 4, 44, 4322053490, 58513047),
(4181, 0, 88, 4322053490, 126212866),
(4182, 2, 29, 4322053490, 52406002),
(4183, 4, 75, 4322053490, 52406002),
(4184, 5, 36, 4322053490, 52406002),
(4185, 2, 29, 4322053490, 68007361),
(4186, 0, 29, 4322053490, 112464030),
(4187, 3, 34, 4322053490, 112464030),
(4188, 4, 20, 4322053490, 85956459),
(4189, 3, 181, 4322053490, 134121021),
(4190, 3, 6, 4322045289, 919027228),
(4191, 5, 29, 4322045289, 919027228),
(4192, 4, 29, 4322045289, 918380821),
(4193, 2, 28, 4322045289, 918060096),
(4194, 4, 36, 4322045289, 918060096),
(4195, 0, 218, 4322045289, 242161616),
(4196, 1, 29, 4322045289, 202167136),
(4197, 3, 180, 4322045289, 277812252),
(4198, 5, 73, 4322045289, 183315096),
(4199, 2, 56, 4322045289, 190986381),
(4200, 0, 214, 4322045289, 417810937),
(4201, 2, 92, 4321999682, 878991409),
(4202, 1, 160, 4321999682, 175344231),
(4203, 2, 267, 4321999682, 131212569),
(4204, 1, 254, 4321999682, 312295209),
(4205, 5, 37, 4321999682, 279993696),
(4206, 5, 94, 4322062105, 0),
(4207, 3, 236, 4322062105, 0),
(4208, 5, 27, 4322062105, 0),
(4209, 4, 34, 4322052791, 388767811),
(4210, 5, 13, 4322052791, 388767811),
(4211, 0, 29, 4322052791, 155738116),
(4212, 4, 29, 4322052791, 136127796),
(4213, 3, 77, 4322052791, 145186022),
(4214, 3, 36, 4322052791, 93704137),
(4215, 2, 265, 4322052791, 93704137),
(4216, 1, 77, 4322052791, 93704137),
(4217, 5, 29, 4322052791, 93704137),
(4218, 0, 41, 4322052791, 344245074),
(4219, 4, 38, 4322052791, 344245074),
(4220, 4, 29, 4322052791, 344245074),
(4221, 0, 29, 4322052791, 66642504),
(4222, 3, 34, 4322052791, 66642504),
(4223, 5, 25, 4322052791, 66642504),
(4224, 5, 216, 4322052791, 115697997),
(4225, 0, 241, 4322052791, 254730364),
(4226, 1, 38, 4322052791, 254730364),
(4227, 3, 75, 4322052791, 254730364),
(4228, 0, 20, 4322050071, 109756339),
(4229, 5, 16, 4322050071, 109756339),
(4230, 4, 29, 4322050071, 109756339),
(4231, 2, 29, 4322050071, 126733983),
(4232, 0, 34, 4322050071, 176393206),
(4233, 2, 42, 4322050071, 176393206),
(4234, 4, 75, 4322050071, 206900013),
(4235, 0, 29, 4322050071, 406587370),
(4236, 2, 36, 4322050071, 406587370),
(4237, 5, 11, 4322050071, 406587370),
(4238, 0, 29, 4322050071, 217643502),
(4239, 5, 38, 4322050071, 217643502),
(4240, 0, 29, 4322050071, 122401807),
(4241, 3, 28, 4322050071, 122401807),
(4242, 0, 13, 4322050071, 144789769),
(4243, 2, 73, 4322050071, 144789769),
(4244, 4, 20, 4322050071, 144789769),
(4245, 5, 216, 4322050071, 144789769),
(4246, 0, 88, 4322050071, 289976760),
(4247, 3, 182, 4322063249, 97163617),
(4248, 1, 44, 4322063249, 97163617),
(4249, 5, 39, 4322063249, 97163617),
(4250, 2, 216, 4322063249, 97163617),
(4251, 0, 16, 4322063249, 53151216),
(4252, 2, 15, 4322063249, 53151216),
(4253, 4, 20, 4322063249, 53151216),
(4254, 0, 181, 4322063249, 88727618),
(4255, 1, 44, 4322063249, 88727618),
(4256, 5, 16, 4322063249, 88727618),
(4257, 3, 216, 4322063249, 88727618),
(4258, 0, 44, 4322063249, 37121232),
(4259, 3, 38, 4322063249, 37121232),
(4260, 4, 43, 4322063249, 37121232),
(4261, 4, 16, 4322063249, 46757253),
(4262, 1, 182, 4322063249, 46757253),
(4263, 2, 216, 4322063249, 46757253),
(4264, 5, 44, 4322063249, 46757253),
(4265, 3, 16, 4322063249, 86896635),
(4266, 1, 182, 4322063249, 86896635),
(4267, 2, 44, 4322063249, 86896635),
(4268, 2, 182, 4322063249, 114086220),
(4269, 4, 11, 4322063249, 114086220),
(4270, 2, 16, 4322063249, 114086220),
(4271, 3, 241, 4322063249, 114086220),
(4272, 4, 237, 4322063249, 114086220),
(4273, 5, 39, 4322063249, 114086220),
(4274, 0, 44, 4322063249, 154928982),
(4275, 5, 216, 4322063249, 154928982),
(4276, 1, 44, 4322063249, 121633262),
(4277, 2, 39, 4322063249, 121633262),
(4278, 5, 43, 4322063249, 121633262),
(4279, 2, 182, 4322063249, 35380233),
(4280, 1, 216, 4322063249, 35380233),
(4281, 3, 237, 4322063249, 35380233),
(4282, 5, 44, 4322063249, 35380233);
INSERT INTO `matches_item_inventory` (`id`, `slot`, `item_id`, `match_id`, `player_id`) VALUES
(4283, 3, 139, 4321983608, 223788891),
(4284, 4, 33, 4321983608, 224135003),
(4285, 5, 55, 4321983608, 303077939),
(4286, 4, 141, 4321983608, 99651761),
(4287, 2, 58, 4321983608, 129249486),
(4288, 2, 20, 4322052586, 143225194),
(4289, 3, 147, 4322026870, 372440321),
(4290, 4, 117, 4322026870, 372440321),
(4291, 2, 43, 4322026870, 294196),
(4292, 0, 4, 4322026870, 160634347),
(4293, 2, 90, 4322026870, 160634347),
(4294, 5, 102, 4322026870, 27488933),
(4295, 2, 229, 4322026870, 862214564),
(4296, 2, 203, 4322026870, 379430550),
(4297, 1, 92, 4322052656, 350322771),
(4298, 4, 36, 4322052656, 350322771),
(4299, 1, 29, 4322052656, 333236801),
(4300, 2, 50, 4322052656, 374930860),
(4301, 5, 25, 4322052656, 374930860),
(4302, 0, 187, 4322052656, 374684693),
(4303, 3, 29, 4322052656, 374684693),
(4304, 2, 36, 4322052656, 89302249),
(4305, 3, 39, 4322052656, 89302249),
(4306, 4, 26, 4322052656, 89302249),
(4307, 5, 92, 4322052656, 365578451),
(4308, 4, 63, 4322052656, 146531965),
(4309, 1, 36, 4322052656, 117979389),
(4310, 2, 39, 4322052656, 144562717),
(4311, 2, 63, 4322053490, 58513047),
(4312, 5, 18, 4322053490, 58513047),
(4313, 1, 42, 4322053490, 119180054),
(4314, 3, 29, 4322053490, 119180054),
(4315, 1, 94, 4322053490, 126212866),
(4316, 2, 63, 4322053490, 52406002),
(4317, 1, 244, 4322053490, 68007361),
(4318, 4, 75, 4322053490, 85956459),
(4319, 3, 63, 4322053490, 371995897),
(4320, 1, 73, 4322053490, 134121021),
(4321, 2, 29, 4322053490, 134121021),
(4322, 0, 125, 4322053490, 150419909),
(4323, 0, 151, 4322045289, 919027228),
(4324, 2, 265, 4322045289, 918380821),
(4325, 5, 261, 4322045289, 918380821),
(4326, 1, 188, 4322045289, 242161616),
(4327, 5, 214, 4322045289, 242161616),
(4328, 3, 50, 4322045289, 202167136),
(4329, 0, 29, 4322045289, 913650843),
(4330, 2, 232, 4322045289, 913650843),
(4331, 1, 92, 4322045289, 277812252),
(4332, 2, 1, 4322045289, 183315096),
(4333, 3, 145, 4322045289, 190986381),
(4334, 2, 31, 4322045289, 417810937),
(4335, 2, 86, 4322062105, 0),
(4336, 1, 92, 4322062105, 0),
(4337, 3, 6, 4322062105, 0),
(4338, 4, 34, 4322063249, 97163617),
(4339, 2, 77, 4322063249, 53151216),
(4340, 1, 34, 4322063249, 37121232),
(4341, 0, 36, 4322063249, 46757253),
(4342, 4, 11, 4322063249, 46757253),
(4343, 4, 75, 4322063249, 86896635),
(4344, 5, 11, 4322063249, 86896635),
(4345, 4, 182, 4322063249, 154928982),
(4346, 2, 34, 4322063249, 121633262),
(4347, 1, 34, 4322063249, 35380233),
(4348, 3, 11, 4322063249, 35380233),
(4349, 4, 39, 4322063249, 35380233),
(4350, 2, 160, 4321983608, 86983845),
(4351, 2, 96, 4321983608, 129249486),
(4352, 5, 143, 4322026870, 372440321),
(4353, 0, 1, 4322026870, 27488933),
(4354, 2, 252, 4322026870, 915429133),
(4355, 2, 204, 4322026870, 379430550),
(4356, 3, 75, 4322052586, 354957568),
(4357, 2, 36, 4322052586, 183903565),
(4358, 4, 16, 4322052586, 841014876),
(4359, 2, 36, 4322052586, 145723582),
(4360, 3, 41, 4322052586, 145723582),
(4361, 1, 29, 4322052586, 193894045),
(4362, 2, 218, 4322052586, 900304431),
(4363, 2, 4, 4322052586, 197601889),
(4364, 5, 75, 4322052586, 143225194),
(4365, 2, 42, 4322052656, 333236801),
(4366, 3, 50, 4322052656, 374684693),
(4367, 1, 63, 4322052656, 89302249),
(4368, 0, 29, 4322052656, 365578451),
(4369, 1, 13, 4322052656, 365578451),
(4370, 3, 50, 4322052656, 117979389),
(4371, 1, 180, 4322052656, 83937083),
(4372, 2, 2, 4322052791, 388767811),
(4373, 3, 36, 4322052791, 136127796),
(4374, 0, 29, 4322052791, 145186022),
(4375, 5, 265, 4322052791, 145186022),
(4376, 0, 57, 4322052791, 93704137),
(4377, 2, 36, 4322052791, 162293761),
(4378, 1, 29, 4322052791, 162293761),
(4379, 1, 214, 4322052791, 344245074),
(4380, 4, 265, 4322052791, 344245074),
(4381, 0, 50, 4322052791, 66642504),
(4382, 3, 36, 4322052791, 66642504),
(4383, 1, 39, 4322052791, 115697997),
(4384, 2, 4, 4322052791, 115697997),
(4385, 3, 36, 4322052791, 115697997),
(4386, 1, 29, 4322052791, 254730364),
(4387, 1, 56, 4322050071, 109756339),
(4388, 3, 36, 4322050071, 126733983),
(4389, 1, 244, 4322050071, 176393206),
(4390, 2, 29, 4322050071, 176393206),
(4391, 4, 29, 4322050071, 206900013),
(4392, 0, 63, 4322050071, 406587370),
(4393, 2, 41, 4322050071, 477789462),
(4394, 2, 187, 4322050071, 122401807),
(4395, 5, 94, 4322050071, 289976760),
(4396, 5, 170, 4322053490, 58513047),
(4397, 2, 36, 4322053490, 119180054),
(4398, 0, 81, 4322053490, 126212866),
(4399, 1, 241, 4322053490, 126212866),
(4400, 2, 36, 4322053490, 126212866),
(4401, 0, 170, 4322053490, 52406002),
(4402, 1, 214, 4322053490, 68007361),
(4403, 0, 180, 4322053490, 112464030),
(4404, 5, 265, 4322053490, 134121021),
(4405, 3, 12, 4322053490, 150419909),
(4406, 4, 265, 4322053490, 150419909),
(4407, 5, 29, 4322053490, 150419909),
(4408, 1, 26, 4322045289, 919027228),
(4409, 5, 63, 4322045289, 919027228),
(4410, 5, 190, 4322045289, 918380821),
(4411, 3, 42, 4322045289, 918060096),
(4412, 5, 17, 4322045289, 918060096),
(4413, 4, 265, 4322045289, 242161616),
(4414, 1, 21, 4322045289, 202167136),
(4415, 2, 170, 4322045289, 190986381),
(4416, 5, 43, 4322045289, 417810937),
(4417, 2, 79, 4322062105, 0),
(4418, 0, 25, 4322062105, 0),
(4419, 5, 8, 4322062105, 0),
(4420, 1, 190, 4322062105, 0),
(4421, 2, 265, 4322063249, 97163617),
(4422, 3, 29, 4322063249, 97163617),
(4423, 5, 4, 4322063249, 97163617),
(4424, 4, 36, 4322063249, 53151216),
(4425, 3, 41, 4322063249, 53151216),
(4426, 4, 29, 4322063249, 53151216),
(4427, 2, 36, 4322063249, 88727618),
(4428, 0, 29, 4322063249, 37121232),
(4429, 3, 20, 4322063249, 46757253),
(4430, 3, 216, 4322063249, 86896635),
(4431, 2, 36, 4322063249, 86896635),
(4432, 1, 178, 4322063249, 114086220),
(4433, 3, 29, 4322063249, 154928982),
(4434, 0, 29, 4322063249, 121633262),
(4435, 5, 42, 4322063249, 121633262),
(4436, 0, 29, 4322063249, 35380233),
(4437, 1, 36, 4322063249, 35380233),
(4438, 1, 37, 4321983608, 198769370),
(4439, 0, 247, 4321983608, 223788891),
(4440, 0, 48, 4321983608, 224135003),
(4441, 5, 48, 4321983608, 99651761),
(4442, 4, 29, 4322052586, 354957568),
(4443, 0, 214, 4322052586, 183903565),
(4444, 2, 36, 4322052586, 841014876),
(4445, 1, 29, 4322052586, 145723582),
(4446, 3, 35, 4322052586, 900304431),
(4447, 4, 29, 4322052586, 437620558),
(4448, 3, 29, 4322052586, 197601889),
(4449, 1, 29, 4322052586, 431796350),
(4450, 2, 34, 4322052586, 143225194),
(4451, 4, 29, 4322052586, 143225194),
(4452, 2, 1, 4322026870, 294196),
(4453, 3, 60, 4322026870, 294196),
(4454, 1, 242, 4322026870, 160634347),
(4455, 4, 127, 4322026870, 160634347),
(4456, 4, 236, 4322026870, 27488933),
(4457, 4, 4, 4322026870, 915429133),
(4458, 3, 254, 4322026870, 291782042),
(4459, 3, 8, 4322026870, 128997139),
(4460, 5, 0, 4322098159, 233390137),
(4461, 5, 0, 4322098159, 252290040),
(4462, 5, 0, 4322098159, 140450298),
(4463, 5, 0, 4322098159, 347871946),
(4464, 5, 0, 4322098159, 74351251),
(4465, 5, 0, 4322098159, 407531061),
(4466, 5, 0, 4322098159, 197023426),
(4467, 5, 0, 4322098159, 147601713),
(4468, 5, 0, 4322098159, 144431007),
(4469, 5, 0, 4322098159, 891273852),
(4470, 5, 65, 4322052656, 374930860),
(4471, 1, 73, 4322052656, 365578451),
(4472, 3, 50, 4322052656, 365578451),
(4473, 0, 26, 4322052656, 146531965),
(4474, 5, 56, 4322052656, 117979389),
(4475, 0, 180, 4322052656, 144562717),
(4476, 0, 57, 4322052656, 83937083),
(4477, 4, 233, 4322052656, 83937083),
(4478, 5, 0, 4322101209, 0),
(4479, 0, 63, 4322052791, 388767811),
(4480, 5, 25, 4322052791, 388767811),
(4481, 1, 73, 4322052791, 388767811),
(4482, 2, 22, 4322052791, 155738116),
(4483, 0, 42, 4322052791, 136127796),
(4484, 4, 92, 4322052791, 145186022),
(4485, 5, 41, 4322052791, 145186022),
(4486, 0, 180, 4322052791, 162293761),
(4487, 5, 42, 4322052791, 115697997),
(4488, 0, 2, 4322052791, 254730364),
(4489, 0, 73, 4322050071, 109756339),
(4490, 2, 34, 4322050071, 109756339),
(4491, 0, 50, 4322050071, 206900013),
(4492, 2, 216, 4322050071, 206900013),
(4493, 2, 25, 4322050071, 406587370),
(4494, 3, 6, 4322050071, 406587370),
(4495, 0, 244, 4322050071, 477789462),
(4496, 1, 29, 4322050071, 477789462),
(4497, 4, 63, 4322050071, 144789769),
(4498, 5, 265, 4322053490, 119180054),
(4499, 1, 20, 4322053490, 126212866),
(4500, 0, 265, 4322053490, 68007361),
(4501, 2, 23, 4322053490, 68007361),
(4502, 1, 218, 4322053490, 112464030),
(4503, 1, 188, 4322053490, 112464030),
(4504, 0, 63, 4322053490, 85956459),
(4505, 5, 26, 4322053490, 85956459),
(4506, 1, 185, 4322053490, 371995897),
(4507, 0, 92, 4322053490, 134121021),
(4508, 4, 244, 4322053490, 134121021),
(4509, 3, 88, 4322053490, 150419909),
(4510, 2, 188, 4322045289, 918380821),
(4511, 0, 236, 4322045289, 202167136),
(4512, 5, 1, 4322045289, 913650843),
(4513, 1, 267, 4322045289, 277812252),
(4514, 4, 154, 4322045289, 190986381),
(4515, 1, 36, 4322045289, 417810937),
(4516, 3, 265, 4322045289, 417810937),
(4517, 4, 38, 4322045289, 417810937),
(4518, 0, 50, 4322063249, 97163617),
(4519, 1, 13, 4322063249, 97163617),
(4520, 1, 29, 4322063249, 88727618),
(4521, 4, 73, 4322063249, 88727618),
(4522, 5, 13, 4322063249, 88727618),
(4523, 2, 2, 4322063249, 46757253),
(4524, 3, 29, 4322063249, 46757253),
(4525, 5, 75, 4322063249, 46757253),
(4526, 3, 29, 4322063249, 86896635),
(4527, 4, 29, 4322063249, 114086220),
(4528, 5, 73, 4322063249, 114086220),
(4529, 0, 214, 4322063249, 121633262),
(4530, 0, 117, 4321983608, 86983845),
(4531, 2, 33, 4321983608, 303077939),
(4532, 5, 225, 4321983608, 129249486),
(4533, 5, 26, 4322052586, 354957568),
(4534, 1, 180, 4322052586, 145723582),
(4535, 1, 180, 4322052586, 193894045),
(4536, 1, 36, 4322052586, 900304431),
(4537, 2, 50, 4322052586, 197601889),
(4538, 0, 73, 4322052586, 431796350),
(4539, 0, 180, 4322052656, 350322771),
(4540, 5, 244, 4322052656, 333236801),
(4541, 3, 81, 4322052656, 374930860),
(4542, 4, 38, 4322052656, 374930860),
(4543, 1, 100, 4322052656, 374684693),
(4544, 3, 37, 4322052656, 89302249),
(4545, 5, 94, 4322052656, 146531965),
(4546, 5, 69, 4322052656, 117979389),
(4547, 0, 232, 4322052656, 83937083),
(4548, 0, 44, 4322101209, 0),
(4549, 1, 39, 4322101209, 0),
(4550, 3, 38, 4322101209, 0),
(4551, 3, 15, 4322101209, 0),
(4552, 5, 16, 4322101209, 0),
(4553, 0, 42, 4322101209, 0),
(4554, 1, 237, 4322101209, 0),
(4555, 1, 14, 4322101209, 0),
(4556, 2, 20, 4322101209, 0),
(4557, 4, 182, 4322101209, 0),
(4558, 3, 12, 4322101209, 0),
(4559, 1, 188, 4322101209, 0),
(4560, 2, 11, 4322101209, 0),
(4561, 2, 35, 4322101209, 0),
(4562, 4, 170, 4322052791, 155738116),
(4563, 1, 73, 4322052791, 136127796),
(4564, 0, 63, 4322052791, 145186022),
(4565, 4, 100, 4322052791, 93704137),
(4566, 3, 57, 4322052791, 344245074),
(4567, 5, 81, 4322052791, 66642504),
(4568, 0, 56, 4322052791, 254730364),
(4569, 4, 63, 4322052791, 254730364),
(4570, 1, 44, 4322077803, 320746742),
(4571, 4, 182, 4322077803, 320746742),
(4572, 5, 39, 4322077803, 320746742),
(4573, 0, 241, 4322077803, 150100544),
(4574, 2, 39, 4322077803, 150100544),
(4575, 3, 77, 4322077803, 150100544),
(4576, 4, 16, 4322077803, 150100544),
(4577, 3, 20, 4322077803, 404228663),
(4578, 1, 38, 4322077803, 404228663),
(4579, 2, 44, 4322077803, 404228663),
(4580, 0, 44, 4322077803, 205567948),
(4581, 2, 16, 4322077803, 205567948),
(4582, 5, 216, 4322077803, 205567948),
(4583, 1, 39, 4322077803, 369744050),
(4584, 3, 216, 4322077803, 369744050),
(4585, 4, 182, 4322077803, 369744050),
(4586, 5, 44, 4322077803, 369744050),
(4587, 1, 15, 4322077803, 259584988),
(4588, 2, 44, 4322077803, 259584988),
(4589, 3, 216, 4322077803, 259584988),
(4590, 5, 42, 4322077803, 259584988),
(4591, 0, 44, 4322077803, 297410106),
(4592, 3, 27, 4322077803, 297410106),
(4593, 4, 182, 4322077803, 297410106),
(4594, 3, 237, 4322077803, 342663243),
(4595, 4, 15, 4322077803, 342663243),
(4596, 5, 241, 4322077803, 342663243),
(4597, 0, 244, 4322077803, 98306384),
(4598, 3, 216, 4322077803, 98306384),
(4599, 2, 44, 4322077803, 98306384),
(4600, 2, 16, 4322077803, 384761137),
(4601, 1, 44, 4322077803, 384761137),
(4602, 3, 20, 4322077803, 384761137),
(4603, 4, 39, 4322077803, 384761137),
(4604, 5, 14, 4322077803, 384761137),
(4605, 1, 125, 4322050071, 109756339),
(4606, 5, 73, 4322050071, 126733983),
(4607, 4, 2, 4322050071, 126733983),
(4608, 1, 214, 4322050071, 176393206),
(4609, 5, 7, 4322050071, 206900013),
(4610, 1, 151, 4322050071, 406587370),
(4611, 0, 180, 4322050071, 122401807),
(4612, 0, 81, 4322050071, 289976760),
(4613, 3, 29, 4322050071, 289976760),
(4614, 0, 214, 4322053490, 119180054),
(4615, 1, 218, 4322053490, 119180054),
(4616, 3, 188, 4322053490, 119180054),
(4617, 1, 73, 4322053490, 126212866),
(4618, 3, 154, 4322053490, 52406002),
(4619, 3, 27, 4322053490, 68007361),
(4620, 2, 172, 4322053490, 85956459),
(4621, 2, 38, 4322053490, 371995897),
(4622, 2, 81, 4322053490, 150419909),
(4623, 1, 127, 4322045289, 183315096),
(4624, 1, 10, 4322045289, 190986381),
(4625, 5, 218, 4322045289, 417810937),
(4626, 5, 73, 4322063249, 97163617),
(4627, 0, 63, 4322063249, 53151216),
(4628, 5, 57, 4322063249, 53151216),
(4629, 0, 214, 4322063249, 37121232),
(4630, 4, 42, 4322063249, 37121232),
(4631, 3, 63, 4322063249, 46757253),
(4632, 3, 63, 4322063249, 86896635),
(4633, 0, 63, 4322063249, 114086220),
(4634, 3, 180, 4322063249, 154928982),
(4635, 0, 63, 4322063249, 35380233),
(4636, 0, 265, 4322052586, 354957568),
(4637, 4, 63, 4322052586, 354957568),
(4638, 1, 6, 4322052586, 183903565),
(4639, 1, 29, 4322052586, 841014876),
(4640, 0, 19, 4322052586, 145723582),
(4641, 0, 27, 4322052586, 193894045),
(4642, 2, 16, 4322052586, 193894045),
(4643, 3, 5, 4322052586, 437620558),
(4644, 2, 92, 4322052586, 431796350),
(4645, 3, 63, 4322052586, 143225194),
(4646, 0, 188, 4322052656, 333236801),
(4647, 2, 218, 4322052656, 333236801),
(4648, 2, 1, 4322052656, 374684693),
(4649, 0, 4, 4322052656, 365578451),
(4650, 0, 81, 4322052656, 146531965),
(4651, 5, 28, 4322052656, 146531965),
(4652, 0, 11, 4322052656, 117979389),
(4653, 4, 21, 4322052656, 83937083),
(4654, 5, 23, 4322052656, 83937083),
(4655, 0, 29, 4322101209, 0),
(4656, 2, 75, 4322101209, 0),
(4657, 5, 34, 4322101209, 0),
(4658, 3, 88, 4322101209, 0),
(4659, 4, 13, 4322101209, 0),
(4660, 5, 27, 4322101209, 0),
(4661, 2, 36, 4322101209, 0),
(4662, 5, 151, 4322052791, 388767811),
(4663, 1, 174, 4322052791, 155738116),
(4664, 2, 188, 4322052791, 136127796),
(4665, 2, 9, 4322052791, 145186022),
(4666, 1, 218, 4322052791, 162293761),
(4667, 3, 188, 4322052791, 162293761),
(4668, 3, 232, 4322052791, 344245074),
(4669, 4, 73, 4322052791, 66642504),
(4670, 0, 187, 4322052791, 115697997),
(4671, 2, 265, 4322052791, 115697997),
(4672, 0, 69, 4322052791, 254730364),
(4673, 0, 29, 4322077803, 320746742),
(4674, 3, 75, 4322077803, 384761137),
(4675, 3, 50, 4322050071, 109756339),
(4676, 2, 63, 4322050071, 126733983),
(4677, 3, 38, 4322050071, 406587370),
(4678, 4, 21, 4322050071, 406587370),
(4679, 1, 218, 4322050071, 217643502),
(4680, 5, 3, 4322050071, 144789769),
(4681, 2, 106, 4322050071, 289976760),
(4682, 0, 20, 4322416309, 0),
(4683, 1, 39, 4322416309, 0),
(4684, 1, 38, 4322416309, 0),
(4685, 3, 15, 4322416309, 0),
(4686, 5, 0, 4322416309, 0),
(4687, 2, 14, 4322416309, 0),
(4688, 2, 182, 4322416309, 0),
(4689, 0, 73, 4322416309, 0),
(4690, 0, 11, 4322416309, 0),
(4691, 1, 12, 4322416309, 0),
(4692, 1, 44, 4322416309, 0),
(4693, 4, 16, 4322416309, 0),
(4694, 5, 36, 4322416309, 0),
(4695, 0, 42, 4322416309, 0),
(4696, 2, 261, 4322416309, 0),
(4697, 2, 77, 4322416309, 0),
(4698, 2, 29, 4322416309, 0),
(4699, 5, 34, 4322416309, 0),
(4700, 1, 4, 4322416309, 0),
(4701, 0, 216, 4322416309, 0),
(4702, 3, 2, 4322416309, 0),
(4703, 5, 244, 4322416309, 0),
(4704, 4, 18, 4322416309, 0),
(4705, 3, 50, 4322416309, 0),
(4706, 5, 17, 4322416309, 0),
(4707, 5, 25, 4322416309, 0),
(4708, 1, 88, 4322416309, 0),
(4709, 3, 180, 4322416309, 0),
(4710, 0, 236, 4322416309, 0),
(4711, 0, 75, 4322416309, 0),
(4712, 4, 63, 4322416309, 0),
(4713, 1, 0, 4322423713, 172641071),
(4714, 2, 0, 4322423713, 259168952),
(4715, 5, 0, 4322423713, 849695674),
(4716, 5, 0, 4322423713, 116420727),
(4717, 1, 0, 4322423713, 106500401),
(4718, 5, 0, 4322423713, 462657480),
(4719, 5, 0, 4322423713, 39234779),
(4720, 5, 0, 4322423713, 116147954),
(4721, 5, 0, 4322423713, 104940097),
(4722, 2, 0, 4322423713, 87645412),
(4723, 2, 185, 4322416309, 0),
(4724, 4, 240, 4322416309, 0),
(4725, 0, 41, 4322416309, 0),
(4726, 4, 0, 4322424614, 103320945),
(4727, 5, 0, 4322424614, 192333984),
(4728, 5, 0, 4322424614, 462555286),
(4729, 5, 0, 4322424614, 85696663),
(4730, 5, 0, 4322424614, 192278574),
(4731, 5, 0, 4322424614, 145904561),
(4732, 2, 0, 4322424614, 837279513),
(4733, 4, 0, 4322424614, 407534541),
(4734, 5, 0, 4322424614, 332874291),
(4735, 3, 0, 4322424614, 912969711),
(4736, 4, 27, 4322416309, 0),
(4737, 3, 23, 4322416309, 0),
(4738, 0, 28, 4322416309, 0),
(4739, 0, 187, 4322416309, 0),
(4740, 3, 102, 4322416309, 0),
(4741, 2, 215, 4322416309, 0),
(4742, 3, 6, 4322416309, 0),
(4743, 5, 21, 4322416309, 0),
(4744, 4, 189, 4322416309, 0),
(4745, 5, 77, 4322423713, 172641071),
(4746, 1, 237, 4322423713, 172641071),
(4747, 2, 39, 4322423713, 172641071),
(4748, 4, 15, 4322423713, 172641071),
(4749, 5, 241, 4322423713, 172641071),
(4750, 0, 44, 4322423713, 259168952),
(4751, 1, 182, 4322423713, 259168952),
(4752, 2, 39, 4322423713, 259168952),
(4753, 4, 16, 4322423713, 259168952),
(4754, 5, 11, 4322423713, 259168952),
(4755, 0, 44, 4322423713, 849695674),
(4756, 1, 237, 4322423713, 849695674),
(4757, 2, 39, 4322423713, 849695674),
(4758, 3, 244, 4322423713, 849695674),
(4759, 4, 38, 4322423713, 849695674),
(4760, 1, 44, 4322423713, 116420727),
(4761, 5, 16, 4322423713, 116420727),
(4762, 2, 216, 4322423713, 116420727),
(4763, 4, 216, 4322423713, 106500401),
(4764, 1, 38, 4322423713, 106500401),
(4765, 2, 44, 4322423713, 106500401),
(4766, 3, 39, 4322423713, 106500401),
(4767, 5, 182, 4322423713, 106500401),
(4768, 0, 44, 4322423713, 462657480),
(4769, 4, 216, 4322423713, 462657480),
(4770, 4, 38, 4322423713, 462657480),
(4771, 0, 182, 4322423713, 39234779),
(4772, 5, 16, 4322423713, 39234779),
(4773, 2, 11, 4322423713, 39234779),
(4774, 0, 34, 4322423713, 116147954),
(4775, 4, 77, 4322423713, 116147954),
(4776, 4, 16, 4322423713, 116147954),
(4777, 1, 182, 4322423713, 104940097),
(4778, 1, 44, 4322423713, 104940097),
(4779, 3, 216, 4322423713, 104940097),
(4780, 4, 11, 4322423713, 104940097),
(4781, 0, 39, 4322423713, 87645412),
(4782, 2, 44, 4322423713, 87645412),
(4783, 2, 43, 4322423713, 87645412),
(4784, 4, 216, 4322423713, 87645412),
(4785, 4, 244, 4322423713, 87645412),
(4786, 5, 181, 4322423713, 87645412),
(4787, 4, 56, 4322416309, 0),
(4788, 5, 101, 4322416309, 0),
(4789, 4, 59, 4322416309, 0),
(4790, 3, 9, 4322416309, 0),
(4791, 2, 57, 4322416309, 0),
(4792, 3, 129, 4322416309, 0),
(4793, 4, 168, 4322416309, 0),
(4794, 4, 184, 4322416309, 0),
(4795, 2, 152, 4322416309, 0),
(4796, 1, 1, 4322416309, 0),
(4797, 4, 154, 4322416309, 0),
(4798, 5, 127, 4322416309, 0),
(4799, 0, 22, 4322416309, 0),
(4800, 1, 24, 4322416309, 0),
(4801, 5, 210, 4322416309, 0),
(4802, 1, 190, 4322416309, 0),
(4803, 2, 60, 4322416309, 0),
(4804, 0, 237, 4322434209, 0),
(4805, 1, 39, 4322434209, 0),
(4806, 4, 41, 4322434209, 0),
(4807, 1, 77, 4322434209, 0),
(4808, 5, 241, 4322434209, 0),
(4809, 0, 44, 4322434209, 0),
(4810, 5, 265, 4322434209, 0),
(4811, 2, 29, 4322434209, 0),
(4812, 4, 73, 4322434209, 0),
(4813, 0, 36, 4322434209, 0),
(4814, 1, 20, 4322434209, 0),
(4815, 1, 38, 4322434209, 0),
(4816, 5, 0, 4322434209, 0),
(4817, 5, 15, 4322434209, 0),
(4818, 0, 188, 4322434209, 0),
(4819, 4, 182, 4322434209, 0),
(4820, 0, 75, 4322434209, 0),
(4821, 2, 88, 4322434209, 0),
(4822, 4, 16, 4322434209, 0),
(4823, 3, 63, 4322434209, 0),
(4824, 0, 42, 4322434209, 0),
(4825, 2, 261, 4322434209, 0),
(4826, 4, 244, 4322434209, 0),
(4827, 4, 28, 4322434209, 0),
(4828, 2, 44, 4322424614, 103320945),
(4829, 4, 216, 4322424614, 103320945),
(4830, 5, 39, 4322424614, 103320945),
(4831, 1, 38, 4322424614, 192333984),
(4832, 0, 182, 4322424614, 462555286),
(4833, 1, 16, 4322424614, 462555286),
(4834, 0, 44, 4322424614, 462555286),
(4835, 0, 237, 4322424614, 85696663),
(4836, 4, 77, 4322424614, 85696663),
(4837, 5, 241, 4322424614, 85696663),
(4838, 1, 244, 4322424614, 192278574),
(4839, 2, 34, 4322424614, 145904561),
(4840, 2, 39, 4322424614, 145904561),
(4841, 5, 44, 4322424614, 145904561),
(4842, 5, 182, 4322424614, 837279513),
(4843, 0, 39, 4322424614, 837279513),
(4844, 2, 44, 4322424614, 837279513),
(4845, 3, 16, 4322424614, 837279513),
(4846, 4, 14, 4322424614, 837279513),
(4847, 1, 11, 4322424614, 837279513),
(4848, 3, 75, 4322424614, 407534541),
(4849, 3, 241, 4322424614, 407534541),
(4850, 4, 39, 4322424614, 407534541),
(4851, 3, 44, 4322424614, 332874291),
(4852, 1, 11, 4322424614, 332874291),
(4853, 2, 182, 4322424614, 332874291),
(4854, 4, 16, 4322424614, 332874291),
(4855, 0, 44, 4322424614, 912969711),
(4856, 1, 38, 4322424614, 912969711),
(4857, 2, 216, 4322424614, 912969711),
(4858, 3, 39, 4322424614, 912969711),
(4859, 5, 181, 4322424614, 912969711),
(4860, 5, 42, 4322423713, 116420727),
(4861, 2, 38, 4322423713, 116420727),
(4862, 2, 42, 4322423713, 462657480),
(4863, 0, 29, 4322423713, 39234779),
(4864, 0, 36, 4322423713, 116147954),
(4865, 0, 29, 4322423713, 87645412),
(4866, 0, 14, 4322434209, 0),
(4867, 0, 29, 4322424614, 103320945),
(4868, 3, 11, 4322424614, 462555286),
(4869, 0, 29, 4322424614, 192278574),
(4870, 1, 44, 4322424614, 407534541),
(4871, 3, 188, 4322423713, 116420727),
(4872, 2, 38, 4322423713, 104940097),
(4873, 5, 73, 4322423713, 104940097),
(4874, 0, 147, 4322416309, 0),
(4875, 4, 6, 4322434209, 0),
(4876, 5, 180, 4322434209, 0),
(4877, 2, 218, 4322424614, 192333984),
(4878, 2, 39, 4322424614, 462555286),
(4879, 4, 75, 4322424614, 462555286),
(4880, 0, 36, 4322424614, 332874291),
(4881, 2, 0, 4322438766, 101779337),
(4882, 4, 0, 4322438766, 173971950),
(4883, 5, 0, 4322438766, 249651648),
(4884, 5, 0, 4322438766, 94923783),
(4885, 4, 0, 4322438766, 242697694),
(4886, 3, 0, 4322438766, 155332459),
(4887, 5, 0, 4322438766, 100758751),
(4888, 4, 0, 4322438766, 59463394),
(4889, 5, 0, 4322438766, 91364275),
(4890, 4, 0, 4322438766, 407321629),
(4891, 2, 36, 4322423713, 172641071),
(4892, 4, 75, 4322423713, 259168952),
(4893, 3, 63, 4322423713, 259168952),
(4894, 0, 42, 4322423713, 849695674),
(4895, 5, 29, 4322423713, 849695674),
(4896, 0, 34, 4322423713, 116420727),
(4897, 1, 4, 4322423713, 106500401),
(4898, 2, 29, 4322423713, 106500401),
(4899, 2, 29, 4322423713, 104940097),
(4900, 0, 214, 4322423713, 87645412),
(4901, 2, 38, 4322423713, 87645412),
(4902, 0, 69, 4322416309, 0),
(4903, 5, 17, 4322434209, 0),
(4904, 5, 18, 4322434209, 0),
(4905, 1, 185, 4322434209, 0),
(4906, 5, 34, 4322424614, 103320945),
(4907, 1, 29, 4322424614, 85696663),
(4908, 0, 34, 4322424614, 837279513),
(4909, 4, 75, 4322424614, 837279513),
(4910, 5, 29, 4322424614, 332874291),
(4911, 0, 29, 4322424614, 912969711),
(4912, 4, 36, 4322423713, 116420727),
(4913, 2, 39, 4322423713, 116147954),
(4914, 1, 265, 4322423713, 87645412),
(4915, 2, 42, 4322424614, 192333984),
(4916, 0, 214, 4322424614, 192278574),
(4917, 3, 29, 4322424614, 837279513),
(4918, 1, 29, 4322424614, 407534541),
(4919, 3, 34, 4322424614, 407534541),
(4920, 5, 16, 4322424614, 407534541),
(4921, 0, 237, 4322438766, 101779337),
(4922, 1, 39, 4322438766, 101779337),
(4923, 1, 216, 4322438766, 101779337),
(4924, 4, 44, 4322438766, 101779337),
(4925, 0, 34, 4322438766, 173971950),
(4926, 5, 182, 4322438766, 173971950),
(4927, 3, 77, 4322438766, 249651648),
(4928, 0, 42, 4322438766, 94923783),
(4929, 1, 77, 4322438766, 94923783),
(4930, 3, 181, 4322438766, 155332459),
(4931, 2, 44, 4322438766, 155332459),
(4932, 5, 182, 4322438766, 155332459),
(4933, 1, 38, 4322438766, 100758751),
(4934, 1, 29, 4322438766, 100758751),
(4935, 4, 16, 4322438766, 59463394),
(4936, 3, 182, 4322438766, 407321629),
(4937, 4, 44, 4322438766, 407321629),
(4938, 3, 63, 4322423713, 172641071),
(4939, 3, 214, 4322423713, 849695674),
(4940, 5, 216, 4322423713, 849695674),
(4941, 1, 29, 4322423713, 462657480),
(4942, 2, 218, 4322423713, 462657480),
(4943, 1, 25, 4322423713, 104940097),
(4944, 5, 67, 4322416309, 0),
(4945, 1, 116, 4322416309, 0),
(4946, 5, 29, 4322424614, 462555286),
(4947, 3, 2, 4322424614, 85696663),
(4948, 0, 36, 4322424614, 837279513),
(4949, 1, 36, 4322424614, 407534541),
(4950, 5, 27, 4322424614, 407534541),
(4951, 1, 34, 4322424614, 912969711),
(4952, 0, 244, 4322424614, 192333984),
(4953, 1, 18, 4322424614, 462555286),
(4954, 3, 63, 4322424614, 85696663),
(4955, 3, 41, 4322424614, 192278574),
(4956, 0, 244, 4322424614, 145904561),
(4957, 1, 42, 4322424614, 145904561),
(4958, 4, 88, 4322424614, 332874291),
(4959, 4, 244, 4322424614, 912969711),
(4960, 5, 11, 4322438766, 173971950),
(4961, 2, 44, 4322438766, 173971950),
(4962, 4, 16, 4322438766, 173971950),
(4963, 2, 241, 4322438766, 249651648),
(4964, 2, 182, 4322438766, 242697694),
(4965, 1, 11, 4322438766, 242697694),
(4966, 3, 44, 4322438766, 242697694),
(4967, 3, 237, 4322438766, 242697694),
(4968, 0, 20, 4322438766, 59463394),
(4969, 1, 44, 4322438766, 59463394),
(4970, 2, 15, 4322438766, 59463394),
(4971, 0, 77, 4322438766, 91364275),
(4972, 1, 237, 4322438766, 91364275),
(4973, 2, 241, 4322438766, 91364275),
(4974, 0, 237, 4322438766, 407321629),
(4975, 4, 216, 4322438766, 407321629),
(4976, 3, 252, 4322416309, 0),
(4977, 5, 58, 4322416309, 0),
(4978, 2, 108, 4322416309, 0),
(4979, 4, 4, 4322434209, 0),
(4980, 5, 36, 4322424614, 103320945),
(4981, 1, 63, 4322424614, 462555286),
(4982, 1, 265, 4322424614, 85696663),
(4983, 2, 38, 4322424614, 85696663),
(4984, 0, 63, 4322424614, 407534541),
(4985, 3, 34, 4322438766, 101779337),
(4986, 5, 39, 4322438766, 249651648),
(4987, 0, 34, 4322438766, 94923783),
(4988, 5, 34, 4322438766, 242697694),
(4989, 0, 34, 4322438766, 155332459),
(4990, 2, 34, 4322438766, 100758751),
(4991, 3, 39, 4322438766, 91364275),
(4992, 1, 53, 4322416309, 0),
(4993, 3, 61, 4322416309, 0),
(4994, 4, 57, 4322434209, 0),
(4995, 0, 34, 4322434209, 0),
(4996, 5, 1, 4322434209, 0),
(4997, 2, 36, 4322438766, 173971950),
(4998, 4, 75, 4322438766, 173971950),
(4999, 2, 41, 4322438766, 249651648),
(5000, 0, 44, 4322438766, 94923783),
(5001, 5, 261, 4322438766, 94923783),
(5002, 0, 29, 4322438766, 242697694),
(5003, 4, 241, 4322438766, 242697694),
(5004, 4, 216, 4322438766, 155332459),
(5005, 5, 77, 4322438766, 59463394),
(5006, 5, 29, 4322438766, 59463394),
(5007, 2, 25, 4322438766, 91364275),
(5008, 5, 34, 4322438766, 407321629),
(5009, 2, 121, 4322416309, 0),
(5010, 5, 151, 4322434209, 0),
(5011, 5, 29, 4322438766, 101779337),
(5012, 2, 14, 4322438766, 173971950),
(5013, 4, 20, 4322438766, 173971950),
(5014, 0, 29, 4322438766, 249651648),
(5015, 4, 244, 4322438766, 100758751),
(5016, 1, 39, 4322438766, 59463394),
(5017, 5, 216, 4322438766, 91364275),
(5018, 1, 29, 4322438766, 407321629),
(5019, 5, 98, 4322416309, 0),
(5020, 3, 50, 4322434209, 0),
(5021, 3, 2, 4322438766, 173971950),
(5022, 4, 16, 4322438766, 94923783),
(5023, 2, 50, 4322438766, 242697694),
(5024, 1, 29, 4322438766, 155332459),
(5025, 4, 27, 4322438766, 407321629),
(5026, 5, 36, 4322438766, 407321629),
(5027, 4, 86, 4322416309, 0),
(5028, 5, 94, 4322416309, 0),
(5029, 0, 25, 4322434209, 0),
(5030, 2, 190, 4322434209, 0),
(5031, 3, 63, 4322438766, 173971950),
(5032, 4, 19, 4322438766, 249651648),
(5033, 2, 36, 4322438766, 94923783),
(5034, 4, 39, 4322438766, 242697694),
(5035, 5, 36, 4322438766, 242697694),
(5036, 1, 188, 4322438766, 155332459),
(5037, 1, 180, 4322438766, 155332459),
(5038, 1, 50, 4322438766, 59463394),
(5039, 2, 131, 4322438766, 407321629),
(5040, 2, 119, 4322416309, 0),
(5041, 4, 79, 4322416309, 0),
(5042, 0, 215, 4322434209, 0),
(5043, 1, 22, 4322434209, 0),
(5044, 5, 214, 4322438766, 101779337),
(5045, 0, 63, 4322438766, 249651648),
(5046, 3, 10, 4322438766, 249651648),
(5047, 3, 42, 4322438766, 100758751),
(5048, 4, 214, 4322438766, 100758751),
(5049, 3, 38, 4322438766, 59463394),
(5050, 2, 65, 4322438766, 91364275),
(5051, 4, 29, 4322438766, 91364275),
(5052, 5, 23, 4322434209, 0),
(5053, 5, 21, 4322434209, 0),
(5054, 4, 3, 4322434209, 0),
(5055, 2, 265, 4322438766, 101779337),
(5056, 5, 22, 4322438766, 173971950),
(5057, 1, 67, 4322438766, 249651648),
(5058, 5, 38, 4322438766, 249651648),
(5059, 0, 216, 4322438766, 94923783),
(5060, 3, 29, 4322438766, 94923783),
(5061, 3, 56, 4322438766, 155332459),
(5062, 4, 42, 4322438766, 155332459),
(5063, 3, 23, 4322438766, 59463394),
(5064, 3, 125, 4322438766, 407321629),
(5065, 4, 117, 4322416309, 0),
(5066, 1, 11, 4322434209, 0),
(5067, 5, 127, 4322434209, 0),
(5068, 5, 2, 4322434209, 0),
(5069, 2, 96, 4322416309, 0),
(5070, 0, 52, 4322416309, 0),
(5071, 1, 100, 4322434209, 0),
(5072, 4, 27, 4322434209, 0),
(5073, 4, 94, 4322434209, 0),
(5074, 4, 149, 4322434209, 0),
(5075, 4, 92, 4322438766, 101779337),
(5076, 0, 1, 4322438766, 242697694),
(5077, 5, 188, 4322438766, 100758751),
(5078, 5, 57, 4322438766, 100758751),
(5079, 3, 60, 4322438766, 91364275),
(5080, 5, 23, 4322438766, 91364275),
(5081, 1, 170, 4322434209, 0),
(5082, 0, 164, 4322434209, 0),
(5083, 1, 98, 4322438766, 249651648),
(5084, 3, 188, 4322438766, 242697694),
(5085, 3, 131, 4322438766, 155332459),
(5086, 0, 218, 4322438766, 100758751),
(5087, 3, 23, 4322438766, 100758751),
(5088, 2, 100, 4322438766, 59463394),
(5089, 5, 102, 4322434209, 0),
(5090, 4, 152, 4322434209, 0),
(5091, 0, 61, 4322438766, 101779337),
(5092, 0, 43, 4322438766, 101779337),
(5093, 1, 174, 4322438766, 173971950),
(5094, 2, 90, 4322438766, 155332459),
(5095, 0, 100, 4322438766, 100758751),
(5096, 1, 108, 4322438766, 91364275),
(5097, 3, 38, 4322438766, 91364275),
(5098, 0, 61, 4322438766, 407321629),
(5099, 4, 279, 4322438766, 407321629),
(5100, 3, 36, 4322438766, 101779337),
(5101, 4, 23, 4322438766, 249651648),
(5102, 3, 4, 4322438766, 155332459),
(5103, 2, 36, 4322438766, 100758751),
(5104, 5, 60, 4322434209, 0),
(5105, 0, 31, 4322434209, 0),
(5106, 2, 244, 4322438766, 101779337),
(5107, 4, 259, 4322438766, 249651648),
(5108, 4, 4, 4322438766, 242697694),
(5109, 4, 267, 4322438766, 101779337),
(5110, 3, 86, 4322438766, 155332459),
(5111, 4, 94, 4322438766, 155332459),
(5112, 4, 60, 4322438766, 59463394),
(5113, 3, 14, 4322423713, 39234779),
(5114, 4, 75, 4322423713, 39234779),
(5115, 5, 20, 4322423713, 39234779),
(5116, 5, 51, 4322434209, 0),
(5117, 1, 29, 4322423713, 116147954),
(5118, 2, 20, 4322423713, 87645412),
(5119, 0, 29, 4322423713, 116420727),
(5120, 0, 10, 4322434209, 0),
(5121, 2, 38, 4322423713, 259168952),
(5122, 2, 50, 4322423713, 106500401),
(5123, 0, 50, 4322423713, 104940097),
(5124, 2, 94, 4322423713, 104940097),
(5125, 0, 254, 4322434209, 0),
(5126, 5, 218, 4322423713, 116420727),
(5127, 1, 73, 4322423713, 106500401),
(5128, 1, 63, 4322423713, 39234779),
(5129, 1, 92, 4322423713, 87645412),
(5130, 2, 116, 4322434209, 0),
(5131, 1, 57, 4322423713, 172641071),
(5132, 2, 170, 4322423713, 259168952),
(5133, 1, 50, 4322423713, 116147954),
(5134, 3, 236, 4322434209, 0),
(5135, 4, 141, 4322434209, 0),
(5136, 0, 252, 4322434209, 0),
(5137, 3, 24, 4322434209, 0),
(5138, 3, 13, 4322423713, 106500401),
(5139, 1, 108, 4322434209, 0),
(5140, 1, 100, 4322423713, 172641071),
(5141, 2, 8, 4322434209, 0),
(5142, 5, 69, 4322423713, 259168952),
(5143, 2, 73, 4322423713, 87645412),
(5144, 4, 147, 4322434209, 0),
(5145, 5, 9, 4322434209, 0),
(5146, 5, 56, 4322434209, 0),
(5147, 5, 86, 4322434209, 0),
(5148, 4, 0, 4322455822, 101779337),
(5149, 5, 0, 4322455822, 173971950),
(5150, 5, 0, 4322455822, 249651648),
(5151, 3, 0, 4322455822, 242697694),
(5152, 5, 0, 4322455822, 94923783),
(5153, 4, 0, 4322455822, 155332459),
(5154, 5, 0, 4322455822, 100758751),
(5155, 1, 0, 4322455822, 59463394),
(5156, 1, 0, 4322455822, 91364275),
(5157, 4, 0, 4322455822, 407321629),
(5158, 2, 58, 4322434209, 0),
(5159, 0, 55, 4322434209, 0),
(5160, 4, 77, 4322455822, 249651648),
(5161, 4, 237, 4322455822, 249651648),
(5162, 4, 182, 4322455822, 155332459),
(5163, 2, 44, 4322455822, 155332459),
(5164, 5, 181, 4322455822, 155332459),
(5165, 4, 29, 4322455822, 100758751),
(5166, 1, 216, 4322455822, 100758751),
(5167, 3, 11, 4322455822, 59463394),
(5168, 1, 182, 4322455822, 59463394),
(5169, 0, 36, 4322455822, 91364275),
(5170, 3, 16, 4322455822, 91364275),
(5171, 4, 13, 4322455822, 407321629),
(5172, 0, 44, 4322455822, 407321629),
(5173, 0, 39, 4322455822, 407321629),
(5174, 5, 69, 4322434209, 0),
(5175, 2, 112, 4322434209, 0),
(5176, 4, 38, 4322455822, 101779337),
(5177, 1, 16, 4322455822, 101779337),
(5178, 5, 29, 4322455822, 101779337),
(5179, 4, 75, 4322455822, 173971950),
(5180, 2, 237, 4322455822, 173971950),
(5181, 2, 241, 4322455822, 249651648),
(5182, 0, 182, 4322455822, 242697694),
(5183, 1, 44, 4322455822, 242697694),
(5184, 2, 39, 4322455822, 242697694),
(5185, 3, 237, 4322455822, 242697694),
(5186, 3, 29, 4322455822, 94923783),
(5187, 0, 241, 4322455822, 59463394),
(5188, 3, 16, 4322455822, 59463394),
(5189, 1, 44, 4322455822, 91364275),
(5190, 4, 79, 4322434209, 0),
(5191, 0, 244, 4322455822, 101779337),
(5192, 1, 44, 4322455822, 173971950),
(5193, 3, 20, 4322455822, 173971950),
(5194, 5, 39, 4322455822, 249651648),
(5195, 5, 29, 4322455822, 155332459),
(5196, 0, 34, 4322455822, 155332459),
(5197, 3, 77, 4322455822, 91364275),
(5198, 1, 39, 4322455822, 91364275),
(5199, 1, 216, 4322455822, 155332459),
(5200, 2, 244, 4322455822, 100758751),
(5201, 3, 34, 4322455822, 100758751),
(5202, 0, 237, 4322455822, 100758751),
(5203, 3, 41, 4322455822, 59463394),
(5204, 2, 77, 4322455822, 101779337),
(5205, 5, 214, 4322455822, 101779337),
(5206, 4, 14, 4322455822, 173971950),
(5207, 2, 41, 4322455822, 249651648),
(5208, 2, 56, 4322455822, 242697694),
(5209, 5, 34, 4322455822, 242697694),
(5210, 0, 42, 4322455822, 94923783),
(5211, 3, 180, 4322455822, 94923783),
(5212, 3, 34, 4322455822, 59463394),
(5213, 2, 29, 4322455822, 59463394),
(5214, 2, 11, 4322455822, 407321629),
(5215, 3, 73, 4322455822, 155332459),
(5216, 4, 26, 4322434209, 0),
(5217, 1, 2, 4322455822, 173971950),
(5218, 0, 29, 4322455822, 249651648),
(5219, 2, 36, 4322455822, 59463394),
(5220, 4, 261, 4322455822, 91364275),
(5221, 3, 56, 4322455822, 407321629),
(5222, 5, 34, 4322455822, 407321629),
(5223, 3, 34, 4322455822, 249651648),
(5224, 2, 36, 4322455822, 94923783),
(5225, 1, 39, 4322455822, 59463394),
(5226, 3, 29, 4322455822, 173971950),
(5227, 4, 2, 4322455822, 249651648),
(5228, 2, 214, 4322455822, 100758751),
(5229, 3, 36, 4322455822, 100758751),
(5230, 3, 2, 4322455822, 91364275),
(5231, 5, 29, 4322455822, 91364275),
(5232, 3, 216, 4322455822, 101779337),
(5233, 4, 125, 4322455822, 242697694),
(5234, 5, 188, 4322455822, 155332459),
(5235, 0, 63, 4322455822, 249651648),
(5236, 1, 216, 4322455822, 59463394),
(5237, 5, 36, 4322455822, 407321629),
(5238, 3, 63, 4322455822, 173971950),
(5239, 3, 216, 4322455822, 173971950),
(5240, 5, 38, 4322455822, 249651648),
(5241, 2, 29, 4322455822, 242697694),
(5242, 0, 188, 4322455822, 100758751),
(5243, 1, 42, 4322455822, 100758751),
(5244, 5, 57, 4322455822, 100758751),
(5245, 3, 125, 4322455822, 407321629),
(5246, 5, 19, 4322455822, 249651648),
(5247, 2, 31, 4322455822, 242697694),
(5248, 3, 27, 4322455822, 242697694),
(5249, 0, 1, 4322455822, 59463394),
(5250, 2, 63, 4322455822, 91364275),
(5251, 5, 216, 4322455822, 91364275),
(5252, 1, 178, 4322455822, 407321629),
(5253, 5, 36, 4322455822, 242697694),
(5254, 0, 29, 4322455822, 407321629),
(5255, 4, 4, 4322455822, 407321629),
(5256, 5, 10, 4322455822, 249651648),
(5257, 4, 59, 4322455822, 100758751),
(5258, 4, 50, 4322455822, 59463394),
(5259, 4, 185, 4322455822, 91364275),
(5260, 5, 67, 4322455822, 249651648),
(5261, 5, 23, 4322455822, 155332459),
(5262, 0, 50, 4322455822, 407321629),
(5263, 4, 23, 4322455822, 101779337),
(5264, 2, 5, 4322455822, 173971950),
(5265, 1, 261, 4322455822, 94923783),
(5266, 4, 23, 4322455822, 94923783),
(5267, 2, 100, 4322455822, 155332459),
(5268, 0, 38, 4322455822, 100758751),
(5269, 1, 218, 4322455822, 100758751),
(5270, 4, 232, 4322455822, 100758751),
(5271, 1, 90, 4322455822, 242697694),
(5272, 5, 214, 4322455822, 155332459),
(5273, 5, 67, 4322455822, 59463394),
(5274, 4, 94, 4322455822, 407321629),
(5275, 3, 123, 4322434209, 0),
(5276, 2, 152, 4322455822, 173971950),
(5277, 1, 98, 4322455822, 249651648),
(5278, 1, 22, 4322455822, 91364275),
(5279, 4, 102, 4322455822, 101779337),
(5280, 0, 218, 4322455822, 94923783),
(5281, 0, 218, 4322455822, 155332459),
(5282, 4, 53, 4322434209, 0),
(5283, 5, 252, 4322455822, 59463394),
(5284, 1, 170, 4322455822, 91364275),
(5285, 4, 81, 4322455822, 407321629),
(5286, 5, 52, 4322434209, 0),
(5287, 1, 188, 4322455822, 101779337),
(5288, 4, 6, 4322455822, 155332459),
(5289, 3, 56, 4322455822, 101779337),
(5290, 0, 210, 4322455822, 242697694),
(5291, 4, 42, 4322455822, 155332459),
(5292, 0, 190, 4322455822, 155332459),
(5293, 4, 156, 4322434209, 0),
(5294, 2, 249, 4322455822, 173971950),
(5295, 5, 21, 4322455822, 91364275),
(5296, 5, 67, 4322434209, 0),
(5297, 5, 257, 4322434209, 0),
(5298, 3, 110, 4322434209, 0),
(5299, 1, 257, 4322455822, 101779337),
(5300, 3, 69, 4322455822, 101779337),
(5301, 5, 259, 4322455822, 249651648),
(5302, 0, 21, 4322455822, 100758751),
(5303, 5, 0, 4322464323, 117786463),
(5304, 5, 0, 4322464323, 161963778),
(5305, 5, 0, 4322464323, 135748746),
(5306, 5, 0, 4322464323, 122441402),
(5307, 5, 0, 4322464323, 209657102),
(5308, 5, 0, 4322464323, 177953305),
(5309, 5, 0, 4322464323, 424116521),
(5310, 5, 0, 4322464323, 345072645),
(5311, 5, 0, 4322464323, 377672146),
(5312, 5, 0, 4322464323, 100788083),
(5313, 0, 36, 4322469210, 0),
(5314, 3, 38, 4322469210, 0),
(5315, 2, 108, 4322469210, 0),
(5316, 3, 79, 4322469210, 0),
(5317, 1, 180, 4322469210, 0),
(5318, 1, 244, 4322469210, 0),
(5319, 2, 116, 4322469210, 0),
(5320, 0, 63, 4322469210, 0),
(5321, 0, 102, 4322469210, 0),
(5322, 4, 236, 4322469210, 0),
(5323, 5, 77, 4322469210, 0),
(5324, 4, 90, 4322469210, 0),
(5325, 5, 0, 4322469210, 0),
(5326, 0, 182, 4322469210, 0),
(5327, 1, 214, 4322469210, 0),
(5328, 2, 1, 4322469210, 0),
(5329, 3, 127, 4322469210, 0),
(5330, 4, 27, 4322469210, 0),
(5331, 5, 16, 4322469210, 0),
(5332, 0, 42, 4322469210, 0),
(5333, 4, 50, 4322469210, 0),
(5334, 5, 34, 4322469210, 0),
(5335, 5, 21, 4322469210, 0),
(5336, 1, 263, 4322469210, 0),
(5337, 5, 75, 4322469210, 0),
(5338, 4, 166, 4322469210, 0),
(5339, 1, 152, 4322469210, 0),
(5340, 3, 170, 4322469210, 0),
(5341, 3, 24, 4322469210, 0),
(5342, 4, 254, 4322469210, 0),
(5343, 0, 232, 4322469210, 0),
(5344, 3, 100, 4322469210, 0),
(5345, 5, 60, 4322469210, 0),
(5346, 1, 98, 4322469210, 0),
(5347, 1, 23, 4322469210, 0),
(5348, 0, 151, 4322465280, 902238501),
(5349, 1, 131, 4322465280, 902238501),
(5350, 5, 73, 4322465280, 902238501),
(5351, 3, 63, 4322465280, 902238501),
(5352, 4, 21, 4322465280, 902238501),
(5353, 0, 29, 4322465280, 65480625),
(5354, 1, 42, 4322465280, 65480625),
(5355, 2, 34, 4322465280, 65480625),
(5356, 3, 92, 4322465280, 65480625),
(5357, 4, 181, 4322465280, 65480625),
(5358, 5, 182, 4322465280, 65480625),
(5359, 0, 48, 4322465280, 105675236),
(5360, 1, 1, 4322465280, 105675236),
(5361, 2, 81, 4322465280, 105675236),
(5362, 3, 0, 4322465280, 105675236),
(5363, 4, 194, 4322465280, 105675236),
(5364, 5, 11, 4322465280, 105675236),
(5365, 0, 63, 4322465280, 63886935),
(5366, 1, 98, 4322465280, 63886935),
(5367, 2, 225, 4322465280, 63886935),
(5368, 3, 40, 4322465280, 63886935),
(5369, 4, 194, 4322465280, 63886935),
(5370, 5, 185, 4322465280, 63886935),
(5371, 0, 42, 4322465280, 4473159),
(5372, 1, 1, 4322465280, 4473159),
(5373, 2, 65, 4322465280, 4473159),
(5374, 3, 34, 4322465280, 4473159),
(5375, 4, 102, 4322465280, 4473159),
(5376, 5, 214, 4322465280, 4473159),
(5377, 0, 214, 4322465280, 155715636),
(5378, 1, 232, 4322465280, 155715636),
(5379, 2, 178, 4322465280, 155715636),
(5380, 3, 108, 4322465280, 155715636),
(5381, 4, 23, 4322465280, 155715636),
(5382, 5, 100, 4322465280, 155715636),
(5383, 0, 166, 4322465280, 171932850),
(5384, 1, 63, 4322465280, 171932850),
(5385, 2, 36, 4322465280, 171932850),
(5386, 3, 0, 4322465280, 171932850),
(5387, 4, 108, 4322465280, 171932850),
(5388, 5, 123, 4322465280, 171932850),
(5389, 0, 269, 4322465280, 79156570),
(5390, 1, 0, 4322465280, 79156570),
(5391, 2, 11, 4322465280, 79156570),
(5392, 3, 121, 4322465280, 79156570),
(5393, 4, 48, 4322465280, 79156570),
(5394, 5, 119, 4322465280, 79156570),
(5395, 0, 16, 4322465280, 76562580),
(5396, 1, 121, 4322465280, 76562580),
(5397, 2, 0, 4322465280, 76562580),
(5398, 3, 102, 4322465280, 76562580),
(5399, 4, 214, 4322465280, 76562580),
(5400, 5, 181, 4322465280, 76562580),
(5401, 0, 214, 4322465280, 251602296),
(5402, 4, 0, 4322465280, 251602296),
(5403, 2, 11, 4322465280, 251602296),
(5404, 3, 181, 4322465280, 251602296),
(5405, 4, 218, 4322465280, 251602296),
(5406, 5, 174, 4322465280, 251602296),
(5407, 0, 34, 4322490932, 155332459),
(5408, 1, 181, 4322490932, 155332459),
(5409, 3, 44, 4322490932, 155332459),
(5410, 3, 29, 4322490932, 155332459),
(5411, 4, 182, 4322490932, 155332459),
(5412, 5, 237, 4322490932, 155332459),
(5413, 0, 29, 4322490932, 100758751),
(5414, 2, 237, 4322490932, 100758751),
(5415, 4, 244, 4322490932, 100758751),
(5416, 3, 36, 4322490932, 100758751),
(5417, 2, 42, 4322490932, 100758751),
(5418, 2, 0, 4322490932, 100758751),
(5419, 0, 77, 4322490932, 91364275),
(5420, 1, 25, 4322490932, 91364275),
(5421, 5, 0, 4322490932, 91364275),
(5422, 3, 16, 4322490932, 91364275),
(5423, 4, 77, 4322490932, 59463394),
(5424, 2, 216, 4322490932, 59463394),
(5425, 3, 16, 4322490932, 59463394),
(5426, 5, 29, 4322490932, 59463394),
(5427, 5, 73, 4322490932, 407321629),
(5428, 1, 39, 4322490932, 407321629),
(5429, 2, 44, 4322490932, 407321629),
(5430, 3, 216, 4322490932, 407321629),
(5431, 4, 36, 4322490932, 407321629),
(5432, 5, 29, 4322490932, 407321629),
(5433, 2, 0, 4322490932, 101779337),
(5434, 3, 34, 4322490932, 101779337),
(5435, 5, 180, 4322490932, 101779337),
(5436, 1, 75, 4322490932, 173971950),
(5437, 2, 2, 4322490932, 173971950),
(5438, 4, 182, 4322490932, 173971950),
(5439, 5, 0, 4322490932, 173971950),
(5440, 0, 29, 4322490932, 249651648),
(5441, 4, 77, 4322490932, 249651648),
(5442, 2, 16, 4322490932, 249651648),
(5443, 5, 39, 4322490932, 249651648),
(5444, 5, 0, 4322490932, 94923783),
(5445, 1, 216, 4322490932, 94923783),
(5446, 2, 36, 4322490932, 94923783),
(5447, 0, 43, 4322490932, 94923783),
(5448, 0, 20, 4322490932, 242697694),
(5449, 2, 180, 4322490932, 242697694),
(5450, 1, 39, 4322490932, 242697694),
(5451, 3, 237, 4322490932, 242697694),
(5452, 4, 216, 4322490932, 242697694),
(5453, 5, 0, 4322490932, 242697694),
(5454, 5, 57, 4322469210, 0),
(5455, 3, 43, 4322465280, 63886935),
(5456, 0, 0, 4322465280, 4473159),
(5457, 4, 277, 4322465280, 155715636),
(5458, 3, 129, 4322465280, 171932850),
(5459, 1, 23, 4322465280, 79156570),
(5460, 1, 0, 4322490932, 59463394),
(5461, 3, 0, 4322490932, 407321629),
(5462, 5, 0, 4322490932, 249651648),
(5463, 3, 29, 4322490932, 94923783),
(5464, 0, 77, 4322490932, 242697694),
(5465, 5, 42, 4322490932, 242697694),
(5466, 2, 61, 4322469210, 0),
(5467, 2, 117, 4322465280, 171932850),
(5468, 1, 108, 4322465280, 79156570),
(5469, 1, 223, 4322465280, 251602296),
(5470, 2, 42, 4322490932, 155332459),
(5471, 5, 73, 4322490932, 155332459),
(5472, 1, 214, 4322490932, 100758751),
(5473, 5, 188, 4322490932, 100758751),
(5474, 0, 265, 4322490932, 59463394),
(5475, 0, 41, 4322490932, 59463394),
(5476, 0, 50, 4322490932, 407321629),
(5477, 3, 147, 4322469210, 0),
(5478, 5, 257, 4322469210, 0),
(5479, 2, 218, 4322490932, 100758751),
(5480, 1, 65, 4322490932, 91364275),
(5481, 3, 57, 4322490932, 59463394),
(5482, 1, 178, 4322490932, 407321629),
(5483, 1, 188, 4322490932, 101779337),
(5484, 4, 29, 4322490932, 173971950),
(5485, 0, 180, 4322490932, 249651648),
(5486, 1, 188, 4322490932, 94923783),
(5487, 0, 218, 4322490932, 94923783),
(5488, 0, 20, 4322490932, 91364275),
(5489, 2, 240, 4322490932, 173971950),
(5490, 3, 63, 4322490932, 173971950),
(5491, 3, 57, 4322490932, 242697694),
(5492, 5, 56, 4322469210, 0),
(5493, 2, 180, 4322490932, 155332459),
(5494, 5, 69, 4322469210, 0),
(5495, 0, 59, 4322490932, 100758751),
(5496, 1, 100, 4322490932, 59463394),
(5497, 2, 60, 4322490932, 91364275),
(5498, 3, 29, 4322490932, 91364275),
(5499, 5, 8, 4322490932, 173971950),
(5500, 2, 8, 4322469210, 0),
(5501, 3, 36, 4322490932, 249651648),
(5502, 3, 131, 4322490932, 155332459),
(5503, 1, 29, 4322490932, 242697694),
(5504, 2, 232, 4322490932, 242697694),
(5505, 3, 261, 4322490932, 242697694),
(5506, 3, 180, 4322490932, 94923783),
(5507, 5, 58, 4322469210, 0),
(5508, 2, 129, 4322469210, 0),
(5509, 0, 232, 4322490932, 100758751),
(5510, 4, 21, 4322490932, 91364275),
(5511, 5, 23, 4322490932, 91364275),
(5512, 4, 1, 4322490932, 101779337),
(5513, 2, 168, 4322490932, 173971950),
(5514, 3, 55, 4322469210, 0),
(5515, 5, 38, 4322490932, 100758751),
(5516, 2, 54, 4322490932, 407321629),
(5517, 5, 103, 4322490932, 242697694),
(5518, 1, 9, 4322469210, 0),
(5519, 3, 158, 4322469210, 0),
(5520, 4, 3, 4322469210, 0),
(5521, 2, 121, 4322469210, 0),
(5522, 3, 123, 4322469210, 0),
(5523, 4, 149, 4322469210, 0),
(5524, 5, 19, 4322469210, 0),
(5525, 0, 53, 4322469210, 0),
(5526, 1, 119, 4322469210, 0),
(5527, 2, 51, 4322469210, 0),
(5528, 5, 259, 4322469210, 0),
(5529, 1, 18, 4322469210, 0),
(5530, 5, 0, 4322506717, 0),
(5531, 5, 0, 4322504031, 155332459),
(5532, 5, 0, 4322504031, 100758751),
(5533, 4, 0, 4322504031, 59463394),
(5534, 1, 0, 4322504031, 91364275),
(5535, 4, 0, 4322504031, 407321629),
(5536, 2, 0, 4322504031, 101779337),
(5537, 5, 0, 4322504031, 173971950),
(5538, 5, 0, 4322504031, 249651648),
(5539, 5, 0, 4322504031, 94923783),
(5540, 5, 0, 4322504031, 242697694),
(5541, 5, 42, 4322506717, 0),
(5542, 1, 188, 4322506717, 0),
(5543, 0, 44, 4322506717, 0),
(5544, 1, 39, 4322506717, 0),
(5545, 5, 16, 4322506717, 0),
(5546, 5, 34, 4322506717, 0),
(5547, 4, 14, 4322506717, 0),
(5548, 5, 20, 4322506717, 0),
(5549, 2, 182, 4322506717, 0),
(5550, 2, 181, 4322506717, 0),
(5551, 2, 15, 4322506717, 0),
(5552, 3, 11, 4322506717, 0),
(5553, 2, 38, 4322506717, 0),
(5554, 2, 29, 4322504031, 155332459),
(5555, 1, 38, 4322504031, 155332459),
(5556, 0, 29, 4322504031, 100758751),
(5557, 1, 237, 4322504031, 100758751),
(5558, 0, 20, 4322504031, 59463394),
(5559, 0, 237, 4322504031, 59463394),
(5560, 3, 16, 4322504031, 59463394),
(5561, 5, 14, 4322504031, 59463394),
(5562, 0, 77, 4322504031, 91364275),
(5563, 3, 16, 4322504031, 91364275),
(5564, 3, 44, 4322504031, 407321629),
(5565, 4, 39, 4322504031, 407321629),
(5566, 5, 182, 4322504031, 407321629),
(5567, 0, 237, 4322504031, 101779337),
(5568, 1, 39, 4322504031, 101779337),
(5569, 0, 182, 4322504031, 101779337),
(5570, 2, 216, 4322504031, 101779337),
(5571, 4, 44, 4322504031, 101779337),
(5572, 1, 16, 4322504031, 101779337),
(5573, 0, 182, 4322504031, 173971950),
(5574, 4, 14, 4322504031, 173971950),
(5575, 5, 20, 4322504031, 173971950),
(5576, 4, 77, 4322504031, 249651648),
(5577, 4, 237, 4322504031, 249651648),
(5578, 5, 42, 4322504031, 249651648),
(5579, 2, 39, 4322504031, 94923783),
(5580, 4, 216, 4322504031, 94923783),
(5581, 1, 13, 4322506717, 0),
(5582, 5, 42, 4322504031, 101779337),
(5583, 2, 44, 4322504031, 173971950),
(5584, 1, 237, 4322504031, 94923783),
(5585, 4, 20, 4322504031, 242697694),
(5586, 1, 44, 4322504031, 242697694),
(5587, 4, 39, 4322504031, 242697694),
(5588, 3, 216, 4322504031, 242697694),
(5589, 2, 237, 4322504031, 242697694),
(5590, 2, 77, 4322506717, 0),
(5591, 5, 0, 4322506198, 104352348),
(5592, 5, 0, 4322506198, 62559653),
(5593, 5, 0, 4322506198, 104242598),
(5594, 5, 0, 4322506198, 103149096),
(5595, 5, 0, 4322506198, 100696079),
(5596, 5, 0, 4322506198, 259168952),
(5597, 1, 0, 4322506198, 849695674),
(5598, 5, 0, 4322506198, 116420727),
(5599, 5, 0, 4322506198, 106500401),
(5600, 5, 0, 4322506198, 172641071),
(5601, 0, 11, 4322504031, 407321629),
(5602, 3, 34, 4322504031, 101779337),
(5603, 1, 11, 4322504031, 173971950),
(5604, 3, 216, 4322504031, 249651648),
(5605, 5, 39, 4322504031, 249651648),
(5606, 5, 75, 4322504031, 59463394),
(5607, 0, 44, 4322504031, 59463394),
(5608, 1, 44, 4322504031, 91364275),
(5609, 2, 39, 4322504031, 91364275),
(5610, 3, 29, 4322504031, 94923783),
(5611, 0, 36, 4322504031, 155332459),
(5612, 1, 244, 4322504031, 100758751),
(5613, 2, 36, 4322504031, 100758751),
(5614, 4, 42, 4322504031, 100758751),
(5615, 1, 39, 4322504031, 59463394),
(5616, 4, 25, 4322504031, 91364275),
(5617, 1, 36, 4322504031, 407321629),
(5618, 5, 29, 4322504031, 101779337),
(5619, 5, 75, 4322504031, 173971950),
(5620, 2, 41, 4322504031, 249651648),
(5621, 0, 42, 4322504031, 94923783),
(5622, 1, 6, 4322504031, 242697694),
(5623, 0, 244, 4322506717, 0),
(5624, 1, 73, 4322504031, 155332459),
(5625, 4, 75, 4322504031, 155332459),
(5626, 5, 216, 4322504031, 91364275),
(5627, 2, 29, 4322504031, 407321629),
(5628, 0, 29, 4322504031, 249651648),
(5629, 2, 43, 4322504031, 94923783),
(5630, 4, 75, 4322506717, 0),
(5631, 0, 29, 4322506717, 0),
(5632, 0, 36, 4322506717, 0),
(5633, 1, 73, 4322506717, 0),
(5634, 2, 29, 4322504031, 59463394),
(5635, 4, 73, 4322504031, 101779337),
(5636, 3, 36, 4322504031, 249651648),
(5637, 5, 38, 4322504031, 249651648),
(5638, 3, 180, 4322504031, 94923783),
(5639, 0, 241, 4322506717, 0),
(5640, 4, 20, 4322504031, 155332459),
(5641, 5, 14, 4322504031, 155332459),
(5642, 3, 60, 4322504031, 100758751),
(5643, 2, 63, 4322504031, 59463394),
(5644, 2, 29, 4322504031, 173971950),
(5645, 3, 2, 4322504031, 173971950),
(5646, 1, 190, 4322504031, 242697694),
(5647, 4, 94, 4322504031, 407321629),
(5648, 0, 40, 4322504031, 101779337),
(5649, 2, 265, 4322504031, 101779337),
(5650, 3, 36, 4322504031, 101779337),
(5651, 3, 63, 4322504031, 173971950),
(5652, 1, 40, 4322504031, 94923783),
(5653, 0, 29, 4322504031, 242697694),
(5654, 5, 25, 4322504031, 155332459),
(5655, 4, 218, 4322504031, 100758751),
(5656, 0, 216, 4322504031, 59463394),
(5657, 1, 22, 4322504031, 59463394),
(5658, 4, 65, 4322504031, 91364275),
(5659, 5, 214, 4322504031, 101779337),
(5660, 1, 23, 4322504031, 249651648),
(5661, 0, 17, 4322506717, 0),
(5662, 3, 182, 4322944973, 135878232),
(5663, 1, 44, 4322944973, 135878232),
(5664, 4, 11, 4322944973, 135878232),
(5665, 3, 0, 4322944973, 135878232),
(5666, 4, 39, 4322944973, 135878232),
(5667, 0, 44, 4322944973, 397462905),
(5668, 1, 39, 4322944973, 397462905),
(5669, 0, 34, 4322944973, 397462905),
(5670, 5, 0, 4322944973, 397462905),
(5671, 5, 77, 4322944973, 255219872),
(5672, 0, 0, 4322944973, 255219872),
(5673, 2, 15, 4322944973, 255219872),
(5674, 4, 20, 4322944973, 255219872),
(5675, 5, 16, 4322944973, 255219872),
(5676, 3, 0, 4322944973, 139876032),
(5677, 2, 44, 4322944973, 139876032),
(5678, 5, 29, 4322944973, 139876032),
(5679, 0, 29, 4322944973, 134276083),
(5680, 1, 44, 4322944973, 134276083),
(5681, 2, 216, 4322944973, 134276083),
(5682, 3, 182, 4322944973, 134276083),
(5683, 4, 0, 4322944973, 134276083),
(5684, 4, 11, 4322944973, 134276083),
(5685, 0, 216, 4322944973, 86727555),
(5686, 4, 0, 4322944973, 86727555),
(5687, 2, 44, 4322944973, 86727555),
(5688, 4, 16, 4322944973, 86727555),
(5689, 5, 34, 4322944973, 86727555),
(5690, 5, 16, 4322944973, 97590558),
(5691, 5, 44, 4322944973, 97590558),
(5692, 3, 182, 4322944973, 97590558),
(5693, 4, 11, 4322944973, 97590558),
(5694, 0, 44, 4322944973, 103735745),
(5695, 4, 182, 4322944973, 103735745),
(5696, 2, 34, 4322944973, 103735745),
(5697, 3, 16, 4322944973, 103735745),
(5698, 5, 216, 4322944973, 103735745),
(5699, 5, 0, 4322944973, 86698277),
(5700, 0, 11, 4322944973, 86698277),
(5701, 3, 182, 4322944973, 86698277),
(5702, 3, 216, 4322944973, 86698277),
(5703, 0, 44, 4322944973, 86799300),
(5704, 1, 11, 4322944973, 86799300),
(5705, 2, 34, 4322944973, 86799300),
(5706, 3, 182, 4322944973, 86799300),
(5707, 4, 181, 4322944973, 86799300),
(5708, 5, 16, 4322944973, 86799300),
(5709, 2, 16, 4322943034, 94049589),
(5710, 1, 44, 4322943034, 94049589),
(5711, 4, 39, 4322943034, 94049589),
(5712, 4, 0, 4322943034, 94049589),
(5713, 0, 182, 4322943034, 86785083),
(5714, 1, 39, 4322943034, 86785083),
(5715, 0, 0, 4322943034, 86785083),
(5716, 0, 11, 4322943034, 86785083),
(5717, 3, 36, 4322943034, 86785083),
(5718, 0, 28, 4322943034, 81852496),
(5719, 2, 77, 4322943034, 81852496),
(5720, 3, 237, 4322943034, 81852496),
(5721, 4, 36, 4322943034, 81852496),
(5722, 5, 29, 4322943034, 81852496),
(5723, 1, 16, 4322943034, 295697470),
(5724, 2, 237, 4322943034, 295697470),
(5725, 0, 44, 4322943034, 295697470),
(5726, 4, 39, 4322943034, 295697470),
(5727, 5, 41, 4322943034, 295697470),
(5728, 0, 29, 4322943034, 177411785),
(5729, 2, 75, 4322943034, 177411785),
(5730, 3, 44, 4322943034, 177411785);
INSERT INTO `matches_item_inventory` (`id`, `slot`, `item_id`, `match_id`, `player_id`) VALUES
(5731, 4, 36, 4322943034, 177411785),
(5732, 3, 0, 4322943034, 177411785),
(5733, 0, 34, 4322943034, 86715129),
(5734, 2, 218, 4322943034, 86715129),
(5735, 3, 29, 4322943034, 86715129),
(5736, 5, 44, 4322943034, 86715129),
(5737, 5, 0, 4322943034, 86715129),
(5738, 1, 188, 4322943034, 86715129),
(5739, 2, 0, 4322943034, 115141430),
(5740, 1, 265, 4322943034, 115141430),
(5741, 4, 77, 4322943034, 115141430),
(5742, 0, 44, 4322943034, 115141430),
(5743, 5, 16, 4322943034, 115141430),
(5744, 5, 0, 4322943034, 1296625),
(5745, 1, 182, 4322943034, 1296625),
(5746, 4, 44, 4322943034, 1296625),
(5747, 0, 39, 4322943034, 1296625),
(5748, 4, 29, 4322943034, 1296625),
(5749, 0, 178, 4322943034, 31818853),
(5750, 4, 0, 4322943034, 31818853),
(5751, 3, 44, 4322943034, 31818853),
(5752, 5, 182, 4322943034, 31818853),
(5753, 0, 29, 4322943034, 110583422),
(5754, 1, 34, 4322943034, 110583422),
(5755, 1, 75, 4322943034, 110583422),
(5756, 3, 182, 4322943034, 110583422),
(5757, 5, 11, 4322943034, 110583422),
(5758, 0, 232, 4322925572, 0),
(5759, 1, 100, 4322925572, 0),
(5760, 2, 108, 4322925572, 0),
(5761, 3, 119, 4322925572, 0),
(5762, 5, 180, 4322925572, 0),
(5763, 5, 41, 4322925572, 0),
(5764, 0, 90, 4322925572, 0),
(5765, 1, 242, 4322925572, 0),
(5766, 2, 60, 4322925572, 0),
(5767, 0, 73, 4322925572, 0),
(5768, 4, 1, 4322925572, 0),
(5769, 5, 214, 4322925572, 0),
(5770, 0, 263, 4322925572, 0),
(5771, 1, 254, 4322925572, 0),
(5772, 2, 63, 4322925572, 0),
(5773, 5, 0, 4322925572, 0),
(5774, 1, 40, 4322925572, 0),
(5775, 2, 77, 4322925572, 0),
(5776, 5, 125, 4322925572, 0),
(5777, 4, 56, 4322925572, 0),
(5778, 5, 127, 4322925572, 0),
(5779, 0, 50, 4322925572, 0),
(5780, 1, 154, 4322925572, 0),
(5781, 2, 174, 4322925572, 0),
(5782, 3, 143, 4322925572, 0),
(5783, 0, 75, 4322925572, 0),
(5784, 3, 6, 4322925572, 0),
(5785, 4, 189, 4322925572, 0),
(5786, 2, 23, 4322925572, 0),
(5787, 0, 28, 4322925572, 0),
(5788, 1, 9, 4322925572, 0),
(5789, 2, 14, 4322925572, 0),
(5790, 3, 129, 4322925572, 0),
(5791, 4, 27, 4322925572, 0),
(5792, 0, 29, 4322925572, 0),
(5793, 2, 168, 4322925572, 0),
(5794, 3, 2, 4322925572, 0),
(5795, 4, 184, 4322925572, 0),
(5796, 4, 152, 4322925572, 0),
(5797, 1, 22, 4322925572, 0),
(5798, 1, 88, 4322925572, 0),
(5799, 3, 25, 4322925572, 0),
(5800, 5, 0, 4322964160, 91654584),
(5801, 1, 0, 4322964160, 94281932),
(5802, 2, 0, 4322964160, 316217576),
(5803, 5, 0, 4322964160, 151771762),
(5804, 1, 0, 4322964160, 389022189),
(5805, 2, 0, 4322964160, 183286411),
(5806, 5, 0, 4322964160, 182528815),
(5807, 5, 0, 4322964160, 399231338),
(5808, 1, 0, 4322964160, 176227033),
(5809, 5, 0, 4322964160, 148177909),
(5810, 4, 34, 4322942001, 157054028),
(5811, 1, 182, 4322942001, 157054028),
(5812, 2, 29, 4322942001, 157054028),
(5813, 0, 218, 4322942001, 157054028),
(5814, 5, 188, 4322942001, 157054028),
(5815, 5, 38, 4322942001, 157054028),
(5816, 3, 29, 4322942001, 197737818),
(5817, 1, 39, 4322942001, 197737818),
(5818, 5, 77, 4322942001, 197737818),
(5819, 1, 261, 4322942001, 197737818),
(5820, 4, 41, 4322942001, 197737818),
(5821, 0, 29, 4322942001, 168798737),
(5822, 1, 94, 4322942001, 168798737),
(5823, 4, 11, 4322942001, 168798737),
(5824, 4, 13, 4322942001, 168798737),
(5825, 5, 88, 4322942001, 168798737),
(5826, 0, 29, 4322942001, 356343152),
(5827, 3, 36, 4322942001, 356343152),
(5828, 2, 11, 4322942001, 356343152),
(5829, 5, 75, 4322942001, 356343152),
(5830, 3, 182, 4322942001, 356343152),
(5831, 0, 16, 4322942001, 296514230),
(5832, 1, 34, 4322942001, 296514230),
(5833, 2, 244, 4322942001, 296514230),
(5834, 3, 15, 4322942001, 296514230),
(5835, 4, 42, 4322942001, 296514230),
(5836, 5, 29, 4322942001, 296514230),
(5837, 0, 11, 4322942001, 452376367),
(5838, 1, 63, 4322942001, 452376367),
(5839, 2, 34, 4322942001, 452376367),
(5840, 4, 0, 4322942001, 452376367),
(5841, 4, 182, 4322942001, 452376367),
(5842, 5, 75, 4322942001, 452376367),
(5843, 0, 178, 4322942001, 189398048),
(5844, 4, 36, 4322942001, 189398048),
(5845, 2, 11, 4322942001, 189398048),
(5846, 2, 182, 4322942001, 189398048),
(5847, 4, 31, 4322942001, 189398048),
(5848, 5, 73, 4322942001, 189398048),
(5849, 0, 43, 4322942001, 136700299),
(5850, 3, 265, 4322942001, 136700299),
(5851, 2, 29, 4322942001, 136700299),
(5852, 1, 38, 4322942001, 136700299),
(5853, 4, 0, 4322942001, 136700299),
(5854, 5, 34, 4322942001, 136700299),
(5855, 2, 0, 4322942001, 175538337),
(5856, 1, 34, 4322942001, 175538337),
(5857, 4, 244, 4322942001, 175538337),
(5858, 3, 182, 4322942001, 175538337),
(5859, 5, 29, 4322942001, 175538337),
(5860, 0, 63, 4322942001, 136683492),
(5861, 4, 36, 4322942001, 136683492),
(5862, 5, 11, 4322942001, 136683492),
(5863, 3, 16, 4322942001, 136683492),
(5864, 4, 182, 4322942001, 136683492),
(5865, 5, 216, 4322942001, 136683492),
(5866, 0, 44, 4322952595, 139406237),
(5867, 1, 39, 4322952595, 139406237),
(5868, 5, 16, 4322952595, 139406237),
(5869, 3, 240, 4322952595, 139406237),
(5870, 4, 29, 4322952595, 139406237),
(5871, 5, 75, 4322952595, 340198204),
(5872, 1, 237, 4322952595, 340198204),
(5873, 0, 44, 4322952595, 340198204),
(5874, 5, 0, 4322952595, 340198204),
(5875, 5, 14, 4322952595, 340198204),
(5876, 5, 241, 4322952595, 340198204),
(5877, 5, 29, 4322952595, 170569148),
(5878, 0, 44, 4322952595, 170569148),
(5879, 2, 39, 4322952595, 170569148),
(5880, 3, 0, 4322952595, 170569148),
(5881, 3, 44, 4322952595, 231622898),
(5882, 1, 182, 4322952595, 231622898),
(5883, 2, 11, 4322952595, 231622898),
(5884, 3, 16, 4322952595, 231622898),
(5885, 4, 216, 4322952595, 231622898),
(5886, 5, 0, 4322952595, 231622898),
(5887, 0, 44, 4322952595, 317849786),
(5888, 1, 216, 4322952595, 317849786),
(5889, 0, 34, 4322952595, 317849786),
(5890, 2, 0, 4322952595, 317849786),
(5891, 5, 182, 4322952595, 317849786),
(5892, 0, 44, 4322952595, 152122881),
(5893, 1, 39, 4322952595, 152122881),
(5894, 2, 216, 4322952595, 152122881),
(5895, 5, 0, 4322952595, 152122881),
(5896, 0, 44, 4322952595, 919910173),
(5897, 4, 0, 4322952595, 919910173),
(5898, 4, 38, 4322952595, 919910173),
(5899, 4, 216, 4322952595, 919910173),
(5900, 5, 182, 4322952595, 919910173),
(5901, 0, 16, 4322952595, 920747052),
(5902, 2, 44, 4322952595, 920747052),
(5903, 3, 20, 4322952595, 920747052),
(5904, 1, 39, 4322952595, 920747052),
(5905, 4, 0, 4322952595, 920747052),
(5906, 0, 39, 4322952595, 145399790),
(5907, 1, 241, 4322952595, 145399790),
(5908, 4, 0, 4322952595, 145399790),
(5909, 5, 75, 4322952595, 145399790),
(5910, 0, 44, 4322952595, 138154666),
(5911, 5, 0, 4322952595, 138154666),
(5912, 4, 182, 4322952595, 138154666),
(5913, 5, 75, 4322944973, 135878232),
(5914, 3, 29, 4322944973, 135878232),
(5915, 2, 44, 4322944973, 255219872),
(5916, 4, 29, 4322944973, 255219872),
(5917, 4, 42, 4322944973, 139876032),
(5918, 5, 214, 4322944973, 139876032),
(5919, 1, 4, 4322944973, 134276083),
(5920, 0, 36, 4322944973, 97590558),
(5921, 5, 0, 4322944973, 97590558),
(5922, 5, 75, 4322944973, 97590558),
(5923, 1, 0, 4322944973, 103735745),
(5924, 5, 44, 4322944973, 86698277),
(5925, 4, 94, 4322944973, 86698277),
(5926, 0, 218, 4322943034, 94049589),
(5927, 2, 29, 4322943034, 86785083),
(5928, 4, 0, 4322943034, 295697470),
(5929, 1, 36, 4322943034, 295697470),
(5930, 0, 63, 4322943034, 177411785),
(5931, 5, 38, 4322943034, 177411785),
(5932, 5, 244, 4322943034, 86715129),
(5933, 3, 214, 4322943034, 115141430),
(5934, 2, 180, 4322943034, 1296625),
(5935, 1, 44, 4322943034, 110583422),
(5936, 5, 0, 4322973482, 0),
(5937, 3, 0, 4322942001, 157054028),
(5938, 2, 0, 4322942001, 197737818),
(5939, 1, 39, 4322942001, 168798737),
(5940, 5, 81, 4322942001, 168798737),
(5941, 0, 63, 4322942001, 356343152),
(5942, 2, 38, 4322942001, 356343152),
(5943, 0, 77, 4322942001, 296514230),
(5944, 4, 214, 4322942001, 296514230),
(5945, 5, 0, 4322942001, 296514230),
(5946, 3, 36, 4322942001, 296514230),
(5947, 1, 131, 4322942001, 189398048),
(5948, 0, 214, 4322942001, 136700299),
(5949, 3, 42, 4322942001, 136700299),
(5950, 0, 13, 4322942001, 175538337),
(5951, 3, 94, 4322942001, 136683492),
(5952, 2, 34, 4322952595, 139406237),
(5953, 1, 34, 4322952595, 170569148),
(5954, 0, 29, 4322952595, 152122881),
(5955, 0, 39, 4322952595, 919910173),
(5956, 5, 34, 4322952595, 920747052),
(5957, 1, 216, 4322952595, 145399790),
(5958, 3, 20, 4322952595, 145399790),
(5959, 1, 34, 4322952595, 138154666),
(5960, 5, 18, 4322944973, 135878232),
(5961, 1, 240, 4322944973, 255219872),
(5962, 0, 50, 4322944973, 134276083),
(5963, 1, 34, 4322944973, 134276083),
(5964, 2, 73, 4322944973, 134276083),
(5965, 1, 43, 4322944973, 86727555),
(5966, 1, 38, 4322944973, 86727555),
(5967, 0, 29, 4322944973, 103735745),
(5968, 3, 39, 4322944973, 103735745),
(5969, 1, 25, 4322944973, 86698277),
(5970, 5, 29, 4322944973, 86799300),
(5971, 1, 73, 4322943034, 86785083),
(5972, 0, 15, 4322943034, 115141430),
(5973, 4, 20, 4322943034, 115141430),
(5974, 0, 63, 4322943034, 110583422),
(5975, 0, 237, 4322973482, 0),
(5976, 1, 39, 4322973482, 0),
(5977, 4, 15, 4322973482, 0),
(5978, 4, 20, 4322973482, 0),
(5979, 5, 241, 4322973482, 0),
(5980, 1, 44, 4322973482, 0),
(5981, 2, 182, 4322973482, 0),
(5982, 5, 11, 4322973482, 0),
(5983, 2, 38, 4322973482, 0),
(5984, 0, 42, 4322973482, 0),
(5985, 0, 188, 4322973482, 0),
(5986, 2, 14, 4322973482, 0),
(5987, 4, 16, 4322973482, 0),
(5988, 3, 35, 4322973482, 0),
(5989, 0, 43, 4322942001, 157054028),
(5990, 2, 29, 4322942001, 189398048),
(5991, 5, 88, 4322952595, 231622898),
(5992, 0, 29, 4322952595, 231622898),
(5993, 3, 29, 4322952595, 317849786),
(5994, 4, 29, 4322952595, 920747052),
(5995, 3, 29, 4322944973, 397462905),
(5996, 2, 34, 4322944973, 139876032),
(5997, 2, 38, 4322944973, 139876032),
(5998, 0, 188, 4322944973, 139876032),
(5999, 2, 42, 4322944973, 86727555),
(6000, 0, 106, 4322943034, 81852496),
(6001, 1, 29, 4322943034, 31818853),
(6002, 1, 38, 4322943034, 31818853),
(6003, 0, 42, 4322942001, 157054028),
(6004, 1, 190, 4322942001, 197737818),
(6005, 3, 38, 4322942001, 197737818),
(6006, 1, 0, 4322942001, 168798737),
(6007, 2, 36, 4322942001, 452376367),
(6008, 3, 5, 4322942001, 452376367),
(6009, 3, 180, 4322942001, 189398048),
(6010, 4, 42, 4322942001, 175538337),
(6011, 3, 81, 4322942001, 136683492),
(6012, 1, 20, 4322952595, 340198204),
(6013, 5, 216, 4322952595, 340198204),
(6014, 5, 77, 4322952595, 170569148),
(6015, 4, 34, 4322952595, 152122881),
(6016, 1, 29, 4322952595, 919910173),
(6017, 0, 29, 4322952595, 145399790),
(6018, 1, 36, 4322952595, 138154666),
(6019, 0, 63, 4322944973, 135878232),
(6020, 1, 187, 4322944973, 255219872),
(6021, 3, 244, 4322944973, 139876032),
(6022, 4, 26, 4322944973, 134276083),
(6023, 2, 29, 4322944973, 97590558),
(6024, 3, 42, 4322944973, 103735745),
(6025, 2, 36, 4322944973, 103735745),
(6026, 3, 13, 4322944973, 103735745),
(6027, 1, 164, 4322944973, 86698277),
(6028, 0, 63, 4322944973, 86799300),
(6029, 2, 36, 4322944973, 86799300),
(6030, 5, 38, 4322944973, 86799300),
(6031, 5, 29, 4322943034, 94049589),
(6032, 1, 241, 4322943034, 86785083),
(6033, 5, 50, 4322943034, 86785083),
(6034, 3, 94, 4322943034, 81852496),
(6035, 3, 92, 4322943034, 295697470),
(6036, 5, 170, 4322943034, 177411785),
(6037, 3, 214, 4322943034, 86715129),
(6038, 0, 188, 4322943034, 1296625),
(6039, 3, 180, 4322943034, 31818853),
(6040, 3, 81, 4322943034, 110583422),
(6041, 0, 77, 4322973482, 0),
(6042, 1, 13, 4322973482, 0),
(6043, 3, 34, 4322973482, 0),
(6044, 2, 75, 4322973482, 0),
(6045, 1, 38, 4322942001, 168798737),
(6046, 3, 178, 4322942001, 168798737),
(6047, 4, 170, 4322942001, 356343152),
(6048, 2, 57, 4322942001, 296514230),
(6049, 3, 188, 4322942001, 136700299),
(6050, 0, 73, 4322942001, 175538337),
(6051, 1, 36, 4322942001, 175538337),
(6052, 3, 92, 4322942001, 175538337),
(6053, 4, 0, 4322952595, 139406237),
(6054, 5, 36, 4322952595, 139406237),
(6055, 2, 187, 4322952595, 139406237),
(6056, 3, 17, 4322952595, 139406237),
(6057, 3, 25, 4322952595, 231622898),
(6058, 4, 38, 4322952595, 231622898),
(6059, 1, 265, 4322952595, 317849786),
(6060, 4, 218, 4322952595, 317849786),
(6061, 0, 178, 4322952595, 919910173),
(6062, 3, 75, 4322952595, 920747052),
(6063, 0, 63, 4322952595, 145399790),
(6064, 4, 26, 4322944973, 135878232),
(6065, 4, 38, 4322944973, 397462905),
(6066, 2, 43, 4322944973, 397462905),
(6067, 0, 28, 4322944973, 255219872),
(6068, 5, 17, 4322944973, 255219872),
(6069, 1, 57, 4322944973, 139876032),
(6070, 3, 81, 4322944973, 134276083),
(6071, 3, 218, 4322944973, 103735745),
(6072, 2, 29, 4322944973, 86698277),
(6073, 4, 29, 4322973482, 0),
(6074, 0, 1, 4322942001, 197737818),
(6075, 3, 152, 4322942001, 452376367),
(6076, 4, 38, 4322942001, 452376367),
(6077, 2, 218, 4322942001, 175538337),
(6078, 5, 28, 4322952595, 139406237),
(6079, 0, 50, 4322952595, 170569148),
(6080, 0, 50, 4322952595, 231622898),
(6081, 4, 43, 4322952595, 317849786),
(6082, 4, 240, 4322952595, 145399790),
(6083, 2, 172, 4322944973, 135878232),
(6084, 2, 218, 4322944973, 397462905),
(6085, 2, 188, 4322944973, 397462905),
(6086, 0, 29, 4322944973, 86727555),
(6087, 3, 244, 4322944973, 86727555),
(6088, 2, 63, 4322944973, 97590558),
(6089, 4, 38, 4322944973, 103735745),
(6090, 4, 34, 4322944973, 86698277),
(6091, 5, 75, 4322944973, 86799300),
(6092, 5, 180, 4322943034, 81852496),
(6093, 0, 94, 4322943034, 295697470),
(6094, 2, 88, 4322943034, 295697470),
(6095, 5, 154, 4322943034, 177411785),
(6096, 1, 43, 4322943034, 86715129),
(6097, 2, 36, 4322973482, 0),
(6098, 0, 73, 4322973482, 0),
(6099, 3, 261, 4322973482, 0),
(6100, 3, 265, 4322942001, 157054028),
(6101, 2, 162, 4322942001, 168798737),
(6102, 2, 236, 4322942001, 356343152),
(6103, 4, 43, 4322942001, 296514230),
(6104, 5, 188, 4322942001, 296514230),
(6105, 4, 67, 4322942001, 452376367),
(6106, 2, 31, 4322942001, 136700299),
(6107, 1, 244, 4322942001, 136700299),
(6108, 1, 1, 4322942001, 136683492),
(6109, 2, 29, 4322952595, 340198204),
(6110, 1, 180, 4322952595, 152122881),
(6111, 4, 94, 4322952595, 919910173),
(6112, 1, 63, 4322952595, 920747052),
(6113, 2, 8, 4322952595, 145399790),
(6114, 5, 29, 4322952595, 138154666),
(6115, 0, 106, 4322944973, 255219872),
(6116, 1, 36, 4322944973, 134276083),
(6117, 3, 125, 4322944973, 134276083),
(6118, 2, 218, 4322944973, 86727555),
(6119, 4, 27, 4322944973, 103735745),
(6120, 4, 0, 4322944973, 86799300),
(6121, 4, 188, 4322943034, 94049589),
(6122, 5, 38, 4322943034, 94049589),
(6123, 2, 1, 4322943034, 86785083),
(6124, 1, 42, 4322943034, 86715129),
(6125, 5, 20, 4322943034, 86715129),
(6126, 5, 23, 4322943034, 115141430),
(6127, 1, 94, 4322943034, 31818853),
(6128, 2, 34, 4322943034, 31818853),
(6129, 4, 86, 4322943034, 31818853),
(6130, 5, 168, 4322943034, 110583422),
(6131, 2, 92, 4322973482, 0),
(6132, 5, 18, 4322973482, 0),
(6133, 1, 28, 4322973482, 0),
(6134, 5, 244, 4322973482, 0),
(6135, 2, 23, 4322942001, 197737818),
(6136, 4, 252, 4322942001, 452376367),
(6137, 3, 129, 4322942001, 189398048),
(6138, 0, 106, 4322952595, 139406237),
(6139, 2, 63, 4322952595, 340198204),
(6140, 3, 75, 4322952595, 231622898),
(6141, 1, 42, 4322952595, 152122881),
(6142, 3, 188, 4322952595, 152122881),
(6143, 2, 25, 4322952595, 919910173),
(6144, 4, 168, 4322952595, 145399790),
(6145, 1, 92, 4322944973, 397462905),
(6146, 4, 180, 4322944973, 255219872),
(6147, 0, 23, 4322944973, 139876032),
(6148, 1, 188, 4322944973, 86727555),
(6149, 3, 81, 4322944973, 97590558),
(6150, 5, 178, 4322944973, 103735745),
(6151, 1, 36, 4322943034, 94049589),
(6152, 3, 10, 4322943034, 177411785),
(6153, 5, 259, 4322943034, 115141430),
(6154, 5, 265, 4322973482, 0),
(6155, 3, 63, 4322973482, 0),
(6156, 4, 12, 4322973482, 0),
(6157, 5, 17, 4322973482, 0),
(6158, 0, 4, 4322973482, 0),
(6159, 2, 104, 4322942001, 197737818),
(6160, 1, 210, 4322942001, 168798737),
(6161, 2, 232, 4322942001, 296514230),
(6162, 4, 218, 4322942001, 136700299),
(6163, 5, 50, 4322942001, 175538337),
(6164, 4, 180, 4322952595, 139406237),
(6165, 4, 26, 4322952595, 340198204),
(6166, 0, 36, 4322952595, 317849786),
(6167, 2, 38, 4322952595, 317849786),
(6168, 1, 1, 4322952595, 145399790),
(6169, 2, 42, 4322952595, 138154666),
(6170, 4, 4, 4322952595, 138154666),
(6171, 5, 42, 4322944973, 397462905),
(6172, 5, 242, 4322944973, 134276083),
(6173, 4, 36, 4322944973, 86698277),
(6174, 5, 265, 4322944973, 86698277),
(6175, 1, 67, 4322944973, 86799300),
(6176, 2, 12, 4322943034, 94049589),
(6177, 3, 79, 4322943034, 81852496),
(6178, 0, 81, 4322943034, 295697470),
(6179, 3, 117, 4322943034, 177411785),
(6180, 5, 73, 4322943034, 86715129),
(6181, 4, 13, 4322943034, 86715129),
(6182, 5, 180, 4322973482, 0),
(6183, 1, 185, 4322973482, 0),
(6184, 0, 50, 4322973482, 0),
(6185, 1, 116, 4322942001, 356343152),
(6186, 3, 121, 4322942001, 189398048),
(6187, 4, 125, 4322942001, 136683492),
(6188, 0, 172, 4322952595, 340198204),
(6189, 4, 81, 4322952595, 231622898),
(6190, 1, 92, 4322952595, 317849786),
(6191, 3, 164, 4322952595, 919910173),
(6192, 4, 22, 4322952595, 920747052),
(6193, 0, 50, 4322952595, 138154666),
(6194, 4, 100, 4322944973, 139876032),
(6195, 0, 214, 4322944973, 86727555),
(6196, 4, 117, 4322944973, 97590558),
(6197, 3, 0, 4322943034, 81852496),
(6198, 5, 231, 4322943034, 81852496),
(6199, 5, 277, 4322943034, 115141430),
(6200, 3, 1, 4322943034, 1296625),
(6201, 3, 231, 4322943034, 31818853),
(6202, 4, 88, 4322973482, 0),
(6203, 2, 201, 4322942001, 197737818),
(6204, 2, 43, 4322942001, 175538337),
(6205, 1, 40, 4322952595, 139406237),
(6206, 3, 79, 4322952595, 139406237),
(6207, 3, 188, 4322952595, 170569148),
(6208, 5, 18, 4322952595, 231622898),
(6209, 2, 73, 4322952595, 317849786),
(6210, 4, 42, 4322952595, 317849786),
(6211, 0, 36, 4322944973, 397462905),
(6212, 3, 86, 4322943034, 94049589),
(6213, 3, 241, 4322943034, 81852496),
(6214, 1, 52, 4322943034, 177411785),
(6215, 1, 8, 4322943034, 110583422),
(6216, 1, 21, 4322973482, 0),
(6217, 3, 41, 4322973482, 0),
(6218, 1, 182, 4322964160, 91654584),
(6219, 2, 44, 4322964160, 91654584),
(6220, 1, 237, 4322964160, 94281932),
(6221, 2, 241, 4322964160, 94281932),
(6222, 5, 77, 4322964160, 94281932),
(6223, 0, 44, 4322964160, 316217576),
(6224, 1, 39, 4322964160, 316217576),
(6225, 2, 15, 4322964160, 316217576),
(6226, 4, 16, 4322964160, 316217576),
(6227, 5, 216, 4322964160, 316217576),
(6228, 0, 44, 4322964160, 151771762),
(6229, 1, 39, 4322964160, 151771762),
(6230, 4, 216, 4322964160, 151771762),
(6231, 3, 182, 4322964160, 151771762),
(6232, 0, 44, 4322964160, 389022189),
(6233, 1, 39, 4322964160, 389022189),
(6234, 2, 182, 4322964160, 389022189),
(6235, 1, 241, 4322964160, 183286411),
(6236, 1, 16, 4322964160, 183286411),
(6237, 2, 216, 4322964160, 183286411),
(6238, 4, 14, 4322964160, 183286411),
(6239, 5, 20, 4322964160, 183286411),
(6240, 3, 44, 4322964160, 182528815),
(6241, 1, 39, 4322964160, 182528815),
(6242, 0, 16, 4322964160, 182528815),
(6243, 0, 44, 4322964160, 399231338),
(6244, 1, 39, 4322964160, 399231338),
(6245, 3, 216, 4322964160, 399231338),
(6246, 4, 182, 4322964160, 399231338),
(6247, 0, 44, 4322964160, 176227033),
(6248, 4, 181, 4322964160, 176227033),
(6249, 2, 182, 4322964160, 176227033),
(6250, 1, 42, 4322964160, 176227033),
(6251, 0, 182, 4322964160, 148177909),
(6252, 1, 44, 4322964160, 148177909),
(6253, 5, 16, 4322964160, 148177909),
(6254, 2, 102, 4322942001, 168798737),
(6255, 2, 263, 4322942001, 356343152),
(6256, 3, 249, 4322942001, 452376367),
(6257, 2, 242, 4322942001, 136683492),
(6258, 3, 236, 4322952595, 340198204),
(6259, 0, 1, 4322952595, 152122881),
(6260, 3, 86, 4322952595, 919910173),
(6261, 4, 170, 4322952595, 920747052),
(6262, 4, 170, 4322952595, 145399790),
(6263, 1, 139, 4322943034, 177411785),
(6264, 2, 116, 4322943034, 110583422),
(6265, 0, 86, 4322973482, 0),
(6266, 2, 6, 4322973482, 0),
(6267, 2, 34, 4322964160, 151771762),
(6268, 3, 11, 4322964160, 389022189),
(6269, 0, 39, 4322964160, 183286411),
(6270, 1, 90, 4322942001, 189398048),
(6271, 2, 254, 4322942001, 136700299),
(6272, 2, 61, 4322942001, 175538337),
(6273, 3, 92, 4322952595, 138154666),
(6274, 4, 116, 4322943034, 86785083),
(6275, 4, 51, 4322943034, 110583422),
(6276, 0, 44, 4322964160, 94281932),
(6277, 3, 216, 4322964160, 94281932),
(6278, 3, 20, 4322964160, 94281932),
(6279, 4, 20, 4322964160, 389022189),
(6280, 5, 14, 4322964160, 389022189),
(6281, 2, 11, 4322964160, 399231338),
(6282, 5, 11, 4322964160, 148177909),
(6283, 3, 231, 4322952595, 139406237),
(6284, 2, 57, 4322952595, 152122881),
(6285, 2, 79, 4322952595, 919910173),
(6286, 4, 154, 4322952595, 920747052),
(6287, 2, 147, 4322952595, 145399790),
(6288, 2, 218, 4322952595, 138154666),
(6289, 2, 88, 4322943034, 94049589),
(6290, 1, 94, 4322973482, 0),
(6291, 5, 25, 4322973482, 0),
(6292, 4, 77, 4322964160, 316217576),
(6293, 5, 36, 4322964160, 316217576),
(6294, 0, 29, 4322964160, 151771762),
(6295, 4, 75, 4322964160, 183286411),
(6296, 4, 34, 4322964160, 182528815),
(6297, 5, 29, 4322964160, 399231338),
(6298, 0, 29, 4322964160, 176227033),
(6299, 1, 1, 4322952595, 170569148),
(6300, 3, 37, 4322943034, 81852496),
(6301, 2, 269, 4322943034, 295697470),
(6302, 0, 116, 4322943034, 115141430),
(6303, 2, 44, 4322964160, 183286411),
(6304, 2, 218, 4322964160, 182528815),
(6305, 1, 36, 4322964160, 148177909),
(6306, 3, 116, 4322943034, 177411785),
(6307, 4, 135, 4322943034, 110583422),
(6308, 1, 236, 4322973482, 0),
(6309, 4, 2, 4322973482, 0),
(6310, 0, 29, 4322964160, 91654584),
(6311, 3, 29, 4322964160, 316217576),
(6312, 1, 41, 4322964160, 151771762),
(6313, 5, 75, 4322964160, 389022189),
(6314, 0, 42, 4322964160, 182528815),
(6315, 0, 50, 4322964160, 399231338),
(6316, 0, 79, 4322973482, 0),
(6317, 4, 39, 4322964160, 94281932),
(6318, 5, 265, 4322964160, 94281932),
(6319, 2, 26, 4322943034, 177411785),
(6320, 1, 56, 4322973482, 0),
(6321, 2, 42, 4322964160, 91654584),
(6322, 4, 29, 4322964160, 389022189),
(6323, 3, 38, 4322964160, 182528815),
(6324, 1, 34, 4322964160, 399231338),
(6325, 3, 75, 4322964160, 148177909),
(6326, 0, 43, 4322943034, 94049589),
(6327, 5, 57, 4322973482, 0),
(6328, 0, 151, 4322973482, 0),
(6329, 4, 188, 4322964160, 91654584),
(6330, 2, 216, 4322964160, 91654584),
(6331, 5, 39, 4322964160, 91654584),
(6332, 0, 21, 4322943034, 86785083),
(6333, 1, 117, 4322943034, 110583422),
(6334, 1, 131, 4322973482, 0),
(6335, 3, 41, 4322964160, 94281932),
(6336, 4, 25, 4322964160, 151771762),
(6337, 3, 31, 4322964160, 399231338),
(6338, 0, 180, 4322964160, 176227033),
(6339, 1, 58, 4322943034, 115141430),
(6340, 0, 42, 4322943034, 1296625),
(6341, 0, 17, 4322964160, 316217576),
(6342, 2, 28, 4322964160, 316217576),
(6343, 1, 241, 4322964160, 148177909),
(6344, 1, 96, 4322943034, 115141430),
(6345, 4, 59, 4322973482, 0),
(6346, 0, 29, 4322964160, 94281932),
(6347, 0, 36, 4322964160, 183286411),
(6348, 4, 42, 4322943034, 94049589),
(6349, 0, 36, 4322943034, 86715129),
(6350, 2, 19, 4322973482, 0),
(6351, 5, 29, 4322964160, 182528815),
(6352, 1, 188, 4322964160, 182528815),
(6353, 5, 56, 4322964160, 399231338),
(6354, 3, 34, 4322964160, 176227033),
(6355, 1, 37, 4322943034, 86715129),
(6356, 1, 229, 4322943034, 31818853),
(6357, 3, 279, 4322973482, 0),
(6358, 1, 27, 4322973482, 0),
(6359, 1, 218, 4322964160, 176227033),
(6360, 5, 188, 4322964160, 176227033),
(6361, 4, 51, 4322964160, 148177909),
(6362, 3, 8, 4322973482, 0),
(6363, 0, 50, 4322964160, 151771762),
(6364, 4, 50, 4322964160, 389022189),
(6365, 1, 29, 4322964160, 183286411),
(6366, 2, 244, 4322964160, 182528815),
(6367, 3, 3, 4322973482, 0),
(6368, 0, 180, 4322964160, 91654584),
(6369, 3, 131, 4322964160, 399231338),
(6370, 5, 38, 4322964160, 399231338),
(6371, 2, 218, 4322964160, 91654584),
(6372, 4, 16, 4322964160, 151771762),
(6373, 2, 2, 4322964160, 183286411),
(6374, 2, 31, 4322973482, 0),
(6375, 0, 127, 4322973482, 0),
(6376, 2, 232, 4322973482, 0),
(6377, 1, 1, 4322973482, 0),
(6378, 0, 48, 4322964160, 94281932),
(6379, 0, 106, 4322964160, 316217576),
(6380, 2, 22, 4322964160, 389022189),
(6381, 1, 36, 4322964160, 399231338),
(6382, 1, 27, 4322964160, 94281932),
(6383, 4, 13, 4322964160, 94281932),
(6384, 1, 25, 4322964160, 316217576),
(6385, 5, 23, 4322973482, 0),
(6386, 3, 38, 4322964160, 91654584),
(6387, 4, 178, 4322964160, 94281932),
(6388, 2, 145, 4322964160, 148177909),
(6389, 1, 63, 4322964160, 183286411),
(6390, 2, 43, 4322964160, 183286411),
(6391, 5, 38, 4322964160, 183286411),
(6392, 2, 214, 4322964160, 182528815),
(6393, 2, 170, 4322964160, 389022189),
(6394, 4, 29, 4322964160, 148177909),
(6395, 2, 269, 4322973482, 0),
(6396, 4, 100, 4322973482, 0),
(6397, 4, 0, 4323010596, 86727555),
(6398, 3, 0, 4323010596, 97590558),
(6399, 3, 0, 4323010596, 103735745),
(6400, 5, 0, 4323010596, 86698277),
(6401, 5, 0, 4323010596, 86799300),
(6402, 5, 0, 4323010596, 135878232),
(6403, 2, 0, 4323010596, 255219872),
(6404, 3, 0, 4323010596, 397462905),
(6405, 1, 0, 4323010596, 134276083),
(6406, 4, 0, 4323010596, 139876032),
(6407, 3, 149, 4322973482, 0),
(6408, 5, 61, 4322973482, 0),
(6409, 1, 90, 4322973482, 0),
(6410, 3, 67, 4322973482, 0),
(6411, 3, 0, 4323015668, 0),
(6412, 0, 42, 4323015668, 0),
(6413, 3, 188, 4323015668, 0),
(6414, 5, 0, 4323011914, 298360885),
(6415, 5, 0, 4323011914, 198455581),
(6416, 4, 0, 4323011914, 394879200),
(6417, 2, 0, 4323011914, 230617400),
(6418, 5, 0, 4323011914, 141010367),
(6419, 5, 0, 4323011914, 137895298),
(6420, 5, 0, 4323011914, 199222238),
(6421, 5, 0, 4323011914, 197849259),
(6422, 4, 0, 4323011914, 162077924),
(6423, 2, 0, 4323011914, 140680642),
(6424, 4, 15, 4323015668, 0),
(6425, 1, 44, 4323015668, 0),
(6426, 2, 38, 4323015668, 0),
(6427, 0, 39, 4323015668, 0),
(6428, 5, 12, 4323015668, 0),
(6429, 4, 16, 4323015668, 0),
(6430, 4, 182, 4323015668, 0),
(6431, 3, 34, 4323015668, 0),
(6432, 2, 11, 4323015668, 0),
(6433, 5, 241, 4323015668, 0),
(6434, 4, 244, 4323015668, 0),
(6435, 5, 181, 4323015668, 0),
(6436, 3, 88, 4323015668, 0),
(6437, 5, 29, 4323015668, 0),
(6438, 3, 261, 4323015668, 0),
(6439, 5, 0, 4323019019, 221743617),
(6440, 3, 0, 4323019019, 191458152),
(6441, 4, 0, 4323019019, 103296177),
(6442, 4, 0, 4323019019, 203732939),
(6443, 3, 0, 4323019019, 136178375),
(6444, 4, 0, 4323019019, 160371593),
(6445, 5, 0, 4323019019, 405693005),
(6446, 4, 0, 4323019019, 875883083),
(6447, 3, 0, 4323019019, 141833801),
(6448, 1, 0, 4323019019, 134683396),
(6449, 3, 0, 4323023582, 86715129),
(6450, 0, 0, 4323023582, 115141430),
(6451, 5, 0, 4323023582, 1296625),
(6452, 4, 0, 4323023582, 31818853),
(6453, 3, 0, 4323023582, 110583422),
(6454, 5, 0, 4323023582, 94049589),
(6455, 5, 0, 4323023582, 86785083),
(6456, 3, 0, 4323023582, 81852496),
(6457, 5, 0, 4323023582, 295697470),
(6458, 0, 0, 4323023582, 177411785),
(6459, 5, 36, 4323015668, 0),
(6460, 4, 25, 4323015668, 0),
(6461, 3, 185, 4323015668, 0),
(6462, 1, 39, 4323010596, 86727555),
(6463, 2, 44, 4323010596, 86727555),
(6464, 3, 216, 4323010596, 86727555),
(6465, 2, 43, 4323010596, 86727555),
(6466, 1, 44, 4323010596, 97590558),
(6467, 3, 16, 4323010596, 97590558),
(6468, 5, 182, 4323010596, 97590558),
(6469, 0, 44, 4323010596, 103735745),
(6470, 1, 39, 4323010596, 103735745),
(6471, 4, 16, 4323010596, 103735745),
(6472, 3, 182, 4323010596, 103735745),
(6473, 4, 216, 4323010596, 103735745),
(6474, 1, 44, 4323010596, 86698277),
(6475, 1, 39, 4323010596, 86698277),
(6476, 4, 182, 4323010596, 86698277),
(6477, 1, 16, 4323010596, 86698277),
(6478, 0, 241, 4323010596, 86799300),
(6479, 2, 16, 4323010596, 86799300),
(6480, 4, 20, 4323010596, 86799300),
(6481, 4, 15, 4323010596, 86799300),
(6482, 1, 182, 4323010596, 135878232),
(6483, 1, 44, 4323010596, 135878232),
(6484, 3, 16, 4323010596, 135878232),
(6485, 0, 16, 4323010596, 255219872),
(6486, 5, 241, 4323010596, 255219872),
(6487, 2, 237, 4323010596, 255219872),
(6488, 3, 182, 4323010596, 255219872),
(6489, 3, 11, 4323010596, 255219872),
(6490, 1, 44, 4323010596, 397462905),
(6491, 2, 39, 4323010596, 397462905),
(6492, 3, 216, 4323010596, 397462905),
(6493, 0, 39, 4323010596, 134276083),
(6494, 1, 44, 4323010596, 134276083),
(6495, 2, 43, 4323010596, 134276083),
(6496, 3, 182, 4323010596, 134276083),
(6497, 3, 44, 4323010596, 139876032),
(6498, 3, 216, 4323010596, 139876032),
(6499, 2, 42, 4323010596, 139876032),
(6500, 3, 39, 4323010596, 139876032),
(6501, 0, 38, 4323010596, 139876032),
(6502, 3, 75, 4323015668, 0),
(6503, 0, 4, 4323015668, 0),
(6504, 2, 214, 4323015668, 0),
(6505, 1, 50, 4323015668, 0),
(6506, 3, 237, 4323010596, 86799300),
(6507, 5, 18, 4323015668, 0),
(6508, 0, 63, 4323015668, 0),
(6509, 0, 44, 4323011914, 298360885),
(6510, 1, 39, 4323011914, 298360885),
(6511, 4, 182, 4323011914, 298360885),
(6512, 4, 15, 4323011914, 198455581),
(6513, 1, 44, 4323011914, 198455581),
(6514, 5, 39, 4323011914, 198455581),
(6515, 4, 216, 4323011914, 198455581),
(6516, 3, 16, 4323011914, 198455581),
(6517, 0, 182, 4323011914, 394879200),
(6518, 1, 216, 4323011914, 394879200),
(6519, 3, 44, 4323011914, 394879200),
(6520, 5, 39, 4323011914, 394879200),
(6521, 0, 241, 4323011914, 230617400),
(6522, 3, 16, 4323011914, 230617400),
(6523, 5, 75, 4323011914, 230617400),
(6524, 0, 44, 4323011914, 141010367),
(6525, 2, 216, 4323011914, 141010367),
(6526, 3, 182, 4323011914, 141010367),
(6527, 0, 241, 4323011914, 137895298),
(6528, 2, 15, 4323011914, 137895298),
(6529, 3, 20, 4323011914, 137895298),
(6530, 5, 16, 4323011914, 137895298),
(6531, 0, 44, 4323011914, 199222238),
(6532, 5, 182, 4323011914, 199222238),
(6533, 5, 16, 4323011914, 199222238),
(6534, 1, 44, 4323011914, 197849259),
(6535, 2, 39, 4323011914, 197849259),
(6536, 1, 182, 4323011914, 162077924),
(6537, 1, 44, 4323011914, 162077924),
(6538, 0, 44, 4323011914, 140680642),
(6539, 1, 39, 4323011914, 140680642),
(6540, 2, 16, 4323011914, 140680642),
(6541, 4, 216, 4323011914, 140680642),
(6542, 4, 16, 4323010596, 86727555),
(6543, 0, 34, 4323010596, 97590558),
(6544, 4, 11, 4323010596, 97590558),
(6545, 2, 34, 4323010596, 103735745),
(6546, 4, 11, 4323010596, 135878232),
(6547, 5, 11, 4323010596, 134276083),
(6548, 4, 1, 4323015668, 0),
(6549, 4, 20, 4323015668, 0),
(6550, 2, 11, 4323011914, 298360885),
(6551, 5, 44, 4323011914, 230617400),
(6552, 0, 29, 4323011914, 197849259),
(6553, 4, 11, 4323011914, 140680642),
(6554, 5, 34, 4323010596, 86727555),
(6555, 0, 11, 4323010596, 86698277),
(6556, 4, 77, 4323010596, 86799300),
(6557, 5, 39, 4323010596, 86799300),
(6558, 5, 34, 4323010596, 135878232),
(6559, 0, 34, 4323010596, 255219872),
(6560, 1, 39, 4323010596, 255219872),
(6561, 0, 34, 4323010596, 397462905),
(6562, 1, 42, 4323010596, 397462905),
(6563, 2, 34, 4323010596, 139876032),
(6564, 1, 34, 4323011914, 298360885),
(6565, 2, 34, 4323011914, 198455581),
(6566, 1, 20, 4323011914, 230617400),
(6567, 0, 14, 4323011914, 230617400),
(6568, 5, 77, 4323011914, 137895298),
(6569, 2, 11, 4323011914, 199222238),
(6570, 2, 29, 4323010596, 134276083),
(6571, 4, 73, 4323010596, 134276083),
(6572, 5, 22, 4323015668, 0),
(6573, 2, 180, 4323015668, 0),
(6574, 5, 27, 4323015668, 0),
(6575, 0, 29, 4323011914, 298360885),
(6576, 2, 11, 4323011914, 394879200),
(6577, 1, 34, 4323011914, 199222238),
(6578, 5, 26, 4323011914, 140680642),
(6579, 0, 29, 4323010596, 103735745),
(6580, 4, 73, 4323010596, 86698277),
(6581, 5, 244, 4323010596, 86698277),
(6582, 0, 44, 4323010596, 86799300),
(6583, 5, 216, 4323010596, 86799300),
(6584, 1, 241, 4323010596, 135878232),
(6585, 2, 36, 4323010596, 135878232),
(6586, 3, 14, 4323010596, 135878232),
(6587, 5, 41, 4323010596, 255219872),
(6588, 4, 29, 4323010596, 397462905),
(6589, 0, 29, 4323010596, 139876032),
(6590, 0, 94, 4323015668, 0),
(6591, 2, 265, 4323011914, 230617400),
(6592, 4, 29, 4323011914, 141010367),
(6593, 4, 20, 4323011914, 199222238),
(6594, 1, 36, 4323010596, 97590558),
(6595, 4, 75, 4323010596, 97590558),
(6596, 2, 29, 4323010596, 97590558),
(6597, 1, 42, 4323010596, 103735745),
(6598, 2, 29, 4323010596, 86698277),
(6599, 2, 36, 4323010596, 86799300),
(6600, 4, 29, 4323010596, 255219872),
(6601, 1, 188, 4323010596, 397462905),
(6602, 5, 178, 4323010596, 134276083),
(6603, 1, 25, 4323010596, 134276083),
(6604, 0, 43, 4323010596, 139876032),
(6605, 5, 214, 4323010596, 139876032),
(6606, 4, 16, 4323010596, 139876032),
(6607, 3, 19, 4323015668, 0),
(6608, 5, 3, 4323015668, 0),
(6609, 4, 92, 4323015668, 0),
(6610, 2, 0, 4323033399, 131380551),
(6611, 3, 0, 4323033399, 118233883),
(6612, 3, 0, 4323033399, 135673679),
(6613, 4, 0, 4323033399, 75390186),
(6614, 4, 0, 4323033399, 104963314),
(6615, 5, 0, 4323033399, 100895600),
(6616, 2, 0, 4323033399, 94762375),
(6617, 2, 0, 4323033399, 121833213),
(6618, 2, 0, 4323033399, 345803031),
(6619, 5, 0, 4323033399, 112531417),
(6620, 5, 25, 4323011914, 298360885),
(6621, 3, 77, 4323011914, 198455581),
(6622, 4, 34, 4323011914, 394879200),
(6623, 2, 42, 4323011914, 141010367),
(6624, 5, 41, 4323011914, 137895298),
(6625, 4, 29, 4323011914, 137895298),
(6626, 2, 244, 4323011914, 197849259),
(6627, 0, 29, 4323011914, 162077924),
(6628, 2, 218, 4323011914, 162077924),
(6629, 5, 81, 4323011914, 140680642),
(6630, 0, 44, 4323019019, 221743617),
(6631, 3, 20, 4323019019, 221743617),
(6632, 4, 16, 4323019019, 221743617),
(6633, 5, 14, 4323019019, 221743617),
(6634, 5, 241, 4323019019, 191458152),
(6635, 1, 237, 4323019019, 191458152),
(6636, 2, 14, 4323019019, 191458152),
(6637, 4, 20, 4323019019, 191458152),
(6638, 5, 16, 4323019019, 191458152),
(6639, 0, 44, 4323019019, 103296177),
(6640, 3, 182, 4323019019, 103296177),
(6641, 2, 39, 4323019019, 103296177),
(6642, 1, 216, 4323019019, 103296177),
(6643, 0, 182, 4323019019, 203732939),
(6644, 1, 44, 4323019019, 203732939),
(6645, 4, 216, 4323019019, 203732939),
(6646, 0, 44, 4323019019, 136178375),
(6647, 2, 38, 4323019019, 136178375),
(6648, 4, 216, 4323019019, 136178375),
(6649, 1, 43, 4323019019, 136178375),
(6650, 2, 216, 4323019019, 160371593),
(6651, 3, 44, 4323019019, 160371593),
(6652, 4, 39, 4323019019, 160371593),
(6653, 1, 44, 4323019019, 405693005),
(6654, 3, 237, 4323019019, 405693005),
(6655, 2, 16, 4323019019, 405693005),
(6656, 5, 20, 4323019019, 405693005),
(6657, 3, 15, 4323019019, 405693005),
(6658, 1, 241, 4323019019, 875883083),
(6659, 3, 11, 4323019019, 875883083),
(6660, 3, 182, 4323019019, 875883083),
(6661, 4, 16, 4323019019, 875883083),
(6662, 5, 13, 4323019019, 875883083),
(6663, 0, 182, 4323019019, 141833801),
(6664, 4, 39, 4323019019, 141833801),
(6665, 2, 44, 4323019019, 141833801),
(6666, 3, 216, 4323019019, 141833801),
(6667, 3, 38, 4323019019, 141833801),
(6668, 0, 182, 4323019019, 134683396),
(6669, 2, 16, 4323019019, 134683396),
(6670, 3, 44, 4323019019, 134683396),
(6671, 0, 29, 4323010596, 86727555),
(6672, 2, 63, 4323010596, 97590558),
(6673, 5, 178, 4323010596, 103735745),
(6674, 2, 265, 4323010596, 86799300),
(6675, 3, 29, 4323010596, 86799300),
(6676, 3, 75, 4323010596, 135878232),
(6677, 2, 50, 4323010596, 134276083),
(6678, 0, 216, 4323023582, 86715129),
(6679, 1, 44, 4323023582, 86715129),
(6680, 5, 182, 4323023582, 86715129),
(6681, 0, 182, 4323023582, 115141430),
(6682, 0, 38, 4323023582, 1296625),
(6683, 4, 39, 4323023582, 1296625),
(6684, 2, 44, 4323023582, 1296625),
(6685, 3, 216, 4323023582, 1296625),
(6686, 4, 43, 4323023582, 1296625),
(6687, 2, 216, 4323023582, 31818853),
(6688, 3, 44, 4323023582, 31818853),
(6689, 5, 39, 4323023582, 31818853),
(6690, 2, 182, 4323023582, 110583422),
(6691, 1, 16, 4323023582, 110583422),
(6692, 2, 237, 4323023582, 110583422),
(6693, 1, 11, 4323023582, 110583422),
(6694, 4, 216, 4323023582, 110583422),
(6695, 5, 241, 4323023582, 110583422),
(6696, 3, 216, 4323023582, 94049589),
(6697, 1, 44, 4323023582, 94049589),
(6698, 3, 16, 4323023582, 86785083),
(6699, 2, 44, 4323023582, 86785083),
(6700, 4, 39, 4323023582, 86785083),
(6701, 3, 240, 4323023582, 86785083),
(6702, 0, 44, 4323023582, 81852496),
(6703, 1, 216, 4323023582, 81852496),
(6704, 2, 182, 4323023582, 81852496),
(6705, 0, 181, 4323023582, 295697470),
(6706, 4, 16, 4323023582, 295697470),
(6707, 5, 44, 4323023582, 295697470),
(6708, 4, 241, 4323023582, 177411785),
(6709, 5, 14, 4323023582, 177411785),
(6710, 1, 237, 4323023582, 177411785),
(6711, 3, 16, 4323023582, 177411785),
(6712, 4, 20, 4323023582, 177411785),
(6713, 5, 40, 4323015668, 0),
(6714, 1, 170, 4323015668, 0),
(6715, 5, 31, 4323015668, 0),
(6716, 0, 50, 4323011914, 298360885),
(6717, 5, 75, 4323011914, 298360885),
(6718, 5, 38, 4323011914, 141010367),
(6719, 4, 75, 4323011914, 199222238),
(6720, 5, 2, 4323011914, 199222238),
(6721, 1, 178, 4323011914, 140680642),
(6722, 1, 39, 4323019019, 191458152),
(6723, 5, 75, 4323019019, 191458152),
(6724, 5, 11, 4323019019, 203732939),
(6725, 5, 34, 4323019019, 160371593),
(6726, 0, 44, 4323019019, 875883083),
(6727, 1, 11, 4323019019, 134683396),
(6728, 1, 34, 4323019019, 134683396),
(6729, 1, 29, 4323010596, 135878232),
(6730, 4, 50, 4323010596, 255219872),
(6731, 2, 36, 4323010596, 139876032),
(6732, 0, 39, 4323023582, 115141430),
(6733, 1, 44, 4323023582, 115141430),
(6734, 1, 34, 4323023582, 1296625),
(6735, 0, 11, 4323023582, 31818853),
(6736, 4, 11, 4323023582, 81852496),
(6737, 5, 75, 4323023582, 177411785),
(6738, 4, 43, 4323023582, 177411785),
(6739, 5, 28, 4323015668, 0),
(6740, 1, 149, 4323015668, 0),
(6741, 4, 127, 4323015668, 0),
(6742, 5, 61, 4323015668, 0),
(6743, 0, 81, 4323015668, 0),
(6744, 5, 0, 4323040700, 249274944),
(6745, 5, 0, 4323040700, 256396743),
(6746, 3, 12, 4323011914, 298360885),
(6747, 1, 29, 4323011914, 198455581),
(6748, 5, 188, 4323011914, 198455581),
(6749, 5, 180, 4323011914, 394879200),
(6750, 2, 18, 4323011914, 230617400),
(6751, 4, 265, 4323011914, 141010367),
(6752, 0, 63, 4323011914, 199222238),
(6753, 5, 214, 4323011914, 197849259),
(6754, 2, 34, 4323011914, 197849259),
(6755, 5, 29, 4323011914, 140680642),
(6756, 1, 34, 4323019019, 221743617),
(6757, 3, 216, 4323019019, 191458152),
(6758, 5, 73, 4323019019, 875883083),
(6759, 4, 188, 4323010596, 86727555),
(6760, 2, 36, 4323010596, 103735745),
(6761, 4, 38, 4323010596, 103735745),
(6762, 1, 34, 4323010596, 86698277),
(6763, 2, 50, 4323010596, 86698277),
(6764, 3, 180, 4323010596, 86799300),
(6765, 0, 63, 4323010596, 135878232),
(6766, 2, 257, 4323010596, 397462905),
(6767, 3, 38, 4323010596, 397462905),
(6768, 3, 218, 4323010596, 397462905),
(6769, 2, 11, 4323023582, 115141430),
(6770, 1, 44, 4323023582, 110583422),
(6771, 5, 75, 4323023582, 110583422),
(6772, 4, 34, 4323023582, 94049589),
(6773, 0, 29, 4323023582, 86785083),
(6774, 3, 29, 4323023582, 295697470),
(6775, 5, 254, 4323015668, 0),
(6776, 3, 88, 4323011914, 298360885),
(6777, 2, 31, 4323011914, 394879200),
(6778, 3, 63, 4323011914, 230617400),
(6779, 1, 218, 4323011914, 141010367),
(6780, 2, 20, 4323011914, 141010367),
(6781, 2, 190, 4323011914, 137895298),
(6782, 0, 44, 4323019019, 191458152),
(6783, 2, 29, 4323019019, 203732939),
(6784, 2, 36, 4323019019, 405693005),
(6785, 4, 77, 4323019019, 405693005),
(6786, 1, 34, 4323019019, 141833801),
(6787, 1, 218, 4323010596, 86727555),
(6788, 0, 170, 4323010596, 97590558),
(6789, 0, 36, 4323010596, 397462905),
(6790, 0, 265, 4323010596, 139876032),
(6791, 4, 29, 4323023582, 86715129),
(6792, 4, 29, 4323023582, 31818853),
(6793, 4, 36, 4323023582, 86785083),
(6794, 5, 29, 4323023582, 81852496),
(6795, 0, 216, 4323023582, 177411785),
(6796, 2, 36, 4323023582, 177411785),
(6797, 3, 11, 4323023582, 177411785),
(6798, 0, 44, 4323040700, 249274944),
(6799, 1, 216, 4323040700, 249274944),
(6800, 2, 11, 4323040700, 249274944),
(6801, 3, 182, 4323040700, 249274944),
(6802, 0, 181, 4323040700, 256396743),
(6803, 3, 237, 4323040700, 256396743),
(6804, 1, 15, 4323040700, 256396743),
(6805, 4, 16, 4323040700, 256396743),
(6806, 3, 57, 4323011914, 137895298),
(6807, 5, 56, 4323011914, 199222238),
(6808, 4, 59, 4323011914, 197849259),
(6809, 0, 214, 4323011914, 162077924),
(6810, 5, 38, 4323011914, 162077924),
(6811, 5, 188, 4323011914, 162077924),
(6812, 0, 34, 4323011914, 140680642),
(6813, 2, 50, 4323011914, 140680642),
(6814, 1, 36, 4323019019, 221743617),
(6815, 5, 75, 4323019019, 221743617),
(6816, 2, 29, 4323019019, 103296177),
(6817, 0, 29, 4323019019, 405693005),
(6818, 1, 29, 4323019019, 875883083),
(6819, 0, 39, 4323019019, 875883083),
(6820, 5, 75, 4323019019, 134683396),
(6821, 2, 42, 4323010596, 86727555),
(6822, 4, 73, 4323010596, 103735745),
(6823, 5, 232, 4323010596, 86799300),
(6824, 2, 185, 4323010596, 255219872),
(6825, 3, 92, 4323010596, 139876032),
(6826, 4, 34, 4323023582, 115141430),
(6827, 2, 29, 4323023582, 1296625),
(6828, 3, 13, 4323023582, 1296625),
(6829, 4, 20, 4323023582, 1296625),
(6830, 5, 42, 4323023582, 1296625),
(6831, 1, 88, 4323023582, 31818853),
(6832, 5, 94, 4323023582, 31818853),
(6833, 0, 29, 4323023582, 94049589),
(6834, 2, 16, 4323023582, 94049589),
(6835, 1, 12, 4323023582, 86785083),
(6836, 3, 13, 4323023582, 81852496),
(6837, 0, 29, 4323023582, 177411785),
(6838, 1, 2, 4323023582, 177411785),
(6839, 5, 17, 4323015668, 0),
(6840, 0, 79, 4323015668, 0),
(6841, 0, 92, 4323011914, 141010367),
(6842, 2, 43, 4323011914, 141010367),
(6843, 3, 36, 4323011914, 140680642),
(6844, 0, 29, 4323019019, 191458152),
(6845, 2, 265, 4323019019, 191458152),
(6846, 0, 34, 4323019019, 103296177),
(6847, 1, 56, 4323019019, 203732939),
(6848, 0, 218, 4323019019, 160371593),
(6849, 2, 38, 4323019019, 160371593),
(6850, 4, 29, 4323019019, 160371593),
(6851, 4, 13, 4323019019, 141833801),
(6852, 5, 29, 4323019019, 141833801),
(6853, 3, 214, 4323010596, 86799300),
(6854, 2, 13, 4323010596, 397462905),
(6855, 1, 244, 4323010596, 139876032),
(6856, 0, 42, 4323023582, 86715129),
(6857, 2, 188, 4323023582, 86715129),
(6858, 1, 88, 4323023582, 86785083),
(6859, 2, 94, 4323023582, 86785083),
(6860, 5, 180, 4323023582, 81852496),
(6861, 1, 36, 4323023582, 295697470),
(6862, 0, 63, 4323023582, 177411785),
(6863, 5, 21, 4323015668, 0),
(6864, 4, 267, 4323015668, 0),
(6865, 3, 81, 4323011914, 298360885),
(6866, 2, 36, 4323011914, 198455581),
(6867, 3, 38, 4323011914, 198455581),
(6868, 4, 214, 4323011914, 198455581),
(6869, 0, 236, 4323011914, 230617400),
(6870, 2, 188, 4323011914, 141010367),
(6871, 5, 69, 4323011914, 199222238),
(6872, 2, 20, 4323011914, 162077924),
(6873, 5, 13, 4323011914, 162077924),
(6874, 0, 38, 4323019019, 221743617),
(6875, 2, 180, 4323019019, 203732939),
(6876, 0, 43, 4323019019, 160371593),
(6877, 1, 216, 4323019019, 405693005),
(6878, 0, 41, 4323019019, 875883083),
(6879, 3, 20, 4323019019, 141833801),
(6880, 0, 147, 4323010596, 97590558),
(6881, 1, 81, 4323010596, 86698277),
(6882, 5, 81, 4323010596, 135878232),
(6883, 1, 43, 4323010596, 397462905),
(6884, 1, 65, 4323010596, 134276083),
(6885, 3, 29, 4323023582, 115141430),
(6886, 3, 73, 4323023582, 1296625),
(6887, 1, 81, 4323023582, 31818853),
(6888, 0, 63, 4323023582, 110583422),
(6889, 0, 214, 4323023582, 94049589),
(6890, 5, 42, 4323023582, 94049589),
(6891, 1, 81, 4323023582, 86785083),
(6892, 0, 178, 4323023582, 81852496),
(6893, 1, 102, 4323015668, 0),
(6894, 1, 154, 4323015668, 0),
(6895, 5, 60, 4323015668, 0),
(6896, 0, 41, 4323040700, 249274944),
(6897, 4, 73, 4323040700, 249274944),
(6898, 2, 77, 4323040700, 256396743),
(6899, 1, 131, 4323011914, 394879200),
(6900, 4, 36, 4323011914, 394879200),
(6901, 3, 57, 4323011914, 197849259),
(6902, 0, 1, 4323011914, 140680642),
(6903, 4, 63, 4323019019, 221743617),
(6904, 0, 50, 4323019019, 191458152),
(6905, 4, 16, 4323019019, 103296177),
(6906, 5, 188, 4323019019, 103296177),
(6907, 0, 125, 4323019019, 203732939),
(6908, 1, 34, 4323019019, 203732939),
(6909, 2, 42, 4323019019, 136178375),
(6910, 5, 29, 4323019019, 136178375),
(6911, 2, 265, 4323019019, 160371593),
(6912, 1, 214, 4323019019, 160371593),
(6913, 4, 36, 4323019019, 875883083),
(6914, 0, 29, 4323019019, 134683396),
(6915, 0, 214, 4323010596, 86727555),
(6916, 5, 24, 4323010596, 97590558),
(6917, 0, 63, 4323010596, 103735745),
(6918, 1, 21, 4323010596, 103735745),
(6919, 3, 36, 4323010596, 86698277),
(6920, 5, 21, 4323010596, 255219872),
(6921, 5, 73, 4323010596, 397462905),
(6922, 4, 57, 4323010596, 139876032),
(6923, 0, 56, 4323023582, 1296625),
(6924, 2, 34, 4323023582, 31818853),
(6925, 3, 36, 4323023582, 110583422),
(6926, 1, 170, 4323023582, 177411785),
(6927, 2, 174, 4323015668, 0),
(6928, 0, 8, 4323015668, 0),
(6929, 4, 7, 4323011914, 298360885),
(6930, 3, 43, 4323011914, 198455581),
(6931, 2, 23, 4323011914, 394879200),
(6932, 1, 215, 4323011914, 230617400),
(6933, 0, 1, 4323011914, 137895298),
(6934, 5, 38, 4323011914, 137895298),
(6935, 4, 232, 4323011914, 197849259),
(6936, 0, 38, 4323011914, 197849259),
(6937, 3, 73, 4323011914, 162077924),
(6938, 4, 43, 4323011914, 162077924),
(6939, 5, 257, 4323019019, 103296177),
(6940, 1, 244, 4323019019, 405693005),
(6941, 1, 63, 4323019019, 875883083),
(6942, 4, 73, 4323019019, 141833801),
(6943, 0, 63, 4323019019, 134683396),
(6944, 3, 117, 4323010596, 97590558),
(6945, 0, 1, 4323010596, 86799300),
(6946, 3, 162, 4323010596, 255219872),
(6947, 1, 4, 4323023582, 115141430),
(6948, 3, 180, 4323023582, 31818853),
(6949, 2, 61, 4323023582, 86785083),
(6950, 1, 265, 4323023582, 81852496),
(6951, 3, 36, 4323023582, 81852496),
(6952, 5, 24, 4323015668, 0),
(6953, 2, 231, 4323015668, 0),
(6954, 2, 145, 4323011914, 199222238),
(6955, 4, 162, 4323011914, 140680642),
(6956, 0, 7, 4323019019, 221743617),
(6957, 0, 242, 4323019019, 203732939),
(6958, 2, 218, 4323019019, 136178375),
(6959, 3, 73, 4323010596, 86727555),
(6960, 4, 38, 4323010596, 86727555),
(6961, 5, 36, 4323010596, 86727555),
(6962, 1, 218, 4323023582, 86715129),
(6963, 5, 73, 4323023582, 295697470),
(6964, 1, 147, 4323015668, 0),
(6965, 1, 58, 4323015668, 0),
(6966, 1, 141, 4323015668, 0),
(6967, 2, 23, 4323015668, 0),
(6968, 2, 16, 4323033399, 131380551),
(6969, 0, 44, 4323033399, 131380551),
(6970, 4, 237, 4323033399, 131380551),
(6971, 2, 38, 4323033399, 131380551),
(6972, 1, 182, 4323033399, 118233883),
(6973, 3, 44, 4323033399, 118233883),
(6974, 5, 16, 4323033399, 118233883),
(6975, 0, 42, 4323033399, 135673679),
(6976, 1, 237, 4323033399, 135673679),
(6977, 2, 16, 4323033399, 135673679),
(6978, 5, 44, 4323033399, 135673679),
(6979, 4, 20, 4323033399, 135673679),
(6980, 2, 39, 4323033399, 135673679),
(6981, 3, 29, 4323033399, 75390186),
(6982, 2, 38, 4323033399, 75390186),
(6983, 2, 241, 4323033399, 75390186),
(6984, 0, 20, 4323033399, 104963314),
(6985, 1, 15, 4323033399, 104963314),
(6986, 4, 241, 4323033399, 104963314),
(6987, 4, 16, 4323033399, 104963314),
(6988, 5, 237, 4323033399, 104963314),
(6989, 1, 20, 4323033399, 100895600),
(6990, 2, 237, 4323033399, 100895600),
(6991, 2, 44, 4323033399, 100895600),
(6992, 4, 14, 4323033399, 100895600),
(6993, 0, 241, 4323033399, 94762375),
(6994, 4, 16, 4323033399, 94762375),
(6995, 2, 20, 4323033399, 94762375),
(6996, 5, 34, 4323033399, 94762375),
(6997, 5, 15, 4323033399, 94762375),
(6998, 0, 182, 4323033399, 121833213),
(6999, 3, 216, 4323033399, 121833213),
(7000, 4, 44, 4323033399, 121833213),
(7001, 5, 237, 4323033399, 121833213),
(7002, 0, 44, 4323033399, 345803031),
(7003, 1, 39, 4323033399, 345803031),
(7004, 0, 38, 4323033399, 345803031),
(7005, 2, 216, 4323033399, 345803031),
(7006, 1, 44, 4323033399, 112531417),
(7007, 5, 182, 4323033399, 112531417),
(7008, 3, 216, 4323033399, 112531417),
(7009, 1, 1, 4323011914, 198455581),
(7010, 1, 152, 4323011914, 230617400),
(7011, 4, 31, 4323011914, 141010367),
(7012, 3, 100, 4323011914, 137895298),
(7013, 4, 42, 4323011914, 162077924),
(7014, 5, 4, 4323011914, 162077924),
(7015, 1, 81, 4323019019, 191458152),
(7016, 2, 36, 4323019019, 103296177),
(7017, 1, 42, 4323019019, 103296177),
(7018, 4, 265, 4323019019, 103296177),
(7019, 5, 214, 4323019019, 136178375),
(7020, 2, 42, 4323019019, 160371593),
(7021, 5, 25, 4323019019, 405693005),
(7022, 5, 160, 4323010596, 97590558),
(7023, 0, 1, 4323010596, 86698277),
(7024, 1, 51, 4323010596, 135878232),
(7025, 1, 210, 4323010596, 255219872),
(7026, 0, 1, 4323010596, 134276083),
(7027, 0, 59, 4323010596, 139876032),
(7028, 3, 50, 4323023582, 115141430),
(7029, 4, 69, 4323023582, 1296625),
(7030, 3, 92, 4323023582, 94049589),
(7031, 1, 147, 4323023582, 177411785),
(7032, 1, 106, 4323015668, 0),
(7033, 2, 116, 4323015668, 0),
(7034, 5, 42, 4323033399, 131380551),
(7035, 5, 257, 4323011914, 198455581),
(7036, 3, 170, 4323011914, 199222238),
(7037, 0, 40, 4323011914, 197849259),
(7038, 1, 257, 4323011914, 197849259),
(7039, 1, 187, 4323011914, 162077924),
(7040, 5, 40, 4323011914, 162077924),
(7041, 2, 166, 4323019019, 221743617),
(7042, 2, 117, 4323019019, 191458152),
(7043, 3, 27, 4323019019, 203732939),
(7044, 4, 31, 4323019019, 203732939),
(7045, 0, 34, 4323019019, 136178375),
(7046, 2, 188, 4323019019, 160371593),
(7047, 4, 170, 4323019019, 134683396),
(7048, 0, 232, 4323010596, 139876032),
(7049, 0, 34, 4323023582, 86715129),
(7050, 1, 75, 4323023582, 115141430),
(7051, 4, 38, 4323023582, 31818853),
(7052, 5, 79, 4323023582, 31818853),
(7053, 1, 36, 4323023582, 94049589),
(7054, 5, 38, 4323023582, 94049589),
(7055, 3, 56, 4323023582, 86785083),
(7056, 3, 180, 4323023582, 295697470),
(7057, 0, 34, 4323033399, 118233883),
(7058, 3, 44, 4323033399, 104963314),
(7059, 1, 39, 4323033399, 94762375),
(7060, 2, 11, 4323033399, 121833213),
(7061, 4, 34, 4323033399, 345803031),
(7062, 1, 34, 4323033399, 112531417),
(7063, 3, 100, 4323011914, 394879200),
(7064, 2, 254, 4323011914, 141010367),
(7065, 1, 104, 4323011914, 137895298),
(7066, 1, 215, 4323011914, 197849259),
(7067, 3, 170, 4323019019, 191458152),
(7068, 1, 92, 4323019019, 103296177),
(7069, 3, 131, 4323019019, 203732939),
(7070, 2, 40, 4323019019, 141833801),
(7071, 4, 147, 4323019019, 134683396),
(7072, 3, 52, 4323010596, 97590558),
(7073, 1, 116, 4323010596, 103735745),
(7074, 3, 218, 4323010596, 103735745),
(7075, 1, 104, 4323010596, 86799300),
(7076, 1, 174, 4323023582, 110583422),
(7077, 2, 242, 4323023582, 86785083),
(7078, 1, 100, 4323023582, 81852496),
(7079, 3, 52, 4323023582, 177411785),
(7080, 5, 43, 4323033399, 131380551),
(7081, 3, 34, 4323033399, 131380551),
(7082, 2, 36, 4323033399, 118233883),
(7083, 5, 39, 4323033399, 118233883),
(7084, 1, 34, 4323033399, 75390186),
(7085, 0, 77, 4323033399, 104963314),
(7086, 4, 216, 4323033399, 104963314),
(7087, 0, 241, 4323033399, 100895600),
(7088, 2, 77, 4323033399, 94762375),
(7089, 3, 29, 4323033399, 345803031),
(7090, 4, 39, 4323033399, 112531417),
(7091, 1, 42, 4323033399, 112531417),
(7092, 2, 29, 4323033399, 112531417),
(7093, 5, 59, 4323011914, 198455581),
(7094, 2, 60, 4323011914, 394879200),
(7095, 1, 254, 4323011914, 197849259),
(7096, 3, 40, 4323011914, 140680642),
(7097, 4, 17, 4323019019, 103296177),
(7098, 5, 244, 4323019019, 103296177),
(7099, 3, 162, 4323019019, 875883083),
(7100, 2, 185, 4323010596, 86727555),
(7101, 3, 139, 4323010596, 97590558),
(7102, 1, 201, 4323010596, 86799300),
(7103, 2, 188, 4323023582, 94049589),
(7104, 4, 43, 4323023582, 94049589),
(7105, 2, 94, 4323023582, 295697470),
(7106, 4, 86, 4323023582, 295697470),
(7107, 3, 139, 4323023582, 177411785),
(7108, 4, 117, 4323023582, 177411785),
(7109, 3, 143, 4323015668, 0),
(7110, 5, 56, 4323015668, 0),
(7111, 2, 108, 4323015668, 0),
(7112, 2, 39, 4323033399, 131380551),
(7113, 0, 11, 4323033399, 118233883),
(7114, 1, 34, 4323033399, 135673679),
(7115, 4, 261, 4323033399, 135673679),
(7116, 1, 41, 4323033399, 104963314),
(7117, 5, 75, 4323033399, 100895600),
(7118, 3, 29, 4323033399, 100895600),
(7119, 4, 73, 4323033399, 121833213),
(7120, 4, 178, 4323033399, 121833213),
(7121, 4, 166, 4323011914, 298360885),
(7122, 0, 40, 4323011914, 198455581),
(7123, 5, 232, 4323011914, 198455581),
(7124, 1, 201, 4323011914, 137895298),
(7125, 3, 147, 4323011914, 199222238),
(7126, 4, 210, 4323011914, 140680642),
(7127, 3, 154, 4323019019, 191458152),
(7128, 3, 90, 4323019019, 203732939),
(7129, 4, 38, 4323019019, 203732939),
(7130, 3, 23, 4323019019, 136178375),
(7131, 4, 188, 4323019019, 136178375),
(7132, 5, 65, 4323019019, 405693005),
(7133, 2, 210, 4323019019, 875883083),
(7134, 1, 43, 4323023582, 86715129),
(7135, 5, 252, 4323023582, 115141430),
(7136, 2, 170, 4323023582, 110583422),
(7137, 2, 125, 4323023582, 81852496),
(7138, 3, 208, 4323015668, 0),
(7139, 3, 69, 4323015668, 0),
(7140, 4, 36, 4323033399, 135673679),
(7141, 2, 36, 4323033399, 104963314),
(7142, 5, 29, 4323033399, 104963314),
(7143, 2, 216, 4323033399, 100895600),
(7144, 5, 265, 4323033399, 121833213),
(7145, 2, 218, 4323033399, 345803031),
(7146, 3, 265, 4323033399, 112531417),
(7147, 2, 108, 4323011914, 394879200),
(7148, 2, 116, 4323011914, 230617400),
(7149, 5, 40, 4323011914, 199222238),
(7150, 3, 43, 4323011914, 197849259),
(7151, 4, 86, 4323011914, 162077924),
(7152, 3, 9, 4323011914, 140680642),
(7153, 0, 29, 4323033399, 131380551),
(7154, 1, 75, 4323033399, 118233883),
(7155, 1, 38, 4323033399, 104963314);
INSERT INTO `matches_item_inventory` (`id`, `slot`, `item_id`, `match_id`, `player_id`) VALUES
(7156, 1, 41, 4323033399, 94762375),
(7157, 2, 265, 4323033399, 94762375),
(7158, 5, 27, 4323033399, 121833213),
(7159, 0, 42, 4323033399, 345803031),
(7160, 0, 116, 4323019019, 221743617),
(7161, 0, 94, 4323019019, 141833801),
(7162, 1, 36, 4323019019, 141833801),
(7163, 5, 226, 4323015668, 0),
(7164, 2, 190, 4323033399, 135673679),
(7165, 2, 92, 4323033399, 75390186),
(7166, 3, 188, 4323033399, 75390186),
(7167, 4, 244, 4323033399, 75390186),
(7168, 5, 28, 4323033399, 100895600),
(7169, 4, 29, 4323033399, 94762375),
(7170, 3, 180, 4323033399, 345803031),
(7171, 3, 188, 4323033399, 112531417),
(7172, 0, 63, 4323019019, 103296177),
(7173, 1, 102, 4323019019, 136178375),
(7174, 3, 40, 4323019019, 160371593),
(7175, 4, 38, 4323033399, 112531417),
(7176, 4, 20, 4323033399, 112531417),
(7177, 1, 116, 4323019019, 134683396),
(7178, 5, 0, 4323075408, 0),
(7179, 4, 36, 4323033399, 131380551),
(7180, 2, 265, 4323033399, 131380551),
(7181, 5, 214, 4323033399, 104963314),
(7182, 3, 92, 4323033399, 112531417),
(7183, 4, 79, 4323019019, 203732939),
(7184, 0, 44, 4323075408, 0),
(7185, 1, 39, 4323075408, 0),
(7186, 4, 182, 4323075408, 0),
(7187, 5, 13, 4323075408, 0),
(7188, 2, 14, 4323075408, 0),
(7189, 1, 20, 4323075408, 0),
(7190, 5, 11, 4323075408, 0),
(7191, 0, 188, 4323075408, 0),
(7192, 1, 38, 4323075408, 0),
(7193, 0, 42, 4323075408, 0),
(7194, 2, 15, 4323075408, 0),
(7195, 1, 29, 4323033399, 118233883),
(7196, 3, 244, 4323033399, 135673679),
(7197, 1, 56, 4323033399, 121833213),
(7198, 1, 79, 4323019019, 405693005),
(7199, 5, 50, 4323019019, 141833801),
(7200, 2, 36, 4323075408, 0),
(7201, 2, 16, 4323075408, 0),
(7202, 3, 244, 4323075408, 0),
(7203, 5, 218, 4323033399, 131380551),
(7204, 4, 36, 4323033399, 345803031),
(7205, 4, 21, 4323019019, 191458152),
(7206, 4, 63, 4323033399, 118233883),
(7207, 0, 29, 4323033399, 135673679),
(7208, 3, 131, 4323033399, 121833213),
(7209, 1, 218, 4323033399, 112531417),
(7210, 2, 36, 4323033399, 112531417),
(7211, 2, 158, 4323019019, 221743617),
(7212, 4, 116, 4323019019, 191458152),
(7213, 4, 61, 4323019019, 103296177),
(7214, 0, 180, 4323019019, 405693005),
(7215, 2, 75, 4323075408, 0),
(7216, 1, 257, 4323033399, 131380551),
(7217, 4, 57, 4323033399, 104963314),
(7218, 4, 48, 4323033399, 94762375),
(7219, 3, 34, 4323075408, 0),
(7220, 1, 188, 4323033399, 131380551),
(7221, 4, 232, 4323033399, 104963314),
(7222, 4, 106, 4323033399, 100895600),
(7223, 5, 27, 4323033399, 94762375),
(7224, 1, 29, 4323033399, 121833213),
(7225, 0, 214, 4323033399, 135673679),
(7226, 3, 265, 4323033399, 135673679),
(7227, 2, 43, 4323033399, 345803031),
(7228, 1, 73, 4323075408, 0),
(7229, 5, 39, 4323033399, 100895600),
(7230, 3, 178, 4323033399, 94762375),
(7231, 3, 170, 4323033399, 118233883),
(7232, 3, 73, 4323033399, 135673679),
(7233, 3, 61, 4323033399, 75390186),
(7234, 1, 180, 4323033399, 121833213),
(7235, 2, 57, 4323033399, 345803031),
(7236, 4, 214, 4323033399, 112531417),
(7237, 2, 265, 4323075408, 0),
(7238, 2, 29, 4323075408, 0),
(7239, 2, 18, 4323033399, 118233883),
(7240, 2, 65, 4323033399, 100895600),
(7241, 1, 77, 4323075408, 0),
(7242, 2, 236, 4323033399, 118233883),
(7243, 4, 4, 4323075408, 0),
(7244, 0, 1, 4323033399, 94762375),
(7245, 2, 57, 4323033399, 121833213),
(7246, 5, 232, 4323033399, 345803031),
(7247, 5, 25, 4323033399, 135673679),
(7248, 0, 267, 4323033399, 75390186),
(7249, 5, 65, 4323033399, 135673679),
(7250, 3, 50, 4323075408, 0),
(7251, 5, 180, 4323075408, 0),
(7252, 5, 8, 4323033399, 100895600),
(7253, 5, 59, 4323033399, 94762375),
(7254, 2, 100, 4323033399, 121833213),
(7255, 5, 244, 4323033399, 131380551),
(7256, 3, 1, 4323033399, 104963314),
(7257, 2, 188, 4323033399, 345803031),
(7258, 3, 214, 4323033399, 345803031),
(7259, 3, 232, 4323033399, 94762375),
(7260, 5, 257, 4323033399, 112531417),
(7261, 5, 166, 4323033399, 100895600),
(7262, 5, 17, 4323075408, 0),
(7263, 0, 261, 4323033399, 104963314),
(7264, 3, 214, 4323075408, 0),
(7265, 3, 0, 4323089918, 86727555),
(7266, 4, 0, 4323089918, 97590558),
(7267, 1, 0, 4323089918, 103735745),
(7268, 1, 0, 4323089918, 86698277),
(7269, 4, 0, 4323089918, 86799300),
(7270, 5, 0, 4323089918, 135878232),
(7271, 4, 0, 4323089918, 397462905),
(7272, 0, 0, 4323089918, 255219872),
(7273, 4, 0, 4323089918, 134276083),
(7274, 0, 0, 4323089918, 139876032),
(7275, 0, 116, 4323033399, 118233883),
(7276, 0, 214, 4323033399, 131380551),
(7277, 0, 48, 4323033399, 100895600),
(7278, 4, 60, 4323075408, 0),
(7279, 5, 92, 4323075408, 0),
(7280, 0, 69, 4323033399, 121833213),
(7281, 1, 31, 4323033399, 345803031),
(7282, 5, 1, 4323033399, 118233883),
(7283, 0, 104, 4323033399, 104963314),
(7284, 1, 254, 4323033399, 345803031),
(7285, 4, 244, 4323033399, 112531417),
(7286, 2, 21, 4323075408, 0),
(7287, 5, 236, 4323075408, 0),
(7288, 5, 0, 4323089703, 137895298),
(7289, 2, 0, 4323089703, 140680642),
(7290, 0, 0, 4323089703, 199222238),
(7291, 2, 0, 4323089703, 162077924),
(7292, 4, 0, 4323089703, 197849259),
(7293, 5, 0, 4323089703, 298360885),
(7294, 4, 0, 4323089703, 394879200),
(7295, 5, 0, 4323089703, 230617400),
(7296, 0, 0, 4323089703, 198455581),
(7297, 4, 0, 4323089703, 141010367),
(7298, 4, 9, 4323033399, 135673679),
(7299, 2, 108, 4323033399, 94762375),
(7300, 3, 63, 4323075408, 0),
(7301, 0, 201, 4323033399, 104963314),
(7302, 3, 55, 4323033399, 100895600),
(7303, 0, 121, 4323033399, 121833213),
(7304, 1, 0, 4323096230, 94049589),
(7305, 3, 0, 4323096230, 86785083),
(7306, 3, 0, 4323096230, 81852496),
(7307, 1, 0, 4323096230, 295697470),
(7308, 5, 0, 4323096230, 177411785),
(7309, 4, 0, 4323096230, 86715129),
(7310, 0, 0, 4323096230, 115141430),
(7311, 5, 0, 4323096230, 1296625),
(7312, 4, 0, 4323096230, 31818853),
(7313, 1, 0, 4323096230, 110583422),
(7314, 5, 31, 4323033399, 131380551),
(7315, 1, 119, 4323033399, 135673679),
(7316, 1, 158, 4323033399, 100895600),
(7317, 0, 61, 4323033399, 112531417),
(7318, 2, 22, 4323075408, 0),
(7319, 4, 18, 4323075408, 0),
(7320, 4, 0, 4323093994, 875883083),
(7321, 1, 0, 4323093994, 134683396),
(7322, 0, 0, 4323093994, 160371593),
(7323, 4, 0, 4323093994, 141833801),
(7324, 5, 0, 4323093994, 405693005),
(7325, 1, 0, 4323093994, 203732939),
(7326, 0, 0, 4323093994, 221743617),
(7327, 3, 0, 4323093994, 103296177),
(7328, 4, 0, 4323093994, 191458152),
(7329, 5, 0, 4323093994, 136178375),
(7330, 3, 147, 4323033399, 118233883),
(7331, 5, 117, 4323033399, 100895600),
(7332, 1, 43, 4323033399, 112531417),
(7333, 4, 54, 4323033399, 135673679),
(7334, 0, 203, 4323033399, 104963314),
(7335, 3, 149, 4323033399, 100895600),
(7336, 0, 267, 4323033399, 112531417),
(7337, 1, 170, 4323075408, 0),
(7338, 3, 102, 4323075408, 0),
(7339, 0, 40, 4323033399, 75390186),
(7340, 5, 1, 4323033399, 75390186),
(7341, 0, 204, 4323033399, 104963314),
(7342, 3, 141, 4323033399, 100895600),
(7343, 1, 116, 4323033399, 94762375),
(7344, 1, 48, 4323033399, 121833213),
(7345, 5, 226, 4323033399, 121833213),
(7346, 0, 1, 4323033399, 345803031),
(7347, 1, 31, 4323075408, 0),
(7348, 5, 12, 4323075408, 0),
(7349, 1, 52, 4323033399, 118233883),
(7350, 4, 137, 4323033399, 135673679),
(7351, 4, 60, 4323033399, 121833213),
(7352, 5, 28, 4323075408, 0),
(7353, 4, 27, 4323075408, 0),
(7354, 3, 40, 4323075408, 0),
(7355, 1, 139, 4323033399, 118233883),
(7356, 4, 182, 4323089918, 86727555),
(7357, 2, 44, 4323089918, 86727555),
(7358, 3, 39, 4323089918, 86727555),
(7359, 4, 216, 4323089918, 86727555),
(7360, 0, 16, 4323089918, 97590558),
(7361, 0, 241, 4323089918, 97590558),
(7362, 5, 14, 4323089918, 97590558),
(7363, 1, 20, 4323089918, 97590558),
(7364, 4, 237, 4323089918, 97590558),
(7365, 1, 44, 4323089918, 103735745),
(7366, 5, 39, 4323089918, 103735745),
(7367, 1, 44, 4323089918, 86698277),
(7368, 1, 39, 4323089918, 86698277),
(7369, 2, 13, 4323089918, 86698277),
(7370, 3, 216, 4323089918, 86698277),
(7371, 1, 16, 4323089918, 86698277),
(7372, 0, 44, 4323089918, 86799300),
(7373, 1, 237, 4323089918, 86799300),
(7374, 2, 20, 4323089918, 86799300),
(7375, 4, 216, 4323089918, 86799300),
(7376, 5, 16, 4323089918, 86799300),
(7377, 2, 182, 4323089918, 135878232),
(7378, 1, 44, 4323089918, 135878232),
(7379, 2, 16, 4323089918, 135878232),
(7380, 0, 44, 4323089918, 397462905),
(7381, 3, 39, 4323089918, 397462905),
(7382, 4, 216, 4323089918, 397462905),
(7383, 0, 16, 4323089918, 255219872),
(7384, 1, 241, 4323089918, 255219872),
(7385, 3, 20, 4323089918, 255219872),
(7386, 3, 15, 4323089918, 255219872),
(7387, 0, 44, 4323089918, 134276083),
(7388, 1, 42, 4323089918, 134276083),
(7389, 2, 20, 4323089918, 134276083),
(7390, 3, 15, 4323089918, 134276083),
(7391, 5, 16, 4323089918, 134276083),
(7392, 1, 244, 4323089918, 139876032),
(7393, 4, 43, 4323089918, 139876032),
(7394, 3, 39, 4323089918, 139876032),
(7395, 2, 44, 4323089918, 139876032),
(7396, 5, 38, 4323089918, 139876032),
(7397, 3, 254, 4323033399, 131380551),
(7398, 5, 30, 4323033399, 135673679),
(7399, 0, 29, 4323089918, 103735745),
(7400, 4, 11, 4323089918, 135878232),
(7401, 1, 23, 4323075408, 0),
(7402, 2, 61, 4323075408, 0),
(7403, 3, 90, 4323075408, 0),
(7404, 5, 88, 4323075408, 0),
(7405, 0, 43, 4323089703, 137895298),
(7406, 2, 14, 4323089703, 137895298),
(7407, 3, 20, 4323089703, 137895298),
(7408, 5, 16, 4323089703, 137895298),
(7409, 0, 44, 4323089703, 140680642),
(7410, 1, 39, 4323089703, 140680642),
(7411, 3, 216, 4323089703, 140680642),
(7412, 5, 182, 4323089703, 140680642),
(7413, 0, 44, 4323089703, 199222238),
(7414, 5, 182, 4323089703, 199222238),
(7415, 5, 16, 4323089703, 199222238),
(7416, 3, 43, 4323089703, 162077924),
(7417, 2, 44, 4323089703, 162077924),
(7418, 1, 216, 4323089703, 162077924),
(7419, 3, 16, 4323089703, 162077924),
(7420, 1, 38, 4323089703, 162077924),
(7421, 0, 39, 4323089703, 197849259),
(7422, 1, 42, 4323089703, 197849259),
(7423, 1, 44, 4323089703, 197849259),
(7424, 3, 15, 4323089703, 197849259),
(7425, 5, 16, 4323089703, 197849259),
(7426, 3, 44, 4323089703, 298360885),
(7427, 1, 39, 4323089703, 298360885),
(7428, 5, 182, 4323089703, 298360885),
(7429, 0, 182, 4323089703, 394879200),
(7430, 4, 216, 4323089703, 394879200),
(7431, 4, 44, 4323089703, 394879200),
(7432, 5, 39, 4323089703, 394879200),
(7433, 0, 241, 4323089703, 230617400),
(7434, 2, 16, 4323089703, 230617400),
(7435, 4, 75, 4323089703, 230617400),
(7436, 5, 244, 4323089703, 198455581),
(7437, 1, 44, 4323089703, 198455581),
(7438, 4, 216, 4323089703, 198455581),
(7439, 1, 44, 4323089703, 141010367),
(7440, 1, 42, 4323089703, 141010367),
(7441, 2, 216, 4323089703, 141010367),
(7442, 5, 182, 4323089703, 141010367),
(7443, 0, 218, 4323093994, 160371593),
(7444, 2, 216, 4323093994, 160371593),
(7445, 3, 44, 4323093994, 160371593),
(7446, 4, 39, 4323093994, 160371593),
(7447, 3, 218, 4323093994, 141833801),
(7448, 3, 39, 4323093994, 141833801),
(7449, 2, 44, 4323093994, 141833801),
(7450, 3, 237, 4323093994, 141833801),
(7451, 3, 16, 4323093994, 141833801),
(7452, 5, 182, 4323093994, 405693005),
(7453, 5, 11, 4323093994, 405693005),
(7454, 2, 16, 4323093994, 405693005),
(7455, 3, 13, 4323093994, 405693005),
(7456, 5, 241, 4323093994, 405693005),
(7457, 0, 20, 4323093994, 203732939),
(7458, 2, 16, 4323093994, 203732939),
(7459, 3, 44, 4323093994, 203732939),
(7460, 1, 39, 4323093994, 203732939),
(7461, 0, 44, 4323093994, 103296177),
(7462, 3, 20, 4323093994, 103296177),
(7463, 3, 43, 4323093994, 103296177),
(7464, 1, 216, 4323093994, 103296177),
(7465, 1, 241, 4323093994, 191458152),
(7466, 2, 13, 4323093994, 191458152),
(7467, 5, 182, 4323093994, 191458152),
(7468, 4, 11, 4323093994, 191458152),
(7469, 5, 16, 4323093994, 191458152),
(7470, 4, 44, 4323093994, 136178375),
(7471, 2, 216, 4323093994, 136178375),
(7472, 5, 182, 4323093994, 136178375),
(7473, 0, 180, 4323033399, 75390186),
(7474, 3, 9, 4323033399, 75390186),
(7475, 1, 43, 4323089918, 86727555),
(7476, 1, 44, 4323089918, 97590558),
(7477, 5, 75, 4323089918, 97590558),
(7478, 2, 34, 4323089918, 103735745),
(7479, 0, 11, 4323089918, 86698277),
(7480, 3, 36, 4323089918, 86799300),
(7481, 5, 77, 4323089918, 255219872),
(7482, 3, 11, 4323089703, 298360885),
(7483, 0, 44, 4323093994, 875883083),
(7484, 1, 20, 4323093994, 875883083),
(7485, 3, 16, 4323093994, 875883083),
(7486, 5, 14, 4323093994, 875883083),
(7487, 5, 182, 4323093994, 134683396),
(7488, 0, 216, 4323093994, 134683396),
(7489, 2, 16, 4323093994, 134683396),
(7490, 3, 44, 4323093994, 134683396),
(7491, 3, 43, 4323093994, 141833801),
(7492, 0, 44, 4323093994, 221743617),
(7493, 5, 16, 4323093994, 221743617),
(7494, 5, 182, 4323093994, 221743617),
(7495, 2, 16, 4323093994, 103296177),
(7496, 3, 43, 4323093994, 136178375),
(7497, 2, 96, 4323033399, 118233883),
(7498, 1, 96, 4323033399, 104963314),
(7499, 5, 116, 4323033399, 100895600),
(7500, 5, 0, 4323117912, 0),
(7501, 0, 39, 4323089918, 97590558),
(7502, 4, 11, 4323089918, 97590558),
(7503, 5, 34, 4323089918, 86698277),
(7504, 3, 75, 4323089918, 135878232),
(7505, 1, 44, 4323089918, 255219872),
(7506, 1, 44, 4323096230, 94049589),
(7507, 2, 39, 4323096230, 94049589),
(7508, 4, 43, 4323096230, 94049589),
(7509, 3, 216, 4323096230, 94049589),
(7510, 0, 15, 4323096230, 86785083),
(7511, 5, 16, 4323096230, 86785083),
(7512, 3, 44, 4323096230, 86785083),
(7513, 3, 39, 4323096230, 86785083),
(7514, 4, 237, 4323096230, 86785083),
(7515, 0, 44, 4323096230, 81852496),
(7516, 1, 39, 4323096230, 81852496),
(7517, 2, 182, 4323096230, 81852496),
(7518, 3, 42, 4323096230, 81852496),
(7519, 0, 182, 4323096230, 295697470),
(7520, 1, 216, 4323096230, 295697470),
(7521, 2, 44, 4323096230, 295697470),
(7522, 3, 39, 4323096230, 295697470),
(7523, 3, 241, 4323096230, 177411785),
(7524, 4, 14, 4323096230, 177411785),
(7525, 3, 20, 4323096230, 177411785),
(7526, 3, 16, 4323096230, 177411785),
(7527, 5, 237, 4323096230, 177411785),
(7528, 1, 44, 4323096230, 86715129),
(7529, 2, 39, 4323096230, 86715129),
(7530, 3, 216, 4323096230, 86715129),
(7531, 0, 44, 4323096230, 115141430),
(7532, 3, 16, 4323096230, 115141430),
(7533, 2, 20, 4323096230, 115141430),
(7534, 5, 14, 4323096230, 115141430),
(7535, 0, 216, 4323096230, 1296625),
(7536, 3, 39, 4323096230, 1296625),
(7537, 2, 44, 4323096230, 1296625),
(7538, 3, 237, 4323096230, 1296625),
(7539, 4, 20, 4323096230, 1296625),
(7540, 1, 182, 4323096230, 31818853),
(7541, 2, 16, 4323096230, 31818853),
(7542, 3, 44, 4323096230, 31818853),
(7543, 4, 39, 4323096230, 31818853),
(7544, 4, 182, 4323096230, 110583422),
(7545, 2, 11, 4323096230, 110583422),
(7546, 2, 237, 4323096230, 110583422),
(7547, 3, 16, 4323096230, 110583422),
(7548, 4, 42, 4323096230, 110583422),
(7549, 5, 241, 4323096230, 110583422),
(7550, 0, 241, 4323089703, 137895298),
(7551, 1, 75, 4323089703, 137895298),
(7552, 0, 44, 4323089703, 137895298),
(7553, 1, 39, 4323089703, 137895298),
(7554, 4, 11, 4323089703, 140680642),
(7555, 2, 11, 4323089703, 199222238),
(7556, 2, 34, 4323089703, 298360885),
(7557, 2, 11, 4323089703, 394879200),
(7558, 2, 14, 4323089703, 230617400),
(7559, 2, 237, 4323089703, 198455581),
(7560, 3, 29, 4323089703, 141010367),
(7561, 4, 11, 4323093994, 134683396),
(7562, 1, 34, 4323093994, 134683396),
(7563, 0, 43, 4323093994, 160371593),
(7564, 2, 11, 4323093994, 221743617),
(7565, 1, 39, 4323093994, 191458152),
(7566, 4, 56, 4323033399, 75390186),
(7567, 5, 96, 4323033399, 94762375),
(7568, 4, 108, 4323033399, 121833213),
(7569, 2, 44, 4323117912, 0),
(7570, 1, 38, 4323117912, 0),
(7571, 4, 16, 4323117912, 0),
(7572, 1, 12, 4323117912, 0),
(7573, 2, 39, 4323117912, 0),
(7574, 2, 14, 4323117912, 0),
(7575, 4, 182, 4323117912, 0),
(7576, 1, 20, 4323117912, 0),
(7577, 2, 15, 4323117912, 0),
(7578, 0, 42, 4323117912, 0),
(7579, 0, 73, 4323117912, 0),
(7580, 0, 11, 4323117912, 0),
(7581, 5, 34, 4323089918, 86727555),
(7582, 1, 42, 4323089918, 103735745),
(7583, 4, 38, 4323089918, 103735745),
(7584, 3, 73, 4323089918, 86698277),
(7585, 3, 265, 4323089918, 86698277),
(7586, 1, 2, 4323089918, 135878232),
(7587, 0, 34, 4323089918, 397462905),
(7588, 2, 29, 4323089918, 397462905),
(7589, 4, 29, 4323089918, 255219872),
(7590, 0, 29, 4323089918, 134276083),
(7591, 1, 34, 4323089918, 134276083),
(7592, 3, 77, 4323089918, 134276083),
(7593, 5, 29, 4323089918, 139876032),
(7594, 4, 218, 4323089918, 139876032),
(7595, 4, 11, 4323096230, 81852496),
(7596, 0, 29, 4323089703, 140680642),
(7597, 5, 29, 4323089703, 162077924),
(7598, 0, 20, 4323089703, 230617400),
(7599, 1, 44, 4323089703, 230617400),
(7600, 5, 29, 4323093994, 141833801),
(7601, 4, 73, 4323093994, 405693005),
(7602, 5, 29, 4323093994, 203732939),
(7603, 1, 34, 4323093994, 221743617),
(7604, 0, 29, 4323093994, 103296177),
(7605, 3, 116, 4323033399, 135673679),
(7606, 2, 226, 4323033399, 75390186),
(7607, 3, 116, 4323033399, 121833213),
(7608, 2, 261, 4323117912, 0),
(7609, 1, 77, 4323117912, 0),
(7610, 2, 38, 4323089918, 86727555),
(7611, 3, 38, 4323089918, 97590558),
(7612, 5, 43, 4323089918, 97590558),
(7613, 2, 29, 4323089918, 86698277),
(7614, 4, 29, 4323089918, 86799300),
(7615, 5, 17, 4323089918, 86799300),
(7616, 0, 218, 4323089918, 397462905),
(7617, 5, 28, 4323089918, 255219872),
(7618, 5, 240, 4323089918, 255219872),
(7619, 1, 36, 4323089918, 134276083),
(7620, 3, 4, 4323089918, 134276083),
(7621, 1, 42, 4323096230, 94049589),
(7622, 5, 75, 4323096230, 177411785),
(7623, 0, 34, 4323096230, 86715129),
(7624, 1, 34, 4323096230, 1296625),
(7625, 1, 11, 4323096230, 31818853),
(7626, 2, 181, 4323096230, 110583422),
(7627, 4, 39, 4323096230, 110583422),
(7628, 4, 29, 4323089703, 137895298),
(7629, 4, 41, 4323089703, 140680642),
(7630, 0, 34, 4323089703, 199222238),
(7631, 3, 39, 4323089703, 199222238),
(7632, 4, 75, 4323089703, 199222238),
(7633, 5, 29, 4323089703, 199222238),
(7634, 4, 29, 4323089703, 197849259),
(7635, 1, 43, 4323089703, 197849259),
(7636, 0, 29, 4323089703, 298360885),
(7637, 5, 240, 4323089703, 298360885),
(7638, 2, 29, 4323093994, 134683396),
(7639, 2, 39, 4323093994, 405693005),
(7640, 4, 20, 4323093994, 405693005),
(7641, 5, 36, 4323093994, 221743617),
(7642, 2, 75, 4323093994, 221743617),
(7643, 4, 41, 4323093994, 191458152),
(7644, 2, 29, 4323117912, 0),
(7645, 0, 75, 4323117912, 0),
(7646, 0, 29, 4323089918, 86727555),
(7647, 0, 180, 4323089918, 103735745),
(7648, 0, 63, 4323089918, 86799300),
(7649, 0, 29, 4323089918, 135878232),
(7650, 3, 187, 4323089918, 255219872),
(7651, 5, 38, 4323089918, 255219872),
(7652, 0, 50, 4323089918, 134276083),
(7653, 1, 77, 4323096230, 86785083),
(7654, 5, 29, 4323096230, 81852496),
(7655, 2, 29, 4323096230, 31818853),
(7656, 4, 214, 4323089703, 137895298),
(7657, 3, 25, 4323089703, 140680642),
(7658, 2, 42, 4323089703, 162077924),
(7659, 2, 7, 4323089703, 394879200),
(7660, 4, 29, 4323089703, 198455581),
(7661, 0, 56, 4323093994, 134683396),
(7662, 1, 29, 4323093994, 160371593),
(7663, 1, 34, 4323093994, 141833801),
(7664, 4, 25, 4323093994, 203732939),
(7665, 5, 73, 4323093994, 191458152),
(7666, 0, 29, 4323093994, 191458152),
(7667, 0, 34, 4323093994, 136178375),
(7668, 2, 39, 4323093994, 136178375),
(7669, 5, 34, 4323117912, 0),
(7670, 0, 17, 4323117912, 0),
(7671, 5, 75, 4323089918, 86799300),
(7672, 4, 39, 4323089918, 86799300),
(7673, 0, 63, 4323089918, 135878232),
(7674, 4, 36, 4323089918, 135878232),
(7675, 2, 43, 4323089918, 397462905),
(7676, 3, 38, 4323089918, 397462905),
(7677, 5, 188, 4323089918, 397462905),
(7678, 5, 36, 4323089918, 255219872),
(7679, 2, 244, 4323089918, 134276083),
(7680, 2, 38, 4323089918, 134276083),
(7681, 5, 29, 4323096230, 94049589),
(7682, 0, 39, 4323096230, 177411785),
(7683, 4, 34, 4323096230, 115141430),
(7684, 2, 29, 4323096230, 1296625),
(7685, 5, 34, 4323096230, 31818853),
(7686, 3, 216, 4323096230, 110583422),
(7687, 3, 75, 4323096230, 110583422),
(7688, 2, 36, 4323089703, 137895298),
(7689, 4, 36, 4323089703, 199222238),
(7690, 1, 40, 4323089703, 162077924),
(7691, 2, 218, 4323089703, 162077924),
(7692, 1, 218, 4323089703, 197849259),
(7693, 3, 77, 4323089703, 197849259),
(7694, 3, 4, 4323089703, 298360885),
(7695, 1, 75, 4323089703, 394879200),
(7696, 1, 218, 4323089703, 141010367),
(7697, 5, 181, 4323089703, 141010367),
(7698, 5, 38, 4323089703, 141010367),
(7699, 5, 75, 4323093994, 875883083),
(7700, 1, 36, 4323093994, 134683396),
(7701, 4, 38, 4323093994, 160371593),
(7702, 0, 265, 4323093994, 160371593),
(7703, 5, 29, 4323093994, 221743617),
(7704, 5, 34, 4323093994, 103296177),
(7705, 3, 36, 4323093994, 191458152),
(7706, 4, 29, 4323093994, 136178375),
(7707, 3, 218, 4323093994, 136178375),
(7708, 2, 36, 4323117912, 0),
(7709, 1, 88, 4323117912, 0),
(7710, 2, 63, 4323089918, 97590558),
(7711, 5, 29, 4323096230, 86785083),
(7712, 2, 75, 4323096230, 81852496),
(7713, 1, 29, 4323096230, 295697470),
(7714, 3, 29, 4323096230, 86715129),
(7715, 5, 42, 4323096230, 1296625),
(7716, 1, 261, 4323089703, 137895298),
(7717, 0, 50, 4323089703, 140680642),
(7718, 0, 50, 4323089703, 298360885),
(7719, 1, 25, 4323089703, 298360885),
(7720, 4, 29, 4323089703, 394879200),
(7721, 0, 38, 4323089703, 230617400),
(7722, 0, 188, 4323089703, 198455581),
(7723, 2, 38, 4323089703, 198455581),
(7724, 0, 125, 4323093994, 134683396),
(7725, 5, 34, 4323093994, 160371593),
(7726, 5, 214, 4323093994, 141833801),
(7727, 1, 29, 4323093994, 405693005),
(7728, 2, 36, 4323093994, 103296177),
(7729, 3, 42, 4323093994, 136178375),
(7730, 0, 63, 4323117912, 0),
(7731, 4, 265, 4323089918, 103735745),
(7732, 3, 188, 4323089918, 103735745),
(7733, 0, 94, 4323089918, 86698277),
(7734, 1, 261, 4323089918, 86799300),
(7735, 2, 42, 4323089918, 397462905),
(7736, 4, 23, 4323089918, 134276083),
(7737, 0, 265, 4323089918, 139876032),
(7738, 1, 214, 4323089918, 139876032),
(7739, 2, 34, 4323096230, 295697470),
(7740, 0, 29, 4323096230, 177411785),
(7741, 1, 34, 4323096230, 177411785),
(7742, 2, 216, 4323096230, 177411785),
(7743, 0, 39, 4323096230, 115141430),
(7744, 5, 75, 4323096230, 115141430),
(7745, 4, 56, 4323096230, 110583422),
(7746, 4, 40, 4323089703, 140680642),
(7747, 4, 29, 4323089703, 230617400),
(7748, 4, 180, 4323089703, 198455581),
(7749, 1, 29, 4323093994, 875883083),
(7750, 3, 31, 4323093994, 134683396),
(7751, 2, 188, 4323093994, 160371593),
(7752, 1, 36, 4323093994, 141833801),
(7753, 2, 56, 4323093994, 405693005),
(7754, 0, 50, 4323093994, 191458152),
(7755, 4, 265, 4323093994, 136178375),
(7756, 3, 2, 4323117912, 0),
(7757, 3, 6, 4323117912, 0),
(7758, 4, 180, 4323117912, 0),
(7759, 5, 216, 4323117912, 0),
(7760, 0, 214, 4323089918, 86727555),
(7761, 0, 22, 4323089918, 97590558),
(7762, 4, 88, 4323089918, 86698277),
(7763, 2, 12, 4323089918, 397462905),
(7764, 3, 265, 4323089918, 397462905),
(7765, 5, 20, 4323089918, 397462905),
(7766, 1, 188, 4323096230, 94049589),
(7767, 4, 36, 4323096230, 86785083),
(7768, 4, 73, 4323096230, 31818853),
(7769, 0, 63, 4323089703, 199222238),
(7770, 5, 40, 4323089703, 199222238),
(7771, 2, 188, 4323089703, 197849259),
(7772, 4, 6, 4323089703, 298360885),
(7773, 2, 43, 4323089703, 141010367),
(7774, 0, 50, 4323093994, 203732939),
(7775, 5, 36, 4323093994, 203732939),
(7776, 3, 75, 4323093994, 203732939),
(7777, 3, 188, 4323093994, 136178375),
(7778, 0, 41, 4323117912, 0),
(7779, 4, 94, 4323117912, 0),
(7780, 5, 4, 4323117912, 0),
(7781, 3, 25, 4323117912, 0),
(7782, 5, 18, 4323117912, 0),
(7783, 3, 218, 4323089918, 103735745),
(7784, 4, 28, 4323089918, 86799300),
(7785, 2, 10, 4323089918, 135878232),
(7786, 4, 100, 4323089918, 134276083),
(7787, 5, 57, 4323089918, 139876032),
(7788, 5, 50, 4323096230, 81852496),
(7789, 2, 2, 4323096230, 177411785),
(7790, 1, 42, 4323096230, 86715129),
(7791, 4, 38, 4323096230, 86715129),
(7792, 5, 188, 4323096230, 86715129),
(7793, 3, 2, 4323096230, 115141430),
(7794, 4, 36, 4323096230, 115141430),
(7795, 3, 12, 4323096230, 1296625),
(7796, 5, 185, 4323089703, 137895298),
(7797, 1, 56, 4323089703, 199222238),
(7798, 3, 188, 4323089703, 162077924),
(7799, 0, 180, 4323089703, 197849259),
(7800, 3, 63, 4323089703, 230617400),
(7801, 5, 18, 4323089703, 230617400),
(7802, 0, 20, 4323089703, 141010367),
(7803, 1, 14, 4323089703, 141010367),
(7804, 1, 63, 4323093994, 875883083),
(7805, 5, 27, 4323093994, 134683396),
(7806, 4, 92, 4323093994, 160371593),
(7807, 4, 63, 4323093994, 221743617),
(7808, 1, 180, 4323093994, 103296177),
(7809, 3, 265, 4323089918, 86727555),
(7810, 1, 218, 4323089918, 86727555),
(7811, 2, 172, 4323089918, 135878232),
(7812, 0, 36, 4323089918, 397462905),
(7813, 1, 92, 4323089918, 397462905),
(7814, 2, 106, 4323089918, 255219872),
(7815, 2, 16, 4323096230, 94049589),
(7816, 2, 181, 4323096230, 81852496),
(7817, 0, 63, 4323096230, 177411785),
(7818, 0, 265, 4323096230, 115141430),
(7819, 0, 92, 4323096230, 1296625),
(7820, 0, 29, 4323096230, 110583422),
(7821, 1, 1, 4323089703, 140680642),
(7822, 1, 69, 4323089703, 199222238),
(7823, 2, 73, 4323089703, 198455581),
(7824, 5, 75, 4323089703, 141010367),
(7825, 0, 18, 4323093994, 875883083),
(7826, 5, 131, 4323093994, 134683396),
(7827, 5, 26, 4323117912, 0),
(7828, 3, 86, 4323117912, 0),
(7829, 4, 240, 4323117912, 0),
(7830, 5, 36, 4323089918, 86727555),
(7831, 0, 170, 4323089918, 97590558),
(7832, 3, 43, 4323089918, 103735745),
(7833, 5, 244, 4323089918, 103735745),
(7834, 4, 81, 4323089918, 86698277),
(7835, 5, 36, 4323089918, 86698277),
(7836, 1, 185, 4323089918, 86799300),
(7837, 4, 180, 4323089918, 255219872),
(7838, 2, 21, 4323089918, 134276083),
(7839, 4, 34, 4323089918, 139876032),
(7840, 4, 40, 4323096230, 94049589),
(7841, 4, 218, 4323096230, 94049589),
(7842, 3, 63, 4323096230, 115141430),
(7843, 0, 63, 4323096230, 110583422),
(7844, 1, 21, 4323089703, 137895298),
(7845, 0, 214, 4323089703, 162077924),
(7846, 2, 40, 4323089703, 197849259),
(7847, 1, 151, 4323089703, 298360885),
(7848, 4, 180, 4323089703, 394879200),
(7849, 2, 22, 4323093994, 875883083),
(7850, 5, 2, 4323093994, 134683396),
(7851, 0, 42, 4323093994, 160371593),
(7852, 2, 244, 4323093994, 160371593),
(7853, 2, 23, 4323093994, 141833801),
(7854, 0, 1, 4323093994, 405693005),
(7855, 1, 236, 4323093994, 203732939),
(7856, 1, 151, 4323117912, 0),
(7857, 3, 63, 4323089918, 397462905),
(7858, 2, 67, 4323096230, 81852496),
(7859, 5, 22, 4323096230, 177411785),
(7860, 1, 218, 4323096230, 86715129),
(7861, 4, 244, 4323096230, 86715129),
(7862, 3, 214, 4323096230, 31818853),
(7863, 4, 69, 4323096230, 110583422),
(7864, 0, 162, 4323089703, 137895298),
(7865, 5, 236, 4323089703, 230617400),
(7866, 5, 261, 4323089703, 141010367),
(7867, 0, 170, 4323093994, 875883083),
(7868, 2, 63, 4323093994, 134683396),
(7869, 1, 214, 4323093994, 160371593),
(7870, 5, 51, 4323093994, 221743617),
(7871, 4, 232, 4323093994, 103296177),
(7872, 1, 1, 4323093994, 191458152),
(7873, 5, 10, 4323093994, 191458152),
(7874, 1, 92, 4323093994, 136178375),
(7875, 5, 172, 4323117912, 0),
(7876, 4, 189, 4323117912, 0),
(7877, 4, 21, 4323089918, 86799300),
(7878, 4, 8, 4323089918, 134276083),
(7879, 2, 1, 4323096230, 86785083),
(7880, 1, 252, 4323096230, 81852496),
(7881, 5, 170, 4323096230, 177411785),
(7882, 3, 214, 4323096230, 86715129),
(7883, 3, 21, 4323089703, 140680642),
(7884, 5, 73, 4323089703, 162077924),
(7885, 5, 19, 4323093994, 134683396),
(7886, 3, 27, 4323093994, 203732939),
(7887, 2, 215, 4323117912, 0),
(7888, 0, 147, 4323089918, 97590558),
(7889, 3, 117, 4323089918, 135878232),
(7890, 2, 36, 4323096230, 94049589),
(7891, 3, 244, 4323096230, 94049589),
(7892, 5, 40, 4323096230, 86785083),
(7893, 3, 265, 4323096230, 295697470),
(7894, 2, 40, 4323096230, 295697470),
(7895, 5, 73, 4323096230, 295697470),
(7896, 2, 21, 4323096230, 115141430),
(7897, 2, 214, 4323096230, 1296625),
(7898, 3, 25, 4323096230, 1296625),
(7899, 4, 188, 4323096230, 1296625),
(7900, 0, 210, 4323089703, 137895298),
(7901, 2, 145, 4323089703, 199222238),
(7902, 5, 18, 4323089703, 199222238),
(7903, 5, 232, 4323089703, 197849259),
(7904, 4, 8, 4323089703, 298360885),
(7905, 0, 147, 4323093994, 875883083),
(7906, 2, 102, 4323093994, 141833801),
(7907, 3, 145, 4323093994, 221743617),
(7908, 3, 23, 4323117912, 0),
(7909, 2, 188, 4323089918, 86727555),
(7910, 0, 1, 4323089918, 86698277),
(7911, 5, 61, 4323089918, 397462905),
(7912, 3, 79, 4323089918, 255219872),
(7913, 5, 116, 4323089918, 134276083),
(7914, 4, 20, 4323089918, 139876032),
(7915, 2, 100, 4323089918, 139876032),
(7916, 4, 42, 4323089918, 139876032),
(7917, 5, 214, 4323096230, 94049589),
(7918, 1, 22, 4323096230, 81852496),
(7919, 2, 236, 4323096230, 177411785),
(7920, 2, 236, 4323096230, 115141430),
(7921, 4, 38, 4323096230, 115141430),
(7922, 5, 145, 4323096230, 110583422),
(7923, 5, 252, 4323089703, 140680642),
(7924, 4, 168, 4323089703, 298360885),
(7925, 5, 174, 4323089703, 394879200),
(7926, 3, 232, 4323089703, 198455581),
(7927, 2, 125, 4323093994, 405693005),
(7928, 5, 240, 4323093994, 221743617),
(7929, 3, 79, 4323117912, 0),
(7930, 4, 56, 4323117912, 0),
(7931, 5, 28, 4323117912, 0),
(7932, 2, 152, 4323117912, 0),
(7933, 4, 42, 4323089918, 86727555),
(7934, 1, 116, 4323089918, 135878232),
(7935, 4, 231, 4323089918, 255219872),
(7936, 0, 36, 4323096230, 86715129),
(7937, 0, 1, 4323096230, 31818853),
(7938, 1, 170, 4323096230, 110583422),
(7939, 5, 170, 4323089703, 199222238),
(7940, 2, 185, 4323089703, 141010367),
(7941, 4, 127, 4323093994, 134683396),
(7942, 2, 252, 4323093994, 191458152),
(7943, 1, 24, 4323096230, 177411785),
(7944, 1, 22, 4323096230, 115141430),
(7945, 3, 65, 4323096230, 1296625),
(7946, 4, 0, 4323137057, 100895600),
(7947, 0, 0, 4323137057, 94762375),
(7948, 5, 0, 4323137057, 121833213),
(7949, 1, 0, 4323137057, 345803031),
(7950, 5, 0, 4323137057, 112531417),
(7951, 4, 0, 4323137057, 131380551),
(7952, 2, 0, 4323137057, 118233883),
(7953, 4, 0, 4323137057, 135673679),
(7954, 5, 0, 4323137057, 75390186),
(7955, 3, 0, 4323137057, 104963314),
(7956, 3, 37, 4323089703, 140680642),
(7957, 0, 37, 4323089703, 197849259),
(7958, 5, 21, 4323089703, 298360885),
(7959, 0, 22, 4323089703, 230617400),
(7960, 2, 24, 4323093994, 875883083),
(7961, 4, 117, 4323093994, 134683396),
(7962, 0, 31, 4323093994, 141833801),
(7963, 3, 102, 4323093994, 203732939),
(7964, 2, 11, 4323093994, 136178375),
(7965, 3, 1, 4323117912, 0),
(7966, 3, 164, 4323117912, 0),
(7967, 4, 184, 4323117912, 0),
(7968, 2, 61, 4323089918, 134276083),
(7969, 3, 9, 4323089918, 134276083),
(7970, 0, 174, 4323096230, 81852496),
(7971, 1, 147, 4323096230, 177411785),
(7972, 2, 147, 4323096230, 110583422),
(7973, 3, 116, 4323089703, 137895298),
(7974, 3, 147, 4323089703, 199222238),
(7975, 5, 162, 4323089703, 298360885),
(7976, 3, 1, 4323089703, 394879200),
(7977, 5, 265, 4323089703, 141010367),
(7978, 0, 242, 4323093994, 134683396),
(7979, 2, 263, 4323093994, 203732939),
(7980, 1, 168, 4323093994, 221743617),
(7981, 1, 102, 4323093994, 103296177),
(7982, 4, 60, 4323117912, 0),
(7983, 2, 101, 4323117912, 0),
(7984, 4, 24, 4323089918, 97590558),
(7985, 0, 1, 4323089918, 255219872),
(7986, 3, 23, 4323089918, 139876032),
(7987, 4, 261, 4323089918, 139876032),
(7988, 5, 31, 4323096230, 94049589),
(7989, 1, 48, 4323096230, 86785083),
(7990, 4, 63, 4323096230, 295697470),
(7991, 2, 11, 4323096230, 86715129),
(7992, 1, 174, 4323096230, 115141430),
(7993, 4, 257, 4323096230, 1296625),
(7994, 2, 9, 4323089703, 140680642),
(7995, 1, 174, 4323089703, 230617400),
(7996, 0, 92, 4323089703, 141010367),
(7997, 5, 160, 4323093994, 875883083),
(7998, 1, 60, 4323093994, 203732939),
(7999, 3, 61, 4323117912, 0),
(8000, 2, 16, 4323089918, 397462905),
(8001, 4, 125, 4323089918, 397462905),
(8002, 4, 38, 4323096230, 86785083),
(8003, 3, 8, 4323096230, 81852496),
(8004, 5, 117, 4323096230, 177411785),
(8005, 5, 61, 4323096230, 31818853),
(8006, 4, 214, 4323089703, 198455581),
(8007, 5, 53, 4323093994, 405693005),
(8008, 5, 188, 4323093994, 103296177),
(8009, 4, 152, 4323093994, 191458152),
(8010, 4, 214, 4323093994, 136178375),
(8011, 2, 21, 4323117912, 0),
(8012, 4, 59, 4323117912, 0),
(8013, 2, 11, 4323089918, 86727555),
(8014, 4, 232, 4323089918, 103735745),
(8015, 4, 166, 4323089918, 135878232),
(8016, 3, 256, 4323089918, 134276083),
(8017, 3, 100, 4323096230, 86785083),
(8018, 5, 125, 4323096230, 31818853),
(8019, 2, 9, 4323089703, 137895298),
(8020, 3, 7, 4323093994, 875883083),
(8021, 0, 254, 4323093994, 141833801),
(8022, 4, 40, 4323093994, 141833801),
(8023, 0, 116, 4323093994, 221743617),
(8024, 4, 160, 4323089918, 97590558),
(8025, 3, 104, 4323089918, 139876032),
(8026, 3, 139, 4323096230, 177411785),
(8027, 5, 242, 4323096230, 31818853),
(8028, 4, 24, 4323096230, 110583422),
(8029, 4, 55, 4323089703, 140680642),
(8030, 5, 117, 4323089703, 199222238),
(8031, 1, 102, 4323089703, 197849259),
(8032, 5, 61, 4323089703, 141010367),
(8033, 3, 162, 4323093994, 134683396),
(8034, 5, 60, 4323093994, 103296177),
(8035, 5, 88, 4323093994, 136178375),
(8036, 0, 69, 4323117912, 0),
(8037, 3, 254, 4323096230, 94049589),
(8038, 3, 116, 4323096230, 81852496),
(8039, 0, 81, 4323096230, 295697470),
(8040, 2, 30, 4323089703, 140680642),
(8041, 4, 143, 4323089703, 199222238),
(8042, 1, 143, 4323089703, 394879200),
(8043, 1, 1, 4323089703, 198455581),
(8044, 3, 135, 4323093994, 875883083),
(8045, 2, 6, 4323093994, 221743617),
(8046, 3, 170, 4323117912, 0),
(8047, 5, 8, 4323117912, 0),
(8048, 0, 129, 4323117912, 0),
(8049, 2, 168, 4323117912, 0),
(8050, 1, 149, 4323089918, 97590558),
(8051, 5, 158, 4323089918, 135878232),
(8052, 4, 242, 4323089918, 397462905),
(8053, 1, 119, 4323089918, 255219872),
(8054, 1, 33, 4323089918, 134276083),
(8055, 2, 119, 4323089918, 134276083),
(8056, 0, 59, 4323089918, 139876032),
(8057, 0, 8, 4323096230, 115141430),
(8058, 4, 119, 4323096230, 1296625),
(8059, 4, 112, 4323089703, 140680642),
(8060, 1, 208, 4323089703, 199222238),
(8061, 2, 257, 4323089703, 197849259),
(8062, 2, 54, 4323089703, 298360885),
(8063, 2, 166, 4323089703, 394879200),
(8064, 0, 267, 4323089703, 141010367),
(8065, 3, 37, 4323093994, 160371593),
(8066, 3, 9, 4323093994, 405693005),
(8067, 2, 225, 4323093994, 221743617),
(8068, 5, 149, 4323093994, 191458152),
(8069, 5, 252, 4323117912, 0),
(8070, 1, 190, 4323117912, 0),
(8071, 2, 9, 4323089918, 397462905),
(8072, 0, 232, 4323089918, 139876032),
(8073, 5, 60, 4323089918, 139876032),
(8074, 5, 60, 4323096230, 86785083),
(8075, 1, 40, 4323096230, 1296625),
(8076, 5, 16, 4323137057, 100895600),
(8077, 4, 237, 4323137057, 100895600),
(8078, 3, 44, 4323137057, 100895600),
(8079, 2, 14, 4323137057, 100895600),
(8080, 5, 20, 4323137057, 100895600),
(8081, 2, 241, 4323137057, 94762375),
(8082, 5, 77, 4323137057, 94762375),
(8083, 4, 16, 4323137057, 94762375),
(8084, 2, 216, 4323137057, 121833213),
(8085, 3, 182, 4323137057, 121833213),
(8086, 0, 44, 4323137057, 121833213),
(8087, 0, 44, 4323137057, 345803031),
(8088, 1, 39, 4323137057, 345803031),
(8089, 2, 216, 4323137057, 345803031),
(8090, 5, 182, 4323137057, 345803031),
(8091, 1, 44, 4323137057, 112531417),
(8092, 5, 39, 4323137057, 112531417),
(8093, 5, 38, 4323137057, 131380551),
(8094, 3, 44, 4323137057, 131380551),
(8095, 4, 237, 4323137057, 131380551),
(8096, 5, 16, 4323137057, 131380551),
(8097, 1, 182, 4323137057, 118233883),
(8098, 3, 44, 4323137057, 118233883),
(8099, 4, 16, 4323137057, 118233883),
(8100, 5, 216, 4323137057, 118233883),
(8101, 4, 20, 4323137057, 135673679),
(8102, 2, 39, 4323137057, 135673679),
(8103, 3, 44, 4323137057, 135673679),
(8104, 5, 15, 4323137057, 135673679),
(8105, 0, 42, 4323137057, 75390186),
(8106, 1, 44, 4323137057, 75390186),
(8107, 2, 39, 4323137057, 75390186),
(8108, 0, 216, 4323137057, 75390186),
(8109, 4, 182, 4323137057, 75390186),
(8110, 0, 15, 4323137057, 104963314),
(8111, 2, 20, 4323137057, 104963314),
(8112, 1, 241, 4323137057, 104963314),
(8113, 4, 16, 4323137057, 104963314),
(8114, 2, 119, 4323089703, 137895298),
(8115, 2, 225, 4323089703, 298360885),
(8116, 0, 225, 4323089703, 230617400),
(8117, 1, 33, 4323093994, 134683396),
(8118, 3, 257, 4323093994, 141833801),
(8119, 3, 108, 4323093994, 203732939),
(8120, 2, 108, 4323117912, 0),
(8121, 0, 57, 4323096230, 94049589),
(8122, 0, 108, 4323096230, 86785083),
(8123, 4, 24, 4323096230, 81852496),
(8124, 1, 1, 4323096230, 295697470),
(8125, 4, 116, 4323096230, 177411785),
(8126, 1, 43, 4323096230, 86715129),
(8127, 0, 116, 4323096230, 115141430),
(8128, 4, 160, 4323096230, 110583422),
(8129, 3, 15, 4323137057, 94762375),
(8130, 3, 237, 4323137057, 104963314),
(8131, 2, 40, 4323093994, 160371593),
(8132, 2, 116, 4323117912, 0),
(8133, 3, 27, 4323117912, 0),
(8134, 1, 34, 4323137057, 112531417),
(8135, 0, 11, 4323137057, 118233883),
(8136, 1, 77, 4323137057, 104963314),
(8137, 1, 44, 4323137057, 104963314),
(8138, 4, 116, 4323089703, 199222238),
(8139, 4, 37, 4323089703, 162077924),
(8140, 3, 24, 4323089703, 197849259),
(8141, 0, 43, 4323089703, 198455581),
(8142, 4, 116, 4323093994, 875883083),
(8143, 5, 114, 4323093994, 405693005),
(8144, 2, 38, 4323093994, 203732939),
(8145, 1, 26, 4323093994, 221743617),
(8146, 3, 23, 4323093994, 103296177),
(8147, 5, 141, 4323093994, 191458152),
(8148, 1, 9, 4323117912, 0),
(8149, 5, 30, 4323096230, 86785083),
(8150, 2, 33, 4323096230, 81852496),
(8151, 1, 61, 4323096230, 110583422),
(8152, 5, 75, 4323137057, 100895600),
(8153, 4, 178, 4323137057, 121833213),
(8154, 5, 27, 4323137057, 121833213),
(8155, 3, 29, 4323137057, 345803031),
(8156, 0, 29, 4323137057, 131380551),
(8157, 2, 29, 4323137057, 118233883),
(8158, 0, 29, 4323137057, 135673679),
(8159, 1, 34, 4323137057, 135673679),
(8160, 1, 24, 4323089703, 137895298),
(8161, 3, 176, 4323089703, 140680642),
(8162, 0, 24, 4323089703, 394879200),
(8163, 2, 26, 4323093994, 875883083),
(8164, 1, 116, 4323093994, 134683396),
(8165, 1, 210, 4323093994, 203732939),
(8166, 5, 156, 4323093994, 221743617),
(8167, 5, 154, 4323117912, 0),
(8168, 1, 41, 4323137057, 94762375),
(8169, 4, 34, 4323137057, 345803031),
(8170, 3, 42, 4323137057, 131380551),
(8171, 3, 38, 4323137057, 135673679),
(8172, 5, 77, 4323137057, 135673679),
(8173, 1, 34, 4323137057, 75390186),
(8174, 2, 34, 4323137057, 104963314),
(8175, 5, 52, 4323089703, 199222238),
(8176, 3, 149, 4323089703, 298360885),
(8177, 5, 30, 4323093994, 203732939),
(8178, 2, 58, 4323117912, 0),
(8179, 4, 131, 4323117912, 0),
(8180, 2, 57, 4323117912, 0),
(8181, 1, 29, 4323137057, 121833213),
(8182, 1, 188, 4323137057, 131380551),
(8183, 5, 139, 4323089703, 199222238),
(8184, 4, 267, 4323093994, 160371593),
(8185, 4, 24, 4323117912, 0),
(8186, 1, 34, 4323137057, 100895600),
(8187, 5, 265, 4323137057, 100895600),
(8188, 2, 29, 4323137057, 94762375),
(8189, 2, 42, 4323137057, 112531417),
(8190, 4, 265, 4323137057, 112531417),
(8191, 3, 210, 4323093994, 134683396),
(8192, 4, 37, 4323093994, 203732939),
(8193, 5, 81, 4323093994, 136178375),
(8194, 5, 0, 4323179704, 0),
(8195, 0, 241, 4323137057, 345803031),
(8196, 0, 43, 4323137057, 112531417),
(8197, 3, 29, 4323137057, 112531417),
(8198, 0, 188, 4323137057, 112531417),
(8199, 5, 75, 4323137057, 118233883),
(8200, 5, 2, 4323137057, 118233883),
(8201, 2, 29, 4323137057, 75390186),
(8202, 5, 214, 4323137057, 104963314),
(8203, 1, 36, 4323137057, 100895600),
(8204, 2, 56, 4323137057, 121833213),
(8205, 3, 34, 4323137057, 131380551),
(8206, 2, 164, 4323137057, 121833213),
(8207, 5, 38, 4323137057, 121833213),
(8208, 3, 63, 4323137057, 118233883),
(8209, 3, 36, 4323137057, 94762375),
(8210, 2, 73, 4323137057, 345803031),
(8211, 2, 38, 4323137057, 118233883),
(8212, 0, 237, 4323179704, 0),
(8213, 1, 39, 4323179704, 0),
(8214, 2, 14, 4323179704, 0),
(8215, 0, 20, 4323179704, 0),
(8216, 1, 241, 4323179704, 0),
(8217, 0, 44, 4323179704, 0),
(8218, 4, 182, 4323179704, 0),
(8219, 4, 13, 4323179704, 0),
(8220, 5, 188, 4323179704, 0),
(8221, 3, 38, 4323179704, 0),
(8222, 0, 42, 4323179704, 0),
(8223, 4, 15, 4323179704, 0),
(8224, 3, 11, 4323179704, 0),
(8225, 5, 244, 4323179704, 0),
(8226, 0, 75, 4323179704, 0),
(8227, 4, 16, 4323179704, 0),
(8228, 4, 26, 4323137057, 100895600),
(8229, 0, 180, 4323137057, 121833213),
(8230, 2, 218, 4323137057, 131380551),
(8231, 0, 265, 4323137057, 345803031),
(8232, 4, 36, 4323137057, 345803031),
(8233, 3, 261, 4323137057, 104963314),
(8234, 4, 244, 4323137057, 104963314),
(8235, 3, 214, 4323137057, 112531417),
(8236, 1, 244, 4323137057, 118233883),
(8237, 2, 261, 4323137057, 118233883),
(8238, 0, 180, 4323137057, 135673679),
(8239, 5, 34, 4323179704, 0),
(8240, 5, 29, 4323137057, 100895600),
(8241, 1, 36, 4323137057, 135673679),
(8242, 2, 265, 4323137057, 135673679),
(8243, 4, 185, 4323137057, 104963314),
(8244, 2, 50, 4323137057, 94762375),
(8245, 5, 38, 4323137057, 94762375),
(8246, 3, 63, 4323137057, 100895600),
(8247, 4, 0, 4323207485, 276368906),
(8248, 3, 0, 4323207485, 178002197),
(8249, 1, 0, 4323207485, 199492724),
(8250, 5, 0, 4323207485, 316690185),
(8251, 3, 0, 4323207485, 165040279),
(8252, 3, 0, 4323207485, 483128726),
(8253, 4, 0, 4323207485, 163558843),
(8254, 5, 0, 4323207485, 114974511),
(8255, 4, 0, 4323207485, 101519705),
(8256, 5, 0, 4323207485, 193336906),
(8257, 3, 36, 4323179704, 0),
(8258, 1, 263, 4323179704, 0),
(8259, 2, 41, 4323179704, 0),
(8260, 4, 63, 4323179704, 0),
(8261, 5, 8, 4323179704, 0),
(8262, 1, 29, 4323179704, 0),
(8263, 2, 187, 4323179704, 0),
(8264, 4, 73, 4323179704, 0),
(8265, 4, 194, 4323179704, 0),
(8266, 3, 180, 4323179704, 0),
(8267, 1, 60, 4323179704, 0),
(8268, 0, 77, 4323179704, 0),
(8269, 5, 40, 4323179704, 0),
(8270, 1, 254, 4323179704, 0),
(8271, 3, 21, 4323179704, 0),
(8272, 1, 232, 4323179704, 0),
(8273, 1, 151, 4323179704, 0),
(8274, 5, 252, 4323179704, 0),
(8275, 1, 69, 4323179704, 0),
(8276, 2, 267, 4323179704, 0),
(8277, 0, 214, 4323179704, 0),
(8278, 1, 152, 4323179704, 0),
(8279, 3, 127, 4323179704, 0),
(8280, 1, 61, 4323179704, 0),
(8281, 2, 23, 4323179704, 0),
(8282, 5, 94, 4323179704, 0),
(8283, 5, 0, 4323224800, 198332373),
(8284, 5, 0, 4323224800, 490372391),
(8285, 4, 0, 4323224800, 910084406),
(8286, 5, 0, 4323224800, 903457444),
(8287, 3, 0, 4323224800, 158487928),
(8288, 5, 0, 4323224800, 392650784),
(8289, 5, 0, 4323224800, 439317338),
(8290, 0, 0, 4323224800, 162278265),
(8291, 4, 0, 4323224800, 276597726),
(8292, 2, 0, 4323224800, 895117759),
(8293, 4, 27, 4323179704, 0),
(8294, 1, 125, 4323179704, 0),
(8295, 5, 168, 4323179704, 0),
(8296, 5, 24, 4323179704, 0),
(8297, 4, 0, 4323231369, 135878232),
(8298, 1, 0, 4323231369, 139876032),
(8299, 1, 0, 4323231369, 397462905),
(8300, 3, 0, 4323231369, 255219872),
(8301, 0, 0, 4323231369, 134276083),
(8302, 4, 0, 4323231369, 94049589),
(8303, 4, 0, 4323231369, 86785083),
(8304, 2, 0, 4323231369, 81852496),
(8305, 5, 0, 4323231369, 295697470),
(8306, 3, 0, 4323231369, 177411785),
(8307, 2, 229, 4323179704, 0),
(8308, 1, 108, 4323179704, 0),
(8309, 3, 116, 4323179704, 0),
(8310, 5, 26, 4323179704, 0),
(8311, 2, 102, 4323179704, 0),
(8312, 5, 79, 4323179704, 0),
(8313, 1, 182, 4323224800, 198332373),
(8314, 1, 11, 4323224800, 198332373),
(8315, 2, 44, 4323224800, 198332373),
(8316, 3, 39, 4323224800, 198332373),
(8317, 2, 77, 4323224800, 490372391),
(8318, 5, 38, 4323224800, 490372391),
(8319, 5, 42, 4323224800, 490372391),
(8320, 3, 241, 4323224800, 490372391),
(8321, 0, 44, 4323224800, 910084406),
(8322, 1, 38, 4323224800, 910084406),
(8323, 4, 16, 4323224800, 910084406),
(8324, 4, 13, 4323224800, 910084406),
(8325, 2, 237, 4323224800, 910084406),
(8326, 0, 42, 4323224800, 903457444),
(8327, 4, 44, 4323224800, 158487928),
(8328, 5, 38, 4323224800, 158487928),
(8329, 3, 216, 4323224800, 158487928),
(8330, 0, 181, 4323224800, 392650784),
(8331, 1, 182, 4323224800, 392650784),
(8332, 0, 44, 4323224800, 439317338),
(8333, 2, 14, 4323224800, 439317338),
(8334, 2, 237, 4323224800, 439317338),
(8335, 5, 16, 4323224800, 439317338),
(8336, 2, 42, 4323224800, 162278265),
(8337, 5, 181, 4323224800, 162278265),
(8338, 1, 38, 4323224800, 162278265),
(8339, 3, 39, 4323224800, 162278265),
(8340, 3, 77, 4323224800, 276597726),
(8341, 2, 237, 4323224800, 276597726),
(8342, 0, 44, 4323224800, 895117759),
(8343, 2, 11, 4323224800, 895117759),
(8344, 2, 182, 4323224800, 895117759),
(8345, 3, 117, 4323179704, 0),
(8346, 4, 51, 4323179704, 0),
(8347, 0, 88, 4323207485, 276368906),
(8348, 1, 44, 4323207485, 276368906),
(8349, 2, 42, 4323207485, 276368906),
(8350, 4, 241, 4323207485, 276368906),
(8351, 0, 216, 4323207485, 178002197),
(8352, 1, 39, 4323207485, 178002197),
(8353, 2, 44, 4323207485, 178002197),
(8354, 3, 182, 4323207485, 178002197),
(8355, 0, 44, 4323207485, 199492724),
(8356, 1, 182, 4323207485, 199492724),
(8357, 3, 181, 4323207485, 199492724),
(8358, 0, 44, 4323207485, 316690185),
(8359, 5, 38, 4323207485, 316690185),
(8360, 4, 216, 4323207485, 316690185),
(8361, 5, 39, 4323207485, 316690185),
(8362, 0, 44, 4323207485, 165040279),
(8363, 2, 39, 4323207485, 165040279),
(8364, 2, 16, 4323207485, 165040279),
(8365, 3, 42, 4323207485, 165040279),
(8366, 3, 244, 4323207485, 165040279),
(8367, 5, 237, 4323207485, 165040279),
(8368, 0, 182, 4323207485, 483128726),
(8369, 1, 44, 4323207485, 483128726),
(8370, 4, 39, 4323207485, 483128726),
(8371, 3, 216, 4323207485, 483128726),
(8372, 0, 11, 4323207485, 163558843),
(8373, 1, 182, 4323207485, 163558843),
(8374, 4, 14, 4323207485, 163558843),
(8375, 3, 16, 4323207485, 163558843),
(8376, 4, 218, 4323207485, 163558843),
(8377, 5, 241, 4323207485, 163558843),
(8378, 2, 42, 4323207485, 114974511),
(8379, 1, 44, 4323207485, 114974511),
(8380, 4, 16, 4323207485, 114974511),
(8381, 4, 39, 4323207485, 193336906),
(8382, 5, 216, 4323207485, 193336906),
(8383, 5, 182, 4323207485, 193336906),
(8384, 4, 44, 4323207485, 193336906),
(8385, 0, 81, 4323179704, 0),
(8386, 5, 9, 4323179704, 0),
(8387, 3, 18, 4323179704, 0),
(8388, 1, 145, 4323179704, 0),
(8389, 0, 29, 4323224800, 903457444),
(8390, 3, 67, 4323179704, 0),
(8391, 4, 31, 4323179704, 0),
(8392, 3, 170, 4323179704, 0),
(8393, 2, 231, 4323179704, 0),
(8394, 1, 44, 4323224800, 903457444),
(8395, 5, 75, 4323224800, 439317338),
(8396, 0, 38, 4323207485, 101519705),
(8397, 1, 39, 4323207485, 101519705),
(8398, 4, 181, 4323207485, 101519705),
(8399, 3, 44, 4323207485, 101519705),
(8400, 4, 216, 4323207485, 101519705),
(8401, 3, 13, 4323224800, 158487928),
(8402, 4, 29, 4323224800, 162278265),
(8403, 2, 43, 4323207485, 163558843),
(8404, 3, 29, 4323224800, 198332373),
(8405, 1, 34, 4323224800, 490372391),
(8406, 3, 216, 4323224800, 490372391),
(8407, 5, 27, 4323224800, 910084406),
(8408, 2, 29, 4323224800, 392650784),
(8409, 0, 44, 4323224800, 276597726),
(8410, 0, 30, 4323179704, 0),
(8411, 2, 178, 4323224800, 910084406),
(8412, 0, 237, 4323224800, 162278265),
(8413, 3, 244, 4323224800, 276597726),
(8414, 5, 75, 4323224800, 895117759),
(8415, 5, 16, 4323207485, 276368906),
(8416, 4, 11, 4323207485, 178002197),
(8417, 1, 16, 4323207485, 316690185),
(8418, 2, 11, 4323207485, 483128726),
(8419, 1, 36, 4323224800, 490372391),
(8420, 5, 11, 4323224800, 910084406),
(8421, 2, 17, 4323224800, 903457444),
(8422, 3, 25, 4323224800, 392650784),
(8423, 1, 26, 4323224800, 895117759),
(8424, 0, 44, 4323249050, 0),
(8425, 1, 39, 4323249050, 0),
(8426, 3, 15, 4323249050, 0),
(8427, 2, 20, 4323249050, 0),
(8428, 5, 0, 4323249050, 0),
(8429, 2, 14, 4323249050, 0),
(8430, 2, 182, 4323249050, 0),
(8431, 3, 11, 4323249050, 0),
(8432, 2, 13, 4323249050, 0),
(8433, 1, 188, 4323249050, 0),
(8434, 2, 38, 4323249050, 0),
(8435, 0, 42, 4323249050, 0),
(8436, 0, 73, 4323249050, 0),
(8437, 1, 12, 4323249050, 0),
(8438, 3, 29, 4323207485, 199492724),
(8439, 4, 34, 4323207485, 199492724),
(8440, 2, 34, 4323207485, 101519705),
(8441, 2, 11, 4323207485, 193336906),
(8442, 3, 34, 4323207485, 193336906),
(8443, 2, 36, 4323224800, 198332373),
(8444, 5, 75, 4323224800, 198332373),
(8445, 3, 36, 4323224800, 162278265),
(8446, 0, 29, 4323224800, 276597726),
(8447, 3, 182, 4323207485, 165040279),
(8448, 5, 29, 4323207485, 483128726),
(8449, 5, 75, 4323207485, 163558843),
(8450, 1, 29, 4323207485, 114974511),
(8451, 5, 29, 4323207485, 193336906),
(8452, 1, 29, 4323224800, 910084406),
(8453, 2, 27, 4323224800, 158487928),
(8454, 2, 50, 4323224800, 392650784),
(8455, 0, 29, 4323224800, 439317338),
(8456, 5, 214, 4323224800, 276597726),
(8457, 4, 29, 4323224800, 895117759),
(8458, 3, 29, 4323224800, 490372391),
(8459, 3, 36, 4323224800, 910084406),
(8460, 0, 63, 4323224800, 903457444),
(8461, 0, 43, 4323224800, 162278265),
(8462, 3, 240, 4323207485, 276368906),
(8463, 2, 56, 4323207485, 178002197),
(8464, 5, 16, 4323207485, 199492724),
(8465, 0, 29, 4323207485, 316690185),
(8466, 3, 63, 4323224800, 490372391),
(8467, 1, 29, 4323224800, 158487928),
(8468, 3, 241, 4323224800, 392650784),
(8469, 4, 27, 4323224800, 392650784),
(8470, 5, 16, 4323224800, 392650784),
(8471, 0, 34, 4323207485, 165040279),
(8472, 4, 41, 4323207485, 163558843),
(8473, 1, 34, 4323207485, 114974511),
(8474, 0, 77, 4323249050, 0),
(8475, 0, 75, 4323249050, 0),
(8476, 4, 63, 4323224800, 198332373),
(8477, 4, 265, 4323207485, 276368906),
(8478, 3, 36, 4323207485, 199492724),
(8479, 4, 75, 4323207485, 199492724),
(8480, 1, 34, 4323207485, 316690185),
(8481, 2, 218, 4323207485, 316690185),
(8482, 1, 29, 4323207485, 165040279),
(8483, 5, 265, 4323207485, 165040279),
(8484, 3, 36, 4323207485, 114974511),
(8485, 5, 29, 4323207485, 101519705),
(8486, 4, 265, 4323207485, 101519705),
(8487, 1, 178, 4323207485, 193336906),
(8488, 4, 0, 4323245659, 131380551),
(8489, 3, 0, 4323245659, 118233883),
(8490, 3, 0, 4323245659, 135673679),
(8491, 5, 0, 4323245659, 75390186),
(8492, 2, 0, 4323245659, 104963314),
(8493, 4, 0, 4323245659, 397574220),
(8494, 1, 0, 4323245659, 211531481),
(8495, 5, 0, 4323245659, 113874152),
(8496, 4, 0, 4323245659, 127077041),
(8497, 3, 0, 4323245659, 86940305),
(8498, 0, 44, 4323231369, 135878232),
(8499, 2, 14, 4323231369, 135878232),
(8500, 5, 16, 4323231369, 135878232),
(8501, 0, 44, 4323231369, 139876032),
(8502, 4, 16, 4323231369, 139876032),
(8503, 2, 39, 4323231369, 139876032),
(8504, 3, 34, 4323231369, 139876032),
(8505, 1, 42, 4323231369, 397462905),
(8506, 1, 44, 4323231369, 397462905),
(8507, 2, 39, 4323231369, 397462905),
(8508, 3, 216, 4323231369, 397462905),
(8509, 0, 16, 4323231369, 255219872),
(8510, 1, 44, 4323231369, 255219872),
(8511, 2, 20, 4323231369, 255219872),
(8512, 1, 15, 4323231369, 255219872),
(8513, 1, 241, 4323231369, 134276083),
(8514, 2, 13, 4323231369, 134276083),
(8515, 3, 182, 4323231369, 134276083),
(8516, 4, 16, 4323231369, 134276083),
(8517, 5, 11, 4323231369, 134276083),
(8518, 0, 182, 4323231369, 94049589),
(8519, 1, 44, 4323231369, 94049589),
(8520, 0, 240, 4323231369, 86785083),
(8521, 5, 16, 4323231369, 86785083),
(8522, 2, 44, 4323231369, 86785083),
(8523, 4, 39, 4323231369, 86785083),
(8524, 0, 44, 4323231369, 81852496),
(8525, 5, 14, 4323231369, 81852496),
(8526, 2, 16, 4323231369, 81852496),
(8527, 0, 181, 4323231369, 295697470),
(8528, 5, 16, 4323231369, 295697470),
(8529, 4, 44, 4323231369, 295697470),
(8530, 1, 241, 4323231369, 177411785),
(8531, 5, 16, 4323231369, 177411785),
(8532, 1, 20, 4323231369, 177411785),
(8533, 3, 182, 4323231369, 177411785),
(8534, 4, 14, 4323231369, 177411785),
(8535, 4, 36, 4323249050, 0),
(8536, 5, 34, 4323249050, 0),
(8537, 4, 60, 4323224800, 490372391),
(8538, 4, 73, 4323224800, 910084406),
(8539, 0, 63, 4323224800, 439317338),
(8540, 2, 244, 4323224800, 162278265),
(8541, 4, 50, 4323224800, 895117759),
(8542, 5, 36, 4323207485, 276368906),
(8543, 5, 265, 4323207485, 199492724),
(8544, 2, 244, 4323207485, 114974511),
(8545, 2, 218, 4323207485, 114974511),
(8546, 5, 180, 4323207485, 193336906),
(8547, 2, 29, 4323249050, 0),
(8548, 5, 257, 4323224800, 490372391),
(8549, 3, 12, 4323224800, 392650784),
(8550, 4, 94, 4323224800, 392650784),
(8551, 1, 18, 4323224800, 439317338),
(8552, 5, 94, 4323207485, 276368906),
(8553, 5, 4, 4323207485, 199492724),
(8554, 2, 42, 4323207485, 316690185),
(8555, 3, 265, 4323207485, 316690185),
(8556, 3, 2, 4323207485, 483128726),
(8557, 1, 265, 4323207485, 483128726),
(8558, 4, 43, 4323207485, 114974511),
(8559, 4, 94, 4323207485, 193336906),
(8560, 4, 44, 4323231369, 134276083),
(8561, 1, 29, 4323231369, 86785083),
(8562, 4, 34, 4323231369, 81852496),
(8563, 2, 75, 4323231369, 177411785),
(8564, 1, 265, 4323249050, 0),
(8565, 0, 178, 4323224800, 158487928),
(8566, 3, 42, 4323224800, 158487928),
(8567, 3, 236, 4323224800, 439317338),
(8568, 1, 23, 4323224800, 276597726),
(8569, 5, 1, 4323207485, 178002197),
(8570, 2, 50, 4323207485, 199492724),
(8571, 1, 63, 4323207485, 163558843),
(8572, 1, 214, 4323207485, 114974511),
(8573, 4, 34, 4323231369, 135878232),
(8574, 4, 29, 4323231369, 255219872),
(8575, 1, 73, 4323231369, 134276083),
(8576, 3, 4, 4323249050, 0),
(8577, 5, 216, 4323249050, 0),
(8578, 1, 29, 4323207485, 178002197),
(8579, 5, 188, 4323207485, 114974511),
(8580, 4, 216, 4323207485, 114974511),
(8581, 1, 215, 4323224800, 198332373),
(8582, 5, 180, 4323224800, 910084406),
(8583, 1, 216, 4323224800, 903457444);
INSERT INTO `matches_item_inventory` (`id`, `slot`, `item_id`, `match_id`, `player_id`) VALUES
(8584, 3, 6, 4323224800, 903457444),
(8585, 3, 88, 4323224800, 392650784),
(8586, 5, 44, 4323224800, 392650784),
(8587, 2, 215, 4323224800, 895117759),
(8588, 2, 29, 4323231369, 94049589),
(8589, 2, 34, 4323231369, 86785083),
(8590, 2, 75, 4323231369, 81852496),
(8591, 3, 39, 4323231369, 81852496),
(8592, 0, 180, 4323249050, 0),
(8593, 0, 50, 4323249050, 0),
(8594, 3, 2, 4323249050, 0),
(8595, 3, 164, 4323207485, 276368906),
(8596, 0, 34, 4323207485, 178002197),
(8597, 5, 26, 4323207485, 199492724),
(8598, 5, 73, 4323207485, 165040279),
(8599, 5, 63, 4323207485, 483128726),
(8600, 1, 20, 4323207485, 101519705),
(8601, 4, 12, 4323207485, 101519705),
(8602, 4, 2, 4323224800, 903457444),
(8603, 1, 180, 4323224800, 158487928),
(8604, 3, 41, 4323224800, 439317338),
(8605, 1, 38, 4323224800, 895117759),
(8606, 1, 75, 4323231369, 135878232),
(8607, 4, 241, 4323231369, 139876032),
(8608, 5, 41, 4323231369, 255219872),
(8609, 5, 29, 4323231369, 81852496),
(8610, 1, 29, 4323231369, 295697470),
(8611, 4, 38, 4323231369, 295697470),
(8612, 1, 25, 4323249050, 0),
(8613, 5, 18, 4323249050, 0),
(8614, 0, 180, 4323207485, 316690185),
(8615, 0, 185, 4323207485, 163558843),
(8616, 4, 265, 4323207485, 114974511),
(8617, 1, 92, 4323207485, 101519705),
(8618, 5, 16, 4323207485, 101519705),
(8619, 4, 79, 4323207485, 193336906),
(8620, 4, 40, 4323224800, 910084406),
(8621, 3, 81, 4323224800, 392650784),
(8622, 4, 117, 4323224800, 392650784),
(8623, 3, 36, 4323231369, 135878232),
(8624, 4, 2, 4323231369, 135878232),
(8625, 2, 178, 4323231369, 139876032),
(8626, 5, 42, 4323231369, 139876032),
(8627, 1, 188, 4323231369, 397462905),
(8628, 3, 29, 4323231369, 397462905),
(8629, 4, 29, 4323231369, 134276083),
(8630, 1, 36, 4323231369, 94049589),
(8631, 3, 188, 4323231369, 94049589),
(8632, 4, 42, 4323231369, 94049589),
(8633, 2, 36, 4323231369, 86785083),
(8634, 0, 29, 4323231369, 177411785),
(8635, 3, 23, 4323249050, 0),
(8636, 5, 27, 4323249050, 0),
(8637, 3, 17, 4323249050, 0),
(8638, 2, 125, 4323207485, 178002197),
(8639, 5, 25, 4323207485, 165040279),
(8640, 3, 94, 4323207485, 483128726),
(8641, 4, 12, 4323207485, 483128726),
(8642, 3, 40, 4323207485, 114974511),
(8643, 0, 40, 4323207485, 101519705),
(8644, 2, 36, 4323207485, 101519705),
(8645, 1, 152, 4323224800, 198332373),
(8646, 3, 218, 4323224800, 158487928),
(8647, 2, 170, 4323224800, 439317338),
(8648, 4, 180, 4323224800, 162278265),
(8649, 5, 29, 4323231369, 135878232),
(8650, 2, 50, 4323231369, 134276083),
(8651, 5, 27, 4323231369, 94049589),
(8652, 3, 94, 4323231369, 86785083),
(8653, 5, 28, 4323231369, 86785083),
(8654, 3, 27, 4323231369, 81852496),
(8655, 0, 63, 4323231369, 177411785),
(8656, 1, 29, 4323207485, 276368906),
(8657, 2, 187, 4323207485, 276368906),
(8658, 1, 50, 4323207485, 165040279),
(8659, 5, 38, 4323207485, 165040279),
(8660, 4, 88, 4323207485, 483128726),
(8661, 0, 231, 4323207485, 193336906),
(8662, 0, 1, 4323224800, 910084406),
(8663, 5, 25, 4323224800, 903457444),
(8664, 4, 77, 4323224800, 158487928),
(8665, 4, 188, 4323224800, 158487928),
(8666, 0, 34, 4323231369, 397462905),
(8667, 2, 218, 4323231369, 397462905),
(8668, 0, 36, 4323231369, 255219872),
(8669, 4, 77, 4323231369, 255219872),
(8670, 2, 2, 4323231369, 255219872),
(8671, 5, 88, 4323231369, 86785083),
(8672, 2, 36, 4323231369, 295697470),
(8673, 3, 56, 4323249050, 0),
(8674, 4, 108, 4323224800, 490372391),
(8675, 4, 240, 4323224800, 392650784),
(8676, 5, 56, 4323224800, 392650784),
(8677, 1, 154, 4323224800, 439317338),
(8678, 0, 40, 4323224800, 162278265),
(8679, 0, 152, 4323224800, 895117759),
(8680, 2, 38, 4323245659, 131380551),
(8681, 1, 44, 4323245659, 131380551),
(8682, 4, 237, 4323245659, 131380551),
(8683, 0, 16, 4323245659, 131380551),
(8684, 1, 182, 4323245659, 118233883),
(8685, 3, 44, 4323245659, 118233883),
(8686, 4, 16, 4323245659, 118233883),
(8687, 2, 39, 4323245659, 135673679),
(8688, 2, 16, 4323245659, 135673679),
(8689, 3, 44, 4323245659, 135673679),
(8690, 4, 20, 4323245659, 135673679),
(8691, 5, 237, 4323245659, 135673679),
(8692, 0, 42, 4323245659, 75390186),
(8693, 1, 44, 4323245659, 75390186),
(8694, 3, 39, 4323245659, 75390186),
(8695, 0, 216, 4323245659, 75390186),
(8696, 4, 182, 4323245659, 75390186),
(8697, 0, 11, 4323245659, 104963314),
(8698, 1, 182, 4323245659, 104963314),
(8699, 2, 16, 4323245659, 104963314),
(8700, 3, 42, 4323245659, 104963314),
(8701, 4, 13, 4323245659, 104963314),
(8702, 5, 241, 4323245659, 104963314),
(8703, 5, 182, 4323245659, 397574220),
(8704, 3, 16, 4323245659, 397574220),
(8705, 4, 44, 4323245659, 397574220),
(8706, 5, 16, 4323245659, 211531481),
(8707, 2, 15, 4323245659, 211531481),
(8708, 3, 20, 4323245659, 211531481),
(8709, 4, 237, 4323245659, 211531481),
(8710, 5, 241, 4323245659, 211531481),
(8711, 0, 44, 4323245659, 113874152),
(8712, 4, 39, 4323245659, 113874152),
(8713, 1, 182, 4323245659, 113874152),
(8714, 0, 216, 4323245659, 113874152),
(8715, 1, 44, 4323245659, 127077041),
(8716, 1, 39, 4323245659, 127077041),
(8717, 2, 237, 4323245659, 127077041),
(8718, 3, 42, 4323245659, 127077041),
(8719, 4, 16, 4323245659, 127077041),
(8720, 5, 15, 4323245659, 127077041),
(8721, 0, 216, 4323245659, 86940305),
(8722, 2, 16, 4323245659, 86940305),
(8723, 3, 44, 4323245659, 86940305),
(8724, 0, 63, 4323231369, 135878232),
(8725, 4, 43, 4323231369, 139876032),
(8726, 5, 265, 4323231369, 139876032),
(8727, 2, 43, 4323231369, 397462905),
(8728, 4, 21, 4323231369, 134276083),
(8729, 5, 31, 4323231369, 81852496),
(8730, 3, 20, 4323231369, 295697470),
(8731, 4, 13, 4323231369, 295697470),
(8732, 5, 37, 4323231369, 177411785),
(8733, 3, 236, 4323249050, 0),
(8734, 2, 63, 4323249050, 0),
(8735, 0, 31, 4323249050, 0),
(8736, 4, 240, 4323249050, 0),
(8737, 3, 28, 4323249050, 0),
(8738, 4, 131, 4323207485, 276368906),
(8739, 4, 242, 4323207485, 178002197),
(8740, 3, 38, 4323207485, 178002197),
(8741, 1, 1, 4323207485, 199492724),
(8742, 4, 188, 4323207485, 316690185),
(8743, 4, 81, 4323207485, 483128726),
(8744, 5, 244, 4323207485, 101519705),
(8745, 1, 24, 4323224800, 198332373),
(8746, 3, 151, 4323224800, 903457444),
(8747, 1, 92, 4323224800, 162278265),
(8748, 2, 63, 4323231369, 255219872),
(8749, 0, 218, 4323231369, 94049589),
(8750, 3, 81, 4323231369, 86785083),
(8751, 0, 131, 4323231369, 81852496),
(8752, 1, 102, 4323249050, 0),
(8753, 5, 7, 4323249050, 0),
(8754, 2, 131, 4323249050, 0),
(8755, 3, 40, 4323249050, 0),
(8756, 3, 170, 4323207485, 163558843),
(8757, 5, 214, 4323207485, 101519705),
(8758, 0, 249, 4323224800, 198332373),
(8759, 1, 40, 4323224800, 198332373),
(8760, 4, 218, 4323245659, 131380551),
(8761, 5, 237, 4323245659, 118233883),
(8762, 1, 34, 4323245659, 75390186),
(8763, 1, 44, 4323245659, 104963314),
(8764, 0, 34, 4323245659, 397574220),
(8765, 0, 39, 4323245659, 211531481),
(8766, 2, 11, 4323245659, 113874152),
(8767, 0, 29, 4323245659, 127077041),
(8768, 4, 244, 4323231369, 135878232),
(8769, 5, 261, 4323231369, 135878232),
(8770, 3, 36, 4323231369, 139876032),
(8771, 4, 218, 4323231369, 139876032),
(8772, 5, 92, 4323231369, 139876032),
(8773, 0, 36, 4323231369, 397462905),
(8774, 2, 16, 4323231369, 397462905),
(8775, 3, 38, 4323231369, 255219872),
(8776, 1, 23, 4323231369, 255219872),
(8777, 4, 252, 4323231369, 134276083),
(8778, 2, 17, 4323231369, 81852496),
(8779, 4, 73, 4323231369, 295697470),
(8780, 5, 176, 4323231369, 177411785),
(8781, 0, 170, 4323249050, 0),
(8782, 5, 94, 4323249050, 0),
(8783, 2, 215, 4323249050, 0),
(8784, 0, 48, 4323224800, 490372391),
(8785, 4, 42, 4323245659, 131380551),
(8786, 1, 36, 4323245659, 135673679),
(8787, 3, 73, 4323245659, 104963314),
(8788, 2, 11, 4323245659, 397574220),
(8789, 5, 77, 4323245659, 211531481),
(8790, 0, 34, 4323245659, 86940305),
(8791, 2, 185, 4323231369, 135878232),
(8792, 4, 86, 4323231369, 86785083),
(8793, 5, 31, 4323231369, 86785083),
(8794, 0, 254, 4323249050, 0),
(8795, 1, 88, 4323249050, 0),
(8796, 4, 90, 4323207485, 276368906),
(8797, 3, 21, 4323207485, 199492724),
(8798, 1, 31, 4323207485, 316690185),
(8799, 3, 36, 4323207485, 316690185),
(8800, 0, 20, 4323207485, 114974511),
(8801, 2, 13, 4323207485, 114974511),
(8802, 1, 102, 4323224800, 910084406),
(8803, 1, 22, 4323224800, 903457444),
(8804, 2, 18, 4323224800, 903457444),
(8805, 3, 8, 4323224800, 895117759),
(8806, 2, 56, 4323245659, 118233883),
(8807, 0, 29, 4323245659, 135673679),
(8808, 0, 36, 4323245659, 397574220),
(8809, 1, 20, 4323245659, 397574220),
(8810, 0, 44, 4323245659, 211531481),
(8811, 2, 42, 4323245659, 86940305),
(8812, 0, 38, 4323245659, 86940305),
(8813, 0, 27, 4323231369, 139876032),
(8814, 1, 102, 4323231369, 255219872),
(8815, 5, 131, 4323231369, 86785083),
(8816, 2, 38, 4323231369, 81852496),
(8817, 5, 63, 4323231369, 81852496),
(8818, 3, 92, 4323231369, 295697470),
(8819, 4, 60, 4323249050, 0),
(8820, 5, 152, 4323249050, 0),
(8821, 0, 36, 4323207485, 178002197),
(8822, 0, 73, 4323207485, 114974511),
(8823, 4, 23, 4323207485, 193336906),
(8824, 1, 170, 4323224800, 903457444),
(8825, 4, 52, 4323224800, 439317338),
(8826, 2, 218, 4323224800, 162278265),
(8827, 2, 21, 4323224800, 276597726),
(8828, 2, 143, 4323224800, 895117759),
(8829, 3, 34, 4323245659, 131380551),
(8830, 2, 29, 4323245659, 75390186),
(8831, 2, 265, 4323245659, 104963314),
(8832, 3, 14, 4323245659, 397574220),
(8833, 3, 29, 4323245659, 113874152),
(8834, 3, 178, 4323245659, 113874152),
(8835, 4, 36, 4323231369, 81852496),
(8836, 0, 188, 4323231369, 295697470),
(8837, 3, 117, 4323231369, 177411785),
(8838, 5, 244, 4323249050, 0),
(8839, 5, 166, 4323249050, 0),
(8840, 3, 154, 4323207485, 163558843),
(8841, 4, 102, 4323207485, 193336906),
(8842, 1, 125, 4323224800, 392650784),
(8843, 4, 75, 4323245659, 118233883),
(8844, 5, 29, 4323245659, 118233883),
(8845, 2, 41, 4323245659, 135673679),
(8846, 0, 265, 4323245659, 75390186),
(8847, 0, 244, 4323245659, 211531481),
(8848, 1, 29, 4323245659, 211531481),
(8849, 3, 36, 4323245659, 127077041),
(8850, 1, 216, 4323245659, 127077041),
(8851, 5, 166, 4323231369, 135878232),
(8852, 0, 94, 4323231369, 139876032),
(8853, 1, 4, 4323231369, 139876032),
(8854, 0, 1, 4323231369, 134276083),
(8855, 3, 24, 4323231369, 177411785),
(8856, 5, 57, 4323249050, 0),
(8857, 0, 154, 4323249050, 0),
(8858, 4, 184, 4323249050, 0),
(8859, 0, 116, 4323207485, 199492724),
(8860, 1, 131, 4323207485, 316690185),
(8861, 5, 100, 4323224800, 490372391),
(8862, 0, 22, 4323224800, 276597726),
(8863, 5, 18, 4323245659, 118233883),
(8864, 3, 15, 4323245659, 135673679),
(8865, 5, 29, 4323245659, 104963314),
(8866, 4, 75, 4323245659, 397574220),
(8867, 5, 2, 4323245659, 397574220),
(8868, 3, 214, 4323245659, 211531481),
(8869, 4, 188, 4323245659, 86940305),
(8870, 5, 94, 4323231369, 397462905),
(8871, 4, 88, 4323231369, 397462905),
(8872, 4, 190, 4323231369, 255219872),
(8873, 3, 21, 4323231369, 81852496),
(8874, 1, 21, 4323249050, 0),
(8875, 2, 90, 4323249050, 0),
(8876, 3, 61, 4323249050, 0),
(8877, 2, 229, 4323207485, 276368906),
(8878, 2, 116, 4323207485, 165040279),
(8879, 4, 257, 4323207485, 114974511),
(8880, 1, 267, 4323207485, 101519705),
(8881, 1, 188, 4323245659, 131380551),
(8882, 3, 36, 4323245659, 131380551),
(8883, 3, 73, 4323245659, 75390186),
(8884, 3, 29, 4323245659, 397574220),
(8885, 4, 88, 4323245659, 113874152),
(8886, 5, 94, 4323245659, 113874152),
(8887, 5, 77, 4323245659, 127077041),
(8888, 2, 214, 4323231369, 94049589),
(8889, 3, 244, 4323231369, 94049589),
(8890, 5, 90, 4323231369, 86785083),
(8891, 5, 61, 4323231369, 295697470),
(8892, 4, 160, 4323231369, 177411785),
(8893, 2, 8, 4323249050, 0),
(8894, 4, 6, 4323249050, 0),
(8895, 1, 48, 4323207485, 178002197),
(8896, 2, 100, 4323207485, 178002197),
(8897, 2, 244, 4323207485, 316690185),
(8898, 5, 63, 4323245659, 104963314),
(8899, 0, 36, 4323245659, 211531481),
(8900, 4, 188, 4323245659, 127077041),
(8901, 4, 86, 4323231369, 139876032),
(8902, 4, 257, 4323231369, 139876032),
(8903, 3, 149, 4323231369, 134276083),
(8904, 4, 43, 4323245659, 131380551),
(8905, 2, 69, 4323245659, 118233883),
(8906, 4, 77, 4323245659, 135673679),
(8907, 5, 261, 4323245659, 135673679),
(8908, 3, 244, 4323245659, 135673679),
(8909, 3, 63, 4323245659, 397574220),
(8910, 1, 23, 4323245659, 211531481),
(8911, 4, 81, 4323245659, 113874152),
(8912, 4, 242, 4323231369, 86785083),
(8913, 5, 25, 4323245659, 113874152),
(8914, 1, 36, 4323245659, 86940305),
(8915, 3, 9, 4323231369, 255219872),
(8916, 5, 261, 4323231369, 94049589),
(8917, 0, 11, 4323245659, 118233883),
(8918, 3, 63, 4323245659, 118233883),
(8919, 0, 214, 4323245659, 127077041),
(8920, 5, 29, 4323245659, 86940305),
(8921, 3, 141, 4323231369, 134276083),
(8922, 0, 244, 4323231369, 295697470),
(8923, 5, 0, 4323301505, 0),
(8924, 0, 50, 4323245659, 113874152),
(8925, 1, 257, 4323245659, 127077041),
(8926, 4, 170, 4323231369, 135878232),
(8927, 0, 29, 4323245659, 131380551),
(8928, 4, 185, 4323245659, 104963314),
(8929, 3, 218, 4323245659, 86940305),
(8930, 3, 267, 4323231369, 295697470),
(8931, 3, 42, 4323301505, 0),
(8932, 1, 188, 4323301505, 0),
(8933, 0, 44, 4323301505, 0),
(8934, 2, 38, 4323301505, 0),
(8935, 1, 102, 4323245659, 211531481),
(8936, 4, 154, 4323231369, 135878232),
(8937, 3, 116, 4323231369, 81852496),
(8938, 1, 39, 4323301505, 0),
(8939, 2, 182, 4323301505, 0),
(8940, 4, 16, 4323301505, 0),
(8941, 5, 241, 4323301505, 0),
(8942, 0, 77, 4323301505, 0),
(8943, 0, 237, 4323301505, 0),
(8944, 3, 11, 4323301505, 0),
(8945, 4, 15, 4323301505, 0),
(8946, 3, 13, 4323301505, 0),
(8947, 5, 0, 4323303556, 129619385),
(8948, 5, 0, 4323303556, 888517623),
(8949, 5, 0, 4323303556, 250480867),
(8950, 5, 0, 4323303556, 419958501),
(8951, 5, 0, 4323303556, 459013672),
(8952, 5, 0, 4323303556, 427558921),
(8953, 5, 0, 4323303556, 241499365),
(8954, 5, 0, 4323303556, 135391636),
(8955, 5, 0, 4323303556, 379430550),
(8956, 5, 0, 4323303556, 52444176),
(8957, 0, 214, 4323245659, 135673679),
(8958, 2, 20, 4323245659, 86940305),
(8959, 3, 43, 4323245659, 86940305),
(8960, 4, 13, 4323245659, 86940305),
(8961, 5, 244, 4323245659, 131380551),
(8962, 1, 25, 4323245659, 118233883),
(8963, 5, 51, 4323245659, 397574220),
(8964, 4, 42, 4323245659, 211531481),
(8965, 3, 119, 4323231369, 255219872),
(8966, 0, 20, 4323301505, 0);

-- --------------------------------------------------------

--
-- Table structure for table `matches_match`
--

CREATE TABLE `matches_match` (
  `match_id` bigint(20) NOT NULL,
  `spectator` int(11) NOT NULL,
  `series_type` int(11) NOT NULL,
  `r_wins` int(11) NOT NULL,
  `d_wins` int(11) NOT NULL,
  `duration` int(11) NOT NULL,
  `roshan_respawn_timer` int(11) NOT NULL,
  `r_score` int(11) NOT NULL,
  `d_score` int(11) NOT NULL,
  `r_tower_state` int(11) NOT NULL,
  `d_tower_state` int(11) NOT NULL,
  `r_barracks_state` int(11) NOT NULL,
  `d_barracks_state` int(11) NOT NULL,
  `date` datetime(6) NOT NULL,
  `d_team_id` int(11) NOT NULL,
  `r_team_id` int(11) NOT NULL
) ENGINE=InnoDB DEFAULT CHARSET=utf8;

--
-- Dumping data for table `matches_match`
--

INSERT INTO `matches_match` (`match_id`, `spectator`, `series_type`, `r_wins`, `d_wins`, `duration`, `roshan_respawn_timer`, `r_score`, `d_score`, `r_tower_state`, `d_tower_state`, `r_barracks_state`, `d_barracks_state`, `date`, `d_team_id`, `r_team_id`) VALUES
(0, 0, 0, 0, 0, 0, 0, 0, 0, 0, 0, 0, 0, '2019-01-08 22:05:32.874949', 6519200, 2310427),
(4320543680, 1, 0, 0, 0, 2271, 87, 42, 46, 518, 1956, 3, 63, '2019-01-07 22:29:59.057939', 6546767, 1699687),
(4320559088, 1, 0, 0, 0, 2261, 0, 44, 45, 1542, 2022, 3, 63, '2019-01-07 22:29:59.057939', 4997606, 4997576),
(4320601176, 0, 0, 0, 0, 728, 0, 11, 10, 2047, 2039, 63, 63, '2019-01-07 23:00:49.768658', 3758279, 2837988),
(4320605791, 1, 0, 0, 0, 3056, 0, 12, 40, 1828, 1540, 63, 3, '2019-01-07 23:30:01.283111', 4997576, 4997618),
(4320620809, 7, 0, 0, 0, 2082, 533, 27, 34, 1799, 1844, 51, 63, '2019-01-07 23:59:36.432940', 6633390, 6656923),
(4320629209, 1, 0, 0, 0, 2287, 0, 35, 30, 1572, 1924, 15, 55, '2019-01-07 23:44:49.225547', 4997583, 4997576),
(4320648597, 3, 0, 0, 0, 0, 0, 0, 0, 2047, 2047, 63, 63, '2019-01-07 23:59:36.432940', 6656816, 5769029),
(4320660759, 1, 0, 0, 0, 2163, 243, 11, 44, 6, 1846, 3, 63, '2019-01-08 00:32:43.917608', 4997606, 4997618),
(4320686482, 1, 0, 0, 0, 1548, 0, 19, 30, 2023, 1830, 63, 63, '2019-01-08 01:02:27.438847', 4997576, 4997583),
(4320689190, 6, 0, 0, 0, 0, 0, 0, 0, 2047, 2047, 63, 63, '2019-01-08 01:02:27.438847', 6655635, 6633390),
(4321171381, 1611, 0, 0, 0, 1766, 185, 14, 24, 1792, 2038, 48, 63, '2019-01-08 09:52:58.893028', 5207190, 2581813),
(4321188948, 1, 0, 0, 0, 2196, 0, 40, 39, 1824, 1830, 63, 63, '2019-01-08 09:52:58.893028', 4997606, 4997576),
(4321192332, 1, 0, 0, 0, 1247, 0, 29, 23, 1983, 1830, 63, 63, '2019-01-08 09:52:27.523938', 5231262, 5155535),
(4321252305, 1639, 0, 0, 0, 1360, 620, 15, 15, 1846, 2046, 63, 63, '2019-01-08 10:42:52.064425', 5207190, 2581813),
(4321256255, 1036, 1, 0, 0, 1714, 559, 14, 16, 1798, 1828, 63, 63, '2019-01-08 10:51:12.875536', 5464491, 6615678),
(4321260691, 1, 0, 0, 0, 1733, 0, 59, 18, 2047, 1028, 63, 3, '2019-01-08 10:38:03.262006', 4997583, 4997606),
(4321311502, 1, 0, 0, 0, 2189, 0, 44, 34, 2046, 1540, 63, 3, '2019-01-08 11:17:49.214407', 4997576, 4997606),
(4321346882, 41, 0, 0, 0, 0, 0, 0, 0, 0, 0, 0, 0, '2019-01-08 11:10:39.692344', 6306453, 2581813),
(4321357263, 686, 0, 0, 0, 0, 0, 0, 0, 0, 0, 0, 0, '2019-01-08 11:26:17.390910', 6306453, 2581813),
(4321359372, 0, 0, 0, 0, 0, 0, 0, 0, 2047, 2047, 63, 63, '2019-01-08 11:26:17.390910', 4145954, 3961185),
(4321377745, 2, 0, 0, 0, 251, 0, 2, 0, 2047, 2047, 63, 63, '2019-01-08 11:25:38.117140', 4997583, 4997576),
(4321569487, 37, 0, 0, 0, 1075, 0, 12, 10, 1983, 1956, 63, 63, '2019-01-08 13:44:56.620521', 6592353, 4817649),
(4321586085, 2, 0, 0, 0, 2320, 0, 16, 36, 1536, 1952, 0, 61, '2019-01-08 13:44:56.620521', 4997583, 4997618),
(4321596478, 2, 0, 0, 0, 1274, 0, 17, 19, 1798, 2040, 59, 63, '2019-01-08 13:49:03.914898', 5530972, 6633236),
(4321597070, 28, 0, 0, 0, 1002, 0, 14, 10, 2046, 1542, 63, 35, '2019-01-08 13:47:43.067091', 6592834, 6435807),
(4321599393, 1, 0, 0, 0, 1135, 0, 18, 11, 1974, 2039, 63, 63, '2019-01-08 13:49:03.914898', 5250692, 2345508),
(4321600749, 1, 0, 0, 0, 694, 0, 9, 15, 1975, 2046, 63, 63, '2019-01-08 13:41:32.483251', 5588972, 6447047),
(4321623382, 8, 1, 0, 0, 460, 0, 5, 6, 2047, 2047, 63, 63, '2019-01-08 13:49:03.914898', 5968964, 5226477),
(4321679542, 0, 0, 0, 0, 0, 0, 0, 0, 2047, 2047, 63, 63, '2019-01-08 13:47:43.067091', 4997618, 4997583),
(4321860780, 6, 0, 0, 0, 2645, 150, 28, 34, 1958, 544, 63, 13, '2019-01-08 16:19:45.765644', 5261662, 5103710),
(4321866214, 0, 0, 0, 0, 2614, 352, 36, 50, 1796, 1974, 51, 63, '2019-01-08 16:17:14.286049', 3852685, 6657134),
(4321874062, 0, 0, 0, 0, 1129, 0, 10, 24, 1828, 2039, 63, 63, '2019-01-08 15:59:33.836001', 6268478, 5250692),
(4321898257, 6, 0, 0, 0, 3041, 0, 45, 50, 256, 1572, 48, 15, '2019-01-08 16:24:37.203143', 4997606, 4997576),
(4321902231, 6, 0, 0, 0, 541, 0, 6, 15, 1975, 2047, 63, 63, '2019-01-08 16:03:27.074082', 6614598, 4287534),
(4321906366, 1, 0, 0, 0, 2166, 443, 35, 45, 1536, 2046, 0, 63, '2019-01-08 16:28:59.076979', 5141401, 6547344),
(4321912684, 7, 0, 0, 0, 1700, 502, 23, 17, 1846, 1924, 63, 63, '2019-01-08 16:26:39.889021', 5072220, 6210006),
(4321926394, 0, 0, 0, 0, 1620, 594, 40, 24, 1852, 1796, 63, 51, '2019-01-08 16:34:58.214540', 3549532, 5251516),
(4321941799, 1, 0, 0, 0, 3319, 241, 33, 39, 1536, 1536, 3, 48, '2019-01-08 17:08:25.273621', 6634564, 6490793),
(4321952988, 1, 0, 0, 0, 1241, 0, 17, 22, 2046, 1958, 63, 63, '2019-01-08 16:41:54.082050', 780735, 6615008),
(4321961578, 1, 0, 0, 0, 1429, 500, 30, 15, 2047, 1828, 63, 63, '2019-01-08 16:55:30.923499', 6622787, 6544125),
(4321962310, 0, 0, 0, 0, 0, 0, 0, 0, 0, 0, 0, 0, '2019-01-08 16:08:25.651611', 6165859, 5324412),
(4321968468, 1, 0, 0, 0, 1345, 0, 30, 14, 1982, 1572, 63, 31, '2019-01-08 16:59:38.346753', 6473504, 6268478),
(4321972694, 7, 0, 0, 0, 3214, 340, 63, 39, 1828, 1798, 63, 55, '2019-01-08 17:23:49.729271', 5272887, 6516921),
(4321983608, 6, 0, 0, 0, 2863, 483, 45, 49, 1792, 1540, 48, 31, '2019-01-08 17:37:25.754900', 854742, 6570198),
(4321992529, 0, 0, 0, 0, 2372, 0, 35, 61, 4, 2020, 3, 63, '2019-01-08 17:08:25.273621', 4997606, 4997583),
(4321996307, 0, 0, 0, 0, 2094, 0, 31, 48, 1828, 1975, 63, 63, '2019-01-08 17:23:49.729271', 6293590, 6657134),
(4321999682, 1, 1, 0, 0, 1778, 71, 25, 38, 6, 1983, 3, 63, '2019-01-08 17:26:39.298375', 6294679, 3415105),
(4322009069, 0, 0, 0, 0, 1629, 588, 29, 22, 1983, 2038, 63, 63, '2019-01-08 17:20:38.405778', 5141401, 3492901),
(4322026870, 1, 0, 0, 0, 1950, 207, 25, 27, 1983, 1792, 63, 51, '2019-01-08 17:34:33.417504', 3757892, 6465095),
(4322045289, 1, 0, 0, 0, 1294, 408, 13, 36, 1792, 2039, 48, 63, '2019-01-08 17:37:25.754900', 5080267, 6622787),
(4322050071, 0, 0, 0, 0, 923, 0, 25, 15, 1975, 2047, 63, 63, '2019-01-08 17:40:03.739139', 6267305, 6241488),
(4322052586, 1, 0, 0, 0, 690, 0, 4, 7, 2047, 2047, 63, 63, '2019-01-08 17:40:03.739139', 4429274, 5933678),
(4322052656, 0, 0, 0, 0, 1138, 0, 21, 15, 1983, 1974, 63, 63, '2019-01-08 17:40:03.739139', 927146, 4989115),
(4322052791, 1, 0, 0, 0, 999, 0, 23, 19, 1983, 1974, 63, 63, '2019-01-08 17:40:03.739139', 2345508, 5766335),
(4322053490, 1196, 1, 0, 0, 992, 0, 9, 13, 2047, 1974, 63, 63, '2019-01-08 17:37:25.754900', 6166915, 3214090),
(4322056047, 0, 0, 0, 0, 0, 0, 0, 0, 0, 0, 0, 0, '2019-01-08 17:20:38.405778', 6656781, 6268478),
(4322062105, 1, 0, 0, 0, 1214, 0, 8, 0, 2047, 1988, 63, 59, '2019-01-08 17:32:06.234568', 4997618, 4997576),
(4322063249, 6, 0, 0, 0, 690, 0, 15, 12, 2039, 2047, 63, 63, '2019-01-08 17:40:03.739139', 6434526, 6657392),
(4322077803, 0, 0, 0, 0, 138, 0, 0, 0, 2047, 2047, 63, 63, '2019-01-08 17:40:03.739139', 5172230, 6490793),
(4322098159, 0, 0, 0, 0, 0, 0, 0, 0, 0, 0, 0, 0, '2019-01-08 17:40:03.739139', 5723665, 5898420),
(4322101209, 0, 0, 0, 0, 201, 0, 0, 0, 2047, 2047, 63, 63, '2019-01-08 17:40:03.739139', 4997583, 4997576),
(4322416309, 2, 0, 0, 0, 2830, 489, 7, 40, 388, 1828, 51, 63, '2019-01-08 22:46:22.889326', 4997576, 4997618),
(4322423713, 2, 0, 0, 0, 864, 0, 8, 7, 2047, 1972, 63, 63, '2019-01-08 22:57:41.249510', 6519200, 2310427),
(4322424614, 2, 0, 0, 0, 529, 0, 7, 6, 2047, 2047, 63, 63, '2019-01-08 22:38:29.729609', 6239300, 6591050),
(4322434209, 0, 0, 0, 0, 3007, 0, 49, 59, 1540, 1828, 55, 63, '2019-01-08 23:13:32.829177', 4997576, 4997606),
(4322438766, 493, 0, 0, 0, 641, 0, 7, 16, 1590, 2036, 47, 63, '2019-01-08 22:49:14.693069', 5327206, 5055770),
(4322455822, 953, 0, 0, 0, 674, 0, 16, 23, 1975, 2038, 63, 63, '2019-01-08 23:13:32.829177', 5327206, 5055770),
(4322464323, 1, 0, 0, 0, 0, 0, 0, 0, 0, 0, 0, 0, '2019-01-08 23:13:32.829177', 6019666, 4145263),
(4322465280, 14, 0, 0, 0, 2082, 594, 25, 46, 1798, 1844, 63, 63, '2019-01-09 00:01:23.305425', 600542, 6657504),
(4322469210, 1, 0, 0, 0, 3274, 0, 73, 59, 0, 1828, 48, 63, '2019-01-09 00:14:35.033941', 4997606, 4997576),
(4322490932, 805, 0, 0, 0, 508, 0, 14, 9, 2039, 1974, 63, 63, '2019-01-09 00:05:50.859874', 5055770, 5327206),
(4322504031, 506, 0, 0, 0, 313, 0, 11, 10, 2047, 2047, 63, 63, '2019-01-09 00:24:00.543186', 5055770, 5327206),
(4322506198, 2, 0, 0, 0, 0, 0, 0, 0, 0, 0, 0, 0, '2019-01-09 00:24:40.217754', 2310427, 5769029),
(4322506717, 0, 0, 0, 0, 401, 0, 3, 3, 2047, 2047, 63, 63, '2019-01-09 00:24:00.543186', 4997606, 4997583),
(4322925572, 1, 0, 0, 0, 2148, 0, 41, 2, 1854, 1028, 63, 3, '2019-01-09 08:24:59.552926', 4997618, 4997606),
(4322942001, 89, 1, 0, 0, 1555, 0, 13, 20, 1798, 1974, 59, 63, '2019-01-09 08:42:13.765106', 5868014, 6353047),
(4322943034, 3105, 1, 0, 0, 1966, 469, 21, 22, 1536, 1924, 48, 59, '2019-01-09 08:51:28.740467', 6196091, 6209143),
(4322944973, 3573, 1, 0, 0, 1122, 471, 25, 3, 1983, 1924, 63, 59, '2019-01-09 08:40:50.811202', 6214973, 2626685),
(4322952595, 29, 1, 0, 0, 1227, 0, 25, 16, 1958, 1830, 63, 63, '2019-01-09 08:44:14.415025', 6656562, 4647990),
(4322964160, 912, 0, 0, 0, 880, 0, 11, 9, 1983, 1982, 63, 63, '2019-01-09 08:55:53.880476', 6657022, 2581813),
(4322973482, 2, 0, 0, 0, 1824, 0, 44, 16, 1855, 384, 63, 48, '2019-01-09 08:58:33.790375', 4997576, 4997606),
(4323010596, 4479, 1, 0, 1, 1596, 157, 26, 17, 1983, 1792, 63, 60, '2019-01-09 09:38:57.927507', 2626685, 6214973),
(4323011914, 226, 1, 0, 0, 1629, 184, 19, 26, 1844, 1974, 63, 63, '2019-01-09 09:41:37.054350', 2640025, 5216146),
(4323015668, 2, 0, 0, 0, 2436, 0, 40, 66, 512, 1956, 3, 63, '2019-01-09 09:42:42.081478', 4997583, 4997576),
(4323019019, 94, 1, 0, 0, 1563, 0, 18, 14, 1590, 1572, 63, 63, '2019-01-09 09:47:31.843623', 6409310, 6516874),
(4323023582, 827, 1, 1, 0, 1147, 383, 2, 16, 1830, 2046, 63, 63, '2019-01-09 09:40:23.712618', 6209143, 6196091),
(4323033399, 977, 0, 0, 0, 2595, 477, 36, 41, 1572, 2020, 63, 63, '2019-01-09 10:17:37.647280', 6187657, 3659536),
(4323040700, 0, 0, 0, 0, 225, 0, 1, 0, 2047, 2047, 63, 63, '2019-01-09 09:30:32.313281', 3852685, 6096757),
(4323075408, 0, 0, 0, 0, 1640, 0, 5, 0, 2047, 1536, 63, 12, '2019-01-09 10:13:22.844170', 4997618, 4997606),
(4323089703, 414, 1, 0, 0, 2352, 23, 37, 22, 1591, 1924, 63, 51, '2019-01-09 10:53:38.030378', 5216146, 2640025),
(4323089918, 5187, 1, 1, 1, 2026, 405, 13, 38, 1540, 2046, 11, 63, '2019-01-09 10:47:30.746232', 2626685, 6214973),
(4323093994, 181, 1, 0, 0, 2374, 25, 21, 24, 1796, 1972, 63, 63, '2019-01-09 10:55:13.731056', 6516874, 5464491),
(4323096230, 1839, 1, 1, 1, 2057, 498, 20, 12, 1591, 1920, 63, 48, '2019-01-09 10:51:31.182202', 6196091, 6209143),
(4323117912, 2, 0, 0, 0, 2234, 0, 24, 10, 1830, 260, 63, 51, '2019-01-09 10:53:38.030378', 4997618, 4997576),
(4323137057, 763, 0, 0, 0, 720, 0, 16, 4, 2047, 1974, 63, 63, '2019-01-09 11:00:53.822904', 3659536, 6187657),
(4323179704, 1, 0, 0, 0, 2127, 285, 62, 31, 1982, 1542, 63, 3, '2019-01-09 11:33:16.832733', 4997583, 4997606),
(4323207485, 7, 0, 0, 0, 1594, 130, 44, 30, 1958, 1828, 63, 63, '2019-01-09 12:00:41.470565', 6353295, 5060365),
(4323224800, 0, 0, 0, 0, 1708, 0, 37, 30, 1959, 1958, 63, 63, '2019-01-09 11:58:36.626172', 2382653, 1290494),
(4323231369, 5924, 1, 0, 0, 1570, 0, 19, 17, 1830, 2038, 63, 63, '2019-01-09 12:06:32.957193', 6209143, 2626685),
(4323245659, 253, 0, 0, 0, 895, 0, 10, 12, 1983, 2038, 63, 63, '2019-01-09 12:06:32.957193', 5207190, 3659536),
(4323249050, 1, 0, 0, 0, 1505, 0, 41, 1, 1855, 1412, 63, 51, '2019-01-09 12:01:34.681194', 4997618, 4997606),
(4323301505, 0, 0, 0, 0, 42, 0, 0, 1, 2047, 2047, 63, 63, '2019-01-09 12:06:32.957193', 4997606, 4997583),
(4323303556, 0, 0, 0, 0, 0, 0, 0, 0, 0, 0, 0, 0, '2019-01-09 12:06:32.957193', 5251516, 3048192);

-- --------------------------------------------------------

--
-- Table structure for table `matches_pick`
--

CREATE TABLE `matches_pick` (
  `id` int(11) NOT NULL,
  `side` int(11) NOT NULL,
  `hero_id` int(11) NOT NULL,
  `match_id` bigint(20) NOT NULL,
  `player_id` bigint(20) NOT NULL
) ENGINE=InnoDB DEFAULT CHARSET=utf8;

--
-- Dumping data for table `matches_pick`
--

INSERT INTO `matches_pick` (`id`, `side`, `hero_id`, `match_id`, `player_id`) VALUES
(1, 0, 99, 4320689190, 0),
(2, 0, 90, 4320689190, 0),
(3, 1, 16, 4320689190, 0),
(4, 1, 27, 4320689190, 0),
(5, 0, 71, 4320689190, 0),
(6, 1, 19, 4320689190, 0),
(7, 0, 54, 4320689190, 0),
(8, 0, 65, 4320689190, 0),
(9, 1, 98, 4320689190, 0),
(10, 1, 94, 4320689190, 0),
(11, 0, 19, 4321171381, 0),
(12, 0, 98, 4321171381, 0),
(13, 0, 112, 4321171381, 0),
(14, 0, 94, 4321171381, 0),
(15, 0, 101, 4321171381, 0),
(16, 1, 91, 4321171381, 0),
(17, 1, 18, 4321171381, 0),
(18, 1, 48, 4321171381, 0),
(19, 1, 65, 4321171381, 0),
(20, 1, 23, 4321171381, 0),
(21, 0, 26, 4321192332, 0),
(22, 0, 30, 4321192332, 0),
(23, 0, 99, 4321192332, 0),
(24, 0, 92, 4321192332, 0),
(25, 0, 81, 4321192332, 0),
(26, 1, 14, 4321192332, 0),
(27, 1, 2, 4321192332, 0),
(28, 1, 50, 4321192332, 0),
(29, 1, 59, 4321192332, 0),
(30, 1, 6, 4321192332, 0),
(31, 0, 19, 4321252305, 94281932),
(32, 1, 31, 4321252305, 86940305),
(33, 1, 121, 4321252305, 127077041),
(34, 0, 16, 4321252305, 151771762),
(35, 0, 86, 4321256255, 167072778),
(36, 0, 44, 4321256255, 129748056),
(37, 1, 97, 4321256255, 141833801),
(38, 1, 50, 4321256255, 405693005),
(39, 1, 18, 4321252305, 113874152),
(40, 0, 10, 4321252305, 389022189),
(41, 1, 1, 4321252305, 397574220),
(42, 0, 78, 4321256255, 198161112),
(43, 0, 85, 4321252305, 91654584),
(44, 1, 84, 4321256255, 160371593),
(45, 0, 13, 4321252305, 316217576),
(46, 0, 29, 4321256255, 470392491),
(47, 1, 41, 4321256255, 134683396),
(48, 0, 8, 4321256255, 134711350),
(49, 1, 94, 4321256255, 875883083),
(50, 1, 23, 4321252305, 211531481),
(51, 0, 39, 4321311502, 0),
(52, 0, 104, 4321311502, 0),
(53, 0, 14, 4321311502, 0),
(54, 0, 5, 4321311502, 0),
(55, 0, 95, 4321311502, 0),
(56, 1, 101, 4321311502, 0),
(57, 1, 44, 4321311502, 0),
(58, 1, 7, 4321311502, 0),
(59, 1, 19, 4321311502, 0),
(60, 1, 42, 4321311502, 0),
(61, 1, 0, 4321346882, 101525357),
(62, 0, 0, 4321357263, 316217576),
(63, 1, 0, 4321359372, 190195262),
(64, 1, 0, 4321377745, 0),
(65, 0, 14, 4321377745, 0),
(66, 0, 49, 4321377745, 0),
(67, 0, 35, 4321377745, 0),
(68, 0, 101, 4321377745, 0),
(69, 0, 37, 4321377745, 0),
(70, 1, 32, 4321377745, 0),
(71, 1, 59, 4321377745, 0),
(72, 1, 31, 4321377745, 0),
(73, 1, 65, 4321377745, 0),
(74, 1, 93, 4321377745, 0),
(75, 0, 31, 4321359372, 336001937),
(76, 0, 29, 4321359372, 205336504),
(77, 0, 59, 4321359372, 421787439),
(78, 0, 121, 4321359372, 302269505),
(79, 0, 8, 4321359372, 178641717),
(80, 1, 82, 4321359372, 406952479),
(81, 1, 23, 4321359372, 348960219),
(82, 1, 110, 4321359372, 206121103),
(83, 1, 50, 4321359372, 133075098),
(84, 1, 97, 4321359372, 190195262),
(85, 0, 19, 4321596478, 191349240),
(86, 0, 20, 4321596478, 87751789),
(87, 0, 38, 4321596478, 172643860),
(88, 0, 80, 4321596478, 872412282),
(89, 0, 85, 4321596478, 109403489),
(90, 1, 112, 4321596478, 399546227),
(91, 1, 8, 4321596478, 210702955),
(92, 1, 50, 4321596478, 206971543),
(93, 1, 100, 4321596478, 849920317),
(94, 1, 74, 4321596478, 121014762),
(95, 0, 27, 4321600749, 454173875),
(96, 0, 31, 4321600749, 128992238),
(97, 0, 23, 4321600749, 268731216),
(98, 0, 44, 4321600749, 170489040),
(99, 0, 8, 4321600749, 191596919),
(100, 1, 59, 4321600749, 228554462),
(101, 1, 53, 4321600749, 177303051),
(102, 1, 29, 4321600749, 222045109),
(103, 1, 85, 4321600749, 340535001),
(104, 1, 112, 4321600749, 290165666),
(105, 0, 100, 4321599393, 115697997),
(106, 0, 114, 4321599393, 344245074),
(107, 0, 19, 4321599393, 66642504),
(108, 0, 111, 4321599393, 222026286),
(109, 0, 10, 4321599393, 254730364),
(110, 1, 110, 4321599393, 230277042),
(111, 1, 31, 4321599393, 175756921),
(112, 1, 93, 4321599393, 284622496),
(113, 1, 8, 4321599393, 197934936),
(114, 1, 69, 4321599393, 158455888),
(115, 0, 22, 4321586085, 0),
(116, 0, 98, 4321586085, 0),
(117, 0, 53, 4321586085, 0),
(118, 0, 4, 4321586085, 0),
(119, 0, 83, 4321586085, 0),
(120, 1, 3, 4321586085, 0),
(121, 1, 76, 4321586085, 0),
(122, 1, 62, 4321586085, 0),
(123, 1, 9, 4321586085, 0),
(124, 1, 77, 4321586085, 0),
(125, 1, 0, 4321623382, 312498649),
(126, 0, 109, 4321569487, 196931374),
(127, 0, 45, 4321569487, 175422910),
(128, 0, 27, 4321569487, 207983361),
(129, 0, 97, 4321569487, 126598297),
(130, 0, 96, 4321569487, 198631761),
(131, 1, 121, 4321569487, 176752974),
(132, 1, 8, 4321569487, 203612832),
(133, 1, 23, 4321569487, 168926023),
(134, 1, 50, 4321569487, 104414287),
(135, 1, 28, 4321569487, 190857464),
(136, 0, 98, 4321597070, 117672038),
(137, 0, 18, 4321597070, 110374672),
(138, 0, 76, 4321597070, 92401948),
(139, 0, 85, 4321597070, 339686412),
(140, 0, 50, 4321597070, 122258583),
(141, 1, 31, 4321597070, 144870065),
(142, 1, 96, 4321597070, 86780201),
(143, 1, 100, 4321597070, 166971694),
(144, 1, 12, 4321597070, 107767743),
(145, 1, 13, 4321597070, 324277900),
(146, 0, 39, 4321623382, 361564937),
(147, 0, 12, 4321623382, 319960229),
(148, 0, 107, 4321623382, 113196124),
(149, 0, 78, 4321623382, 120238234),
(150, 0, 86, 4321623382, 301151457),
(151, 1, 109, 4321623382, 329037477),
(152, 1, 28, 4321623382, 147306383),
(153, 1, 100, 4321623382, 292542184),
(154, 1, 49, 4321623382, 372713886),
(155, 1, 31, 4321623382, 312498649),
(156, 1, 0, 4321679542, 0),
(157, 0, 9, 4321679542, 0),
(158, 0, 79, 4321679542, 0),
(159, 0, 43, 4321679542, 0),
(160, 0, 8, 4321679542, 0),
(161, 0, 85, 4321679542, 0),
(162, 1, 22, 4321679542, 0),
(163, 1, 98, 4321679542, 0),
(164, 1, 53, 4321679542, 0),
(165, 1, 4, 4321679542, 0),
(166, 1, 83, 4321679542, 0),
(167, 1, 0, 4321912684, 71418112),
(168, 0, 15, 4321902231, 184113156),
(169, 0, 90, 4321902231, 188633320),
(170, 0, 74, 4321902231, 915963775),
(171, 0, 104, 4321902231, 191345508),
(172, 0, 30, 4321902231, 425412744),
(173, 1, 21, 4321902231, 159266740),
(174, 1, 31, 4321902231, 97797033),
(175, 1, 18, 4321902231, 227956491),
(176, 1, 8, 4321902231, 249147127),
(177, 1, 38, 4321902231, 923700641),
(178, 1, 0, 4321926394, 314882028),
(179, 0, 44, 4321906366, 431194367),
(180, 0, 2, 4321906366, 155840567),
(181, 0, 70, 4321906366, 869268895),
(182, 0, 84, 4321906366, 162014492),
(183, 0, 7, 4321906366, 860673650),
(184, 1, 1, 4321906366, 179066697),
(185, 1, 107, 4321906366, 236295405),
(186, 1, 23, 4321906366, 358091609),
(187, 1, 50, 4321906366, 491283556),
(188, 1, 97, 4321906366, 368020491),
(189, 0, 19, 4321860780, 34383115),
(190, 0, 34, 4321860780, 232526730),
(191, 0, 95, 4321860780, 860717110),
(192, 0, 68, 4321860780, 79736547),
(193, 0, 22, 4321860780, 233637161),
(194, 1, 78, 4321860780, 299514514),
(195, 1, 28, 4321860780, 149621837),
(196, 1, 109, 4321860780, 350562374),
(197, 1, 76, 4321860780, 121296071),
(198, 1, 50, 4321860780, 187222245),
(199, 0, 6, 4321866214, 880364016),
(200, 0, 14, 4321866214, 880211522),
(201, 0, 94, 4321866214, 361963750),
(202, 0, 47, 4321866214, 388636774),
(203, 0, 86, 4321866214, 414646198),
(204, 1, 16, 4321866214, 409162182),
(205, 1, 25, 4321866214, 256396743),
(206, 1, 96, 4321866214, 843395307),
(207, 1, 54, 4321866214, 185493128),
(208, 1, 87, 4321866214, 285335734),
(209, 0, 111, 4321874062, 230277042),
(210, 0, 23, 4321874062, 284622496),
(211, 0, 78, 4321874062, 175756921),
(212, 0, 18, 4321874062, 158455888),
(213, 0, 109, 4321874062, 197934936),
(214, 1, 101, 4321874062, 62119103),
(215, 1, 69, 4321874062, 135470090),
(216, 1, 121, 4321874062, 153196290),
(217, 1, 114, 4321874062, 122058938),
(218, 1, 8, 4321874062, 221945821),
(219, 0, 44, 4321898257, 0),
(220, 0, 64, 4321898257, 0),
(221, 0, 3, 4321898257, 0),
(222, 0, 37, 4321898257, 0),
(223, 0, 4, 4321898257, 0),
(224, 1, 59, 4321898257, 0),
(225, 1, 54, 4321898257, 0),
(226, 1, 110, 4321898257, 0),
(227, 1, 101, 4321898257, 0),
(228, 1, 96, 4321898257, 0),
(229, 0, 96, 4321912684, 37121232),
(230, 0, 109, 4321912684, 86896635),
(231, 0, 50, 4321912684, 121633262),
(232, 0, 86, 4321912684, 93545740),
(233, 0, 9, 4321912684, 86743260),
(234, 1, 114, 4321912684, 114086220),
(235, 1, 26, 4321912684, 61211191),
(236, 1, 39, 4321912684, 164842410),
(237, 1, 7, 4321912684, 35380233),
(238, 1, 40, 4321912684, 71418112),
(239, 1, 0, 4321941799, 842100982),
(240, 0, 10, 4321926394, 316163874),
(241, 0, 59, 4321926394, 241499365),
(242, 0, 97, 4321926394, 427558921),
(243, 0, 121, 4321926394, 166012051),
(244, 0, 26, 4321926394, 154708429),
(245, 1, 38, 4321926394, 258067271),
(246, 1, 31, 4321926394, 197633557),
(247, 1, 50, 4321926394, 353542282),
(248, 1, 8, 4321926394, 383797967),
(249, 1, 34, 4321926394, 314882028),
(250, 1, 0, 4321952988, 89437863),
(251, 1, 0, 4321962310, 134741940),
(252, 0, 31, 4321941799, 205567948),
(253, 0, 46, 4321941799, 150100544),
(254, 0, 79, 4321941799, 404228663),
(255, 0, 8, 4321941799, 320746742),
(256, 0, 99, 4321941799, 369744050),
(257, 1, 9, 4321941799, 321380689),
(258, 1, 114, 4321941799, 914434160),
(259, 1, 50, 4321941799, 171789859),
(260, 1, 44, 4321941799, 313211296),
(261, 1, 3, 4321941799, 842100982),
(262, 1, 0, 4321961578, 242161616),
(263, 1, 0, 4321972694, 180503333),
(264, 1, 0, 4321968468, 908218565),
(265, 0, 9, 4321952988, 365767102),
(266, 0, 78, 4321952988, 295599851),
(267, 0, 76, 4321952988, 307331749),
(268, 0, 109, 4321952988, 91314690),
(269, 0, 31, 4321952988, 193559569),
(270, 1, 17, 4321952988, 123529666),
(271, 1, 121, 4321952988, 125575896),
(272, 1, 50, 4321952988, 256081220),
(273, 1, 8, 4321952988, 374486552),
(274, 1, 7, 4321952988, 89437863),
(275, 0, 72, 4321972694, 134741940),
(276, 0, 90, 4321972694, 346196728),
(277, 0, 7, 4321972694, 841036836),
(278, 0, 39, 4321972694, 188409855),
(279, 0, 14, 4321972694, 310922437),
(280, 1, 97, 4321972694, 411343628),
(281, 1, 16, 4321972694, 397458952),
(282, 1, 8, 4321972694, 244821088),
(283, 1, 121, 4321972694, 204296074),
(284, 1, 86, 4321972694, 180503333),
(285, 0, 96, 4321961578, 183315096),
(286, 0, 112, 4321961578, 417810937),
(287, 0, 109, 4321961578, 190986381),
(288, 0, 76, 4321961578, 913650843),
(289, 0, 19, 4321961578, 277812252),
(290, 1, 35, 4321961578, 202167136),
(291, 1, 114, 4321961578, 919027228),
(292, 1, 28, 4321961578, 918060096),
(293, 1, 110, 4321961578, 918380821),
(294, 1, 64, 4321961578, 242161616),
(295, 1, 0, 4321983608, 129566148),
(296, 1, 0, 4321992529, 0),
(297, 0, 55, 4321992529, 0),
(298, 0, 93, 4321992529, 0),
(299, 0, 15, 4321992529, 0),
(300, 0, 7, 4321992529, 0),
(301, 0, 20, 4321992529, 0),
(302, 1, 22, 4321992529, 0),
(303, 1, 89, 4321992529, 0),
(304, 1, 30, 4321992529, 0),
(305, 1, 92, 4321992529, 0),
(306, 1, 108, 4321992529, 0),
(307, 1, 0, 4321996307, 172782783),
(308, 0, 121, 4321968468, 62119103),
(309, 0, 44, 4321968468, 122058938),
(310, 0, 31, 4321968468, 153196290),
(311, 0, 2, 4321968468, 135470090),
(312, 0, 76, 4321968468, 221945821),
(313, 1, 50, 4321968468, 437303185),
(314, 1, 8, 4321968468, 121213409),
(315, 1, 97, 4321968468, 102009320),
(316, 1, 100, 4321968468, 853141086),
(317, 1, 114, 4321968468, 908218565),
(318, 1, 0, 4321999682, 279993696),
(319, 0, 65, 4321983608, 198769370),
(320, 0, 8, 4321983608, 223788891),
(321, 0, 74, 4321983608, 224135003),
(322, 0, 96, 4321983608, 112662315),
(323, 0, 19, 4321983608, 126785306),
(324, 1, 114, 4321983608, 86983845),
(325, 1, 28, 4321983608, 303077939),
(326, 1, 23, 4321983608, 99651761),
(327, 1, 121, 4321983608, 129249486),
(328, 1, 84, 4321983608, 129566148),
(329, 1, 0, 4322009069, 491283556),
(330, 0, 31, 4321999682, 878991409),
(331, 0, 78, 4321999682, 244649676),
(332, 0, 101, 4321999682, 233720955),
(333, 0, 2, 4321999682, 334176616),
(334, 0, 8, 4321999682, 152646625),
(335, 1, 109, 4321999682, 175344231),
(336, 1, 38, 4321999682, 199118991),
(337, 1, 119, 4321999682, 131212569),
(338, 1, 37, 4321999682, 312295209),
(339, 1, 33, 4321999682, 279993696),
(340, 1, 0, 4322026870, 128997139),
(341, 0, 28, 4321996307, 388636774),
(342, 0, 23, 4321996307, 880364016),
(343, 0, 86, 4321996307, 414646198),
(344, 0, 44, 4321996307, 361963750),
(345, 0, 89, 4321996307, 880211522),
(346, 1, 12, 4321996307, 275941880),
(347, 1, 31, 4321996307, 186035261),
(348, 1, 71, 4321996307, 431827666),
(349, 1, 75, 4321996307, 68701934),
(350, 1, 17, 4321996307, 172782783),
(351, 0, 97, 4322009069, 120596120),
(352, 0, 44, 4322009069, 329472045),
(353, 0, 86, 4322009069, 121644655),
(354, 0, 49, 4322009069, 104868910),
(355, 0, 31, 4322009069, 179976177),
(356, 1, 100, 4322009069, 236295405),
(357, 1, 34, 4322009069, 179066697),
(358, 1, 54, 4322009069, 358091609),
(359, 1, 96, 4322009069, 368020491),
(360, 1, 112, 4322009069, 491283556),
(361, 0, 8, 4322026870, 372440321),
(362, 0, 26, 4322026870, 294196),
(363, 0, 96, 4322026870, 160634347),
(364, 0, 76, 4322026870, 27488933),
(365, 0, 28, 4322026870, 915429133),
(366, 1, 31, 4322026870, 291782042),
(367, 1, 38, 4322026870, 862214564),
(368, 1, 81, 4322026870, 2325311),
(369, 1, 34, 4322026870, 379430550),
(370, 1, 100, 4322026870, 128997139),
(371, 1, 0, 4322045289, 417810937),
(372, 1, 0, 4322052656, 83937083),
(373, 1, 0, 4322052586, 143225194),
(374, 1, 0, 4322050071, 289976760),
(375, 1, 0, 4322053490, 150419909),
(376, 1, 0, 4322056047, 908055317),
(377, 1, 0, 4322052791, 254730364),
(378, 0, 21, 4322062105, 0),
(379, 0, 35, 4322062105, 0),
(380, 0, 20, 4322062105, 0),
(381, 0, 57, 4322062105, 0),
(382, 0, 37, 4322062105, 0),
(383, 1, 15, 4322062105, 0),
(384, 1, 49, 4322062105, 0),
(385, 1, 16, 4322062105, 0),
(386, 1, 36, 4322062105, 0),
(387, 1, 22, 4322062105, 0),
(388, 1, 0, 4322063249, 35380233),
(389, 0, 59, 4322045289, 919027228),
(390, 0, 13, 4322045289, 918380821),
(391, 0, 38, 4322045289, 918060096),
(392, 0, 5, 4322045289, 242161616),
(393, 0, 109, 4322045289, 202167136),
(394, 1, 22, 4322045289, 913650843),
(395, 1, 50, 4322045289, 277812252),
(396, 1, 2, 4322045289, 183315096),
(397, 1, 8, 4322045289, 190986381),
(398, 1, 31, 4322045289, 417810937),
(399, 0, 85, 4322052656, 350322771),
(400, 0, 50, 4322052656, 333236801),
(401, 0, 78, 4322052656, 374930860),
(402, 0, 43, 4322052656, 374684693),
(403, 0, 10, 4322052656, 89302249),
(404, 1, 71, 4322052656, 365578451),
(405, 1, 38, 4322052656, 146531965),
(406, 1, 8, 4322052656, 117979389),
(407, 1, 121, 4322052656, 144562717),
(408, 1, 22, 4322052656, 83937083),
(409, 0, 10, 4322052586, 354957568),
(410, 0, 110, 4322052586, 183903565),
(411, 0, 27, 4322052586, 841014876),
(412, 0, 22, 4322052586, 145723582),
(413, 0, 84, 4322052586, 193894045),
(414, 1, 26, 4322052586, 900304431),
(415, 1, 49, 4322052586, 437620558),
(416, 1, 78, 4322052586, 197601889),
(417, 1, 107, 4322052586, 431796350),
(418, 1, 95, 4322052586, 143225194),
(419, 0, 10, 4322053490, 58513047),
(420, 0, 84, 4322053490, 119180054),
(421, 0, 18, 4322053490, 126212866),
(422, 0, 8, 4322053490, 52406002),
(423, 0, 90, 4322053490, 68007361),
(424, 1, 121, 4322053490, 112464030),
(425, 1, 41, 4322053490, 85956459),
(426, 1, 23, 4322053490, 371995897),
(427, 1, 100, 4322053490, 134121021),
(428, 1, 55, 4322053490, 150419909),
(429, 0, 42, 4322052791, 388767811),
(430, 0, 89, 4322052791, 155738116),
(431, 0, 27, 4322052791, 136127796),
(432, 0, 39, 4322052791, 145186022),
(433, 0, 64, 4322052791, 93704137),
(434, 1, 31, 4322052791, 162293761),
(435, 1, 121, 4322052791, 344245074),
(436, 1, 28, 4322052791, 66642504),
(437, 1, 50, 4322052791, 115697997),
(438, 1, 8, 4322052791, 254730364),
(439, 0, 19, 4322050071, 109756339),
(440, 0, 100, 4322050071, 126733983),
(441, 0, 90, 4322050071, 176393206),
(442, 0, 35, 4322050071, 206900013),
(443, 0, 81, 4322050071, 406587370),
(444, 1, 45, 4322050071, 477789462),
(445, 1, 85, 4322050071, 217643502),
(446, 1, 66, 4322050071, 122401807),
(447, 1, 99, 4322050071, 144789769),
(448, 1, 38, 4322050071, 289976760),
(449, 1, 0, 4322077803, 384761137),
(450, 0, 28, 4322063249, 97163617),
(451, 0, 25, 4322063249, 53151216),
(452, 0, 100, 4322063249, 88727618),
(453, 0, 68, 4322063249, 37121232),
(454, 0, 8, 4322063249, 46757253),
(455, 1, 93, 4322063249, 86896635),
(456, 1, 49, 4322063249, 114086220),
(457, 1, 85, 4322063249, 154928982),
(458, 1, 31, 4322063249, 121633262),
(459, 1, 16, 4322063249, 35380233),
(460, 1, 0, 4322098159, 891273852),
(461, 1, 0, 4322101209, 0),
(462, 0, 101, 4322101209, 0),
(463, 0, 19, 4322101209, 0),
(464, 0, 47, 4322101209, 0),
(465, 0, 99, 4322101209, 0),
(466, 0, 64, 4322101209, 0),
(467, 1, 112, 4322101209, 0),
(468, 1, 73, 4322101209, 0),
(469, 1, 72, 4322101209, 0),
(470, 1, 29, 4322101209, 0),
(471, 1, 100, 4322101209, 0),
(472, 0, 70, 4322077803, 320746742),
(473, 0, 86, 4322077803, 150100544),
(474, 0, 21, 4322077803, 404228663),
(475, 0, 31, 4322077803, 205567948),
(476, 0, 69, 4322077803, 369744050),
(477, 1, 111, 4322077803, 259584988),
(478, 1, 2, 4322077803, 297410106),
(479, 1, 101, 4322077803, 342663243),
(480, 1, 110, 4322077803, 98306384),
(481, 1, 10, 4322077803, 384761137),
(482, 0, 22, 4322416309, 0),
(483, 0, 98, 4322416309, 0),
(484, 0, 53, 4322416309, 0),
(485, 0, 4, 4322416309, 0),
(486, 0, 83, 4322416309, 0),
(487, 1, 62, 4322416309, 0),
(488, 1, 19, 4322416309, 0),
(489, 1, 15, 4322416309, 0),
(490, 1, 81, 4322416309, 0),
(491, 1, 37, 4322416309, 0),
(492, 1, 0, 4322423713, 87645412),
(493, 1, 0, 4322424614, 912969711),
(494, 0, 36, 4322423713, 172641071),
(495, 0, 8, 4322423713, 259168952),
(496, 0, 110, 4322423713, 849695674),
(497, 0, 27, 4322423713, 116420727),
(498, 0, 102, 4322423713, 106500401),
(499, 1, 37, 4322423713, 462657480),
(500, 1, 93, 4322423713, 39234779),
(501, 1, 74, 4322423713, 116147954),
(502, 1, 38, 4322423713, 104940097),
(503, 1, 100, 4322423713, 87645412),
(504, 0, 39, 4322434209, 0),
(505, 0, 104, 4322434209, 0),
(506, 0, 119, 4322434209, 0),
(507, 0, 107, 4322434209, 0),
(508, 0, 6, 4322434209, 0),
(509, 1, 19, 4322434209, 0),
(510, 1, 48, 4322434209, 0),
(511, 1, 49, 4322434209, 0),
(512, 1, 37, 4322434209, 0),
(513, 1, 23, 4322434209, 0),
(514, 0, 7, 4322424614, 103320945),
(515, 0, 75, 4322424614, 192333984),
(516, 0, 12, 4322424614, 462555286),
(517, 0, 25, 4322424614, 85696663),
(518, 0, 14, 4322424614, 192278574),
(519, 1, 110, 4322424614, 145904561),
(520, 1, 93, 4322424614, 837279513),
(521, 1, 47, 4322424614, 407534541),
(522, 1, 38, 4322424614, 332874291),
(523, 1, 100, 4322424614, 912969711),
(524, 1, 0, 4322438766, 407321629),
(525, 0, 110, 4322438766, 101779337),
(526, 0, 12, 4322438766, 173971950),
(527, 0, 17, 4322438766, 249651648),
(528, 0, 101, 4322438766, 94923783),
(529, 0, 104, 4322438766, 242697694),
(530, 1, 107, 4322438766, 155332459),
(531, 1, 22, 4322438766, 100758751),
(532, 1, 86, 4322438766, 59463394),
(533, 1, 37, 4322438766, 91364275),
(534, 1, 99, 4322438766, 407321629),
(535, 1, 0, 4322455822, 407321629),
(536, 0, 90, 4322455822, 101779337),
(537, 0, 20, 4322455822, 173971950),
(538, 0, 17, 4322455822, 249651648),
(539, 0, 99, 4322455822, 242697694),
(540, 0, 88, 4322455822, 94923783),
(541, 1, 107, 4322455822, 155332459),
(542, 1, 27, 4322455822, 100758751),
(543, 1, 19, 4322455822, 59463394),
(544, 1, 76, 4322455822, 91364275),
(545, 1, 29, 4322455822, 407321629),
(546, 1, 0, 4322464323, 100788083),
(547, 0, 30, 4322469210, 0),
(548, 0, 47, 4322469210, 0),
(549, 0, 36, 4322469210, 0),
(550, 0, 2, 4322469210, 0),
(551, 0, 5, 4322469210, 0),
(552, 1, 35, 4322469210, 0),
(553, 1, 6, 4322469210, 0),
(554, 1, 87, 4322469210, 0),
(555, 1, 105, 4322469210, 0),
(556, 1, 21, 4322469210, 0),
(557, 0, 49, 4322465280, 902238501),
(558, 0, 102, 4322465280, 65480625),
(559, 0, 38, 4322465280, 105675236),
(560, 0, 53, 4322465280, 63886935),
(561, 0, 27, 4322465280, 4473159),
(562, 1, 22, 4322465280, 155715636),
(563, 1, 21, 4322465280, 171932850),
(564, 1, 98, 4322465280, 79156570),
(565, 1, 105, 4322465280, 76562580),
(566, 1, 32, 4322465280, 251602296),
(567, 0, 107, 4322490932, 155332459),
(568, 0, 27, 4322490932, 100758751),
(569, 0, 37, 4322490932, 91364275),
(570, 0, 25, 4322490932, 59463394),
(571, 0, 29, 4322490932, 407321629),
(572, 1, 7, 4322490932, 101779337),
(573, 1, 44, 4322490932, 173971950),
(574, 1, 86, 4322490932, 249651648),
(575, 1, 121, 4322490932, 94923783),
(576, 1, 45, 4322490932, 242697694),
(577, 1, 0, 4322506717, 0),
(578, 1, 0, 4322504031, 242697694),
(579, 0, 14, 4322506717, 0),
(580, 0, 21, 4322506717, 0),
(581, 0, 47, 4322506717, 0),
(582, 0, 18, 4322506717, 0),
(583, 0, 62, 4322506717, 0),
(584, 1, 101, 4322506717, 0),
(585, 1, 44, 4322506717, 0),
(586, 1, 7, 4322506717, 0),
(587, 1, 42, 4322506717, 0),
(588, 1, 23, 4322506717, 0),
(589, 0, 9, 4322504031, 155332459),
(590, 0, 26, 4322504031, 100758751),
(591, 0, 94, 4322504031, 59463394),
(592, 0, 37, 4322504031, 91364275),
(593, 0, 38, 4322504031, 407321629),
(594, 1, 107, 4322504031, 101779337),
(595, 1, 44, 4322504031, 173971950),
(596, 1, 25, 4322504031, 249651648),
(597, 1, 111, 4322504031, 94923783),
(598, 1, 119, 4322504031, 242697694),
(599, 1, 0, 4322506198, 849695674),
(600, 0, 41, 4322944973, 135878232),
(601, 0, 23, 4322944973, 397462905),
(602, 0, 50, 4322944973, 255219872),
(603, 0, 64, 4322944973, 139876032),
(604, 0, 18, 4322944973, 134276083),
(605, 1, 90, 4322944973, 86727555),
(606, 1, 109, 4322944973, 97590558),
(607, 1, 19, 4322944973, 103735745),
(608, 1, 102, 4322944973, 86698277),
(609, 1, 114, 4322944973, 86799300),
(610, 0, 107, 4322943034, 94049589),
(611, 0, 49, 4322943034, 86785083),
(612, 0, 50, 4322943034, 81852496),
(613, 0, 91, 4322943034, 295697470),
(614, 0, 72, 4322943034, 177411785),
(615, 1, 31, 4322943034, 86715129),
(616, 1, 76, 4322943034, 115141430),
(617, 1, 97, 4322943034, 1296625),
(618, 1, 55, 4322943034, 31818853),
(619, 1, 44, 4322943034, 110583422),
(620, 0, 25, 4322925572, 0),
(621, 0, 96, 4322925572, 0),
(622, 0, 75, 4322925572, 0),
(623, 0, 85, 4322925572, 0),
(624, 0, 32, 4322925572, 0),
(625, 1, 22, 4322925572, 0),
(626, 1, 98, 4322925572, 0),
(627, 1, 53, 4322925572, 0),
(628, 1, 4, 4322925572, 0),
(629, 1, 83, 4322925572, 0),
(630, 1, 0, 4322964160, 148177909),
(631, 0, 78, 4322942001, 157054028),
(632, 0, 13, 4322942001, 197737818),
(633, 0, 29, 4322942001, 168798737),
(634, 0, 109, 4322942001, 356343152),
(635, 0, 86, 4322942001, 296514230),
(636, 1, 93, 4322942001, 452376367),
(637, 1, 98, 4322942001, 189398048),
(638, 1, 64, 4322942001, 136700299),
(639, 1, 103, 4322942001, 175538337),
(640, 1, 18, 4322942001, 136683492),
(641, 0, 50, 4322952595, 139406237),
(642, 0, 94, 4322952595, 340198204),
(643, 0, 86, 4322952595, 170569148),
(644, 0, 8, 4322952595, 231622898),
(645, 0, 100, 4322952595, 317849786),
(646, 1, 27, 4322952595, 152122881),
(647, 1, 55, 4322952595, 919910173),
(648, 1, 48, 4322952595, 920747052),
(649, 1, 46, 4322952595, 145399790),
(650, 1, 107, 4322952595, 138154666),
(651, 1, 0, 4322973482, 0),
(652, 0, 36, 4322973482, 0),
(653, 0, 102, 4322973482, 0),
(654, 0, 30, 4322973482, 0),
(655, 0, 27, 4322973482, 0),
(656, 0, 81, 4322973482, 0),
(657, 1, 35, 4322973482, 0),
(658, 1, 19, 4322973482, 0),
(659, 1, 23, 4322973482, 0),
(660, 1, 49, 4322973482, 0),
(661, 1, 8, 4322973482, 0),
(662, 0, 97, 4322964160, 91654584),
(663, 0, 34, 4322964160, 94281932),
(664, 0, 50, 4322964160, 316217576),
(665, 0, 19, 4322964160, 151771762),
(666, 0, 8, 4322964160, 389022189),
(667, 1, 11, 4322964160, 183286411),
(668, 1, 64, 4322964160, 182528815),
(669, 1, 57, 4322964160, 399231338),
(670, 1, 100, 4322964160, 176227033),
(671, 1, 44, 4322964160, 148177909),
(672, 1, 0, 4323010596, 139876032),
(673, 1, 0, 4323015668, 0),
(674, 0, 3, 4323015668, 0),
(675, 0, 48, 4323015668, 0),
(676, 0, 64, 4323015668, 0),
(677, 0, 2, 4323015668, 0),
(678, 0, 23, 4323015668, 0),
(679, 1, 8, 4323015668, 0),
(680, 1, 87, 4323015668, 0),
(681, 1, 4, 4323015668, 0),
(682, 1, 62, 4323015668, 0),
(683, 1, 78, 4323015668, 0),
(684, 1, 0, 4323011914, 140680642),
(685, 1, 0, 4323019019, 134683396),
(686, 1, 0, 4323023582, 177411785),
(687, 0, 31, 4323010596, 86727555),
(688, 0, 109, 4323010596, 97590558),
(689, 0, 103, 4323010596, 103735745),
(690, 0, 28, 4323010596, 86698277),
(691, 0, 45, 4323010596, 86799300),
(692, 1, 44, 4323010596, 135878232),
(693, 1, 23, 4323010596, 255219872),
(694, 1, 100, 4323010596, 397462905),
(695, 1, 69, 4323010596, 134276083),
(696, 1, 121, 4323010596, 139876032),
(697, 0, 41, 4323011914, 298360885),
(698, 0, 86, 4323011914, 198455581),
(699, 0, 98, 4323011914, 394879200),
(700, 0, 6, 4323011914, 230617400),
(701, 0, 78, 4323011914, 141010367),
(702, 1, 13, 4323011914, 137895298),
(703, 1, 1, 4323011914, 199222238),
(704, 1, 27, 4323011914, 197849259),
(705, 1, 103, 4323011914, 162077924),
(706, 1, 29, 4323011914, 140680642),
(707, 1, 0, 4323033399, 112531417),
(708, 0, 9, 4323019019, 221743617),
(709, 0, 95, 4323019019, 191458152),
(710, 0, 100, 4323019019, 103296177),
(711, 0, 55, 4323019019, 203732939),
(712, 0, 64, 4323019019, 136178375),
(713, 1, 121, 4323019019, 160371593),
(714, 1, 50, 4323019019, 405693005),
(715, 1, 23, 4323019019, 875883083),
(716, 1, 103, 4323019019, 141833801),
(717, 1, 109, 4323019019, 134683396),
(718, 0, 100, 4323023582, 86715129),
(719, 0, 114, 4323023582, 115141430),
(720, 0, 90, 4323023582, 1296625),
(721, 0, 29, 4323023582, 31818853),
(722, 0, 12, 4323023582, 110583422),
(723, 1, 85, 4323023582, 94049589),
(724, 1, 53, 4323023582, 86785083),
(725, 1, 98, 4323023582, 81852496),
(726, 1, 107, 4323023582, 295697470),
(727, 1, 94, 4323023582, 177411785),
(728, 1, 0, 4323040700, 256396743),
(729, 0, 19, 4323040700, 249274944),
(730, 1, 30, 4323040700, 256396743),
(731, 0, 86, 4323033399, 131380551),
(732, 0, 109, 4323033399, 118233883),
(733, 0, 110, 4323033399, 135673679),
(734, 0, 18, 4323033399, 75390186),
(735, 0, 45, 4323033399, 104963314),
(736, 1, 113, 4323033399, 100895600),
(737, 1, 34, 4323033399, 94762375),
(738, 1, 98, 4323033399, 121833213),
(739, 1, 112, 4323033399, 345803031),
(740, 1, 100, 4323033399, 112531417),
(741, 1, 0, 4323075408, 0),
(742, 0, 16, 4323075408, 0),
(743, 0, 15, 4323075408, 0),
(744, 0, 49, 4323075408, 0),
(745, 0, 64, 4323075408, 0),
(746, 0, 14, 4323075408, 0),
(747, 1, 20, 4323075408, 0),
(748, 1, 35, 4323075408, 0),
(749, 1, 18, 4323075408, 0),
(750, 1, 31, 4323075408, 0),
(751, 1, 36, 4323075408, 0),
(752, 1, 0, 4323089918, 139876032),
(753, 1, 0, 4323089703, 141010367),
(754, 1, 0, 4323096230, 110583422),
(755, 1, 0, 4323093994, 136178375),
(756, 0, 103, 4323089918, 86727555),
(757, 0, 109, 4323089918, 97590558),
(758, 0, 86, 4323089918, 103735745),
(759, 0, 29, 4323089918, 86698277),
(760, 0, 20, 4323089918, 86799300),
(761, 1, 41, 4323089918, 135878232),
(762, 1, 100, 4323089918, 397462905),
(763, 1, 50, 4323089918, 255219872),
(764, 1, 43, 4323089918, 134276083),
(765, 1, 64, 4323089918, 139876032),
(766, 0, 15, 4323089703, 137895298),
(767, 0, 19, 4323089703, 140680642),
(768, 0, 1, 4323089703, 199222238),
(769, 0, 31, 4323089703, 162077924),
(770, 0, 121, 4323089703, 197849259),
(771, 1, 54, 4323089703, 298360885),
(772, 1, 120, 4323089703, 394879200),
(773, 1, 56, 4323089703, 230617400),
(774, 1, 27, 4323089703, 198455581),
(775, 1, 62, 4323089703, 141010367),
(776, 0, 94, 4323093994, 875883083),
(777, 0, 99, 4323093994, 134683396),
(778, 0, 121, 4323093994, 160371593),
(779, 0, 90, 4323093994, 141833801),
(780, 0, 96, 4323093994, 405693005),
(781, 1, 47, 4323093994, 203732939),
(782, 1, 44, 4323093994, 221743617),
(783, 1, 27, 4323093994, 103296177),
(784, 1, 19, 4323093994, 191458152),
(785, 1, 85, 4323093994, 136178375),
(786, 1, 0, 4323117912, 0),
(787, 0, 50, 4323096230, 94049589),
(788, 0, 13, 4323096230, 86785083),
(789, 0, 114, 4323096230, 81852496),
(790, 0, 100, 4323096230, 295697470),
(791, 0, 94, 4323096230, 177411785),
(792, 1, 3, 4323096230, 86715129),
(793, 1, 9, 4323096230, 115141430),
(794, 1, 110, 4323096230, 1296625),
(795, 1, 96, 4323096230, 31818853),
(796, 1, 1, 4323096230, 110583422),
(797, 0, 19, 4323117912, 0),
(798, 0, 6, 4323117912, 0),
(799, 0, 49, 4323117912, 0),
(800, 0, 36, 4323117912, 0),
(801, 0, 37, 4323117912, 0),
(802, 1, 22, 4323117912, 0),
(803, 1, 98, 4323117912, 0),
(804, 1, 53, 4323117912, 0),
(805, 1, 4, 4323117912, 0),
(806, 1, 83, 4323117912, 0),
(807, 1, 0, 4323137057, 104963314),
(808, 0, 10, 4323137057, 100895600),
(809, 0, 86, 4323137057, 94762375),
(810, 0, 55, 4323137057, 121833213),
(811, 0, 100, 4323137057, 345803031),
(812, 0, 110, 4323137057, 112531417),
(813, 1, 50, 4323137057, 131380551),
(814, 1, 8, 4323137057, 118233883),
(815, 1, 27, 4323137057, 135673679),
(816, 1, 78, 4323137057, 75390186),
(817, 1, 76, 4323137057, 104963314),
(818, 1, 0, 4323179704, 0),
(819, 0, 46, 4323179704, 0),
(820, 0, 38, 4323179704, 0),
(821, 0, 37, 4323179704, 0),
(822, 0, 3, 4323179704, 0),
(823, 0, 81, 4323179704, 0),
(824, 1, 1, 4323179704, 0),
(825, 1, 87, 4323179704, 0),
(826, 1, 11, 4323179704, 0),
(827, 1, 85, 4323179704, 0),
(828, 1, 96, 4323179704, 0),
(829, 1, 0, 4323207485, 193336906),
(830, 1, 0, 4323224800, 895117759),
(831, 1, 0, 4323231369, 177411785),
(832, 0, 93, 4323224800, 198332373),
(833, 0, 74, 4323224800, 490372391),
(834, 0, 7, 4323224800, 910084406),
(835, 0, 81, 4323224800, 903457444),
(836, 0, 105, 4323224800, 158487928),
(837, 1, 70, 4323224800, 392650784),
(838, 1, 10, 4323224800, 439317338),
(839, 1, 100, 4323224800, 162278265),
(840, 1, 26, 4323224800, 276597726),
(841, 1, 95, 4323224800, 895117759),
(842, 0, 92, 4323207485, 276368906),
(843, 0, 16, 4323207485, 178002197),
(844, 0, 70, 4323207485, 199492724),
(845, 0, 121, 4323207485, 316690185),
(846, 0, 103, 4323207485, 165040279),
(847, 1, 18, 4323207485, 483128726),
(848, 1, 106, 4323207485, 163558843),
(849, 1, 75, 4323207485, 114974511),
(850, 1, 100, 4323207485, 101519705),
(851, 1, 108, 4323207485, 193336906),
(852, 0, 64, 4323249050, 0),
(853, 0, 35, 4323249050, 0),
(854, 1, 4, 4323249050, 0),
(855, 0, 29, 4323249050, 0),
(856, 0, 37, 4323249050, 0),
(857, 1, 22, 4323249050, 0),
(858, 1, 98, 4323249050, 0),
(859, 1, 53, 4323249050, 0),
(860, 1, 83, 4323249050, 0),
(861, 1, 0, 4323245659, 86940305),
(862, 0, 72, 4323231369, 135878232),
(863, 0, 91, 4323231369, 139876032),
(864, 0, 78, 4323231369, 397462905),
(865, 0, 39, 4323231369, 255219872),
(866, 0, 18, 4323231369, 134276083),
(867, 1, 85, 4323231369, 94049589),
(868, 1, 53, 4323231369, 86785083),
(869, 1, 15, 4323231369, 81852496),
(870, 1, 107, 4323231369, 295697470),
(871, 1, 82, 4323231369, 177411785),
(872, 0, 111, 4323245659, 131380551),
(873, 0, 1, 4323245659, 118233883),
(874, 0, 65, 4323245659, 135673679),
(875, 0, 78, 4323245659, 75390186),
(876, 0, 23, 4323245659, 104963314),
(877, 1, 44, 4323245659, 397574220),
(878, 1, 76, 4323245659, 211531481),
(879, 1, 18, 4323245659, 113874152),
(880, 1, 121, 4323245659, 127077041),
(881, 1, 31, 4323245659, 86940305),
(882, 1, 0, 4323301505, 0),
(883, 0, 18, 4323301505, 0),
(884, 0, 83, 4323301505, 0),
(885, 0, 43, 4323301505, 0),
(886, 0, 27, 4323301505, 0),
(887, 0, 78, 4323301505, 0),
(888, 1, 19, 4323301505, 0),
(889, 1, 54, 4323301505, 0),
(890, 1, 111, 4323301505, 0),
(891, 1, 50, 4323301505, 0),
(892, 1, 38, 4323301505, 0),
(893, 1, 0, 4323303556, 52444176);

-- --------------------------------------------------------

--
-- Table structure for table `matches_player`
--

CREATE TABLE `matches_player` (
  `player_id` bigint(20) NOT NULL,
  `player_name` varchar(100) NOT NULL,
  `team_id` int(11) NOT NULL
) ENGINE=InnoDB DEFAULT CHARSET=utf8;

--
-- Dumping data for table `matches_player`
--

INSERT INTO `matches_player` (`player_id`, `player_name`, `team_id`) VALUES
(0, 'NULL', 0),
(294196, 'Hasiano / Xmas', 6465095),
(1296625, 'Newsham', 6196091),
(2325311, 'bad back', 3757892),
(4473159, 'Timeless', 6657504),
(27488933, 'need anime', 6465095),
(31818853, ' ', 6196091),
(34383115, 'bachgaman', 5103710),
(35380233, 'AceVoid', 6434526),
(37121232, 'Axak', 6657392),
(39234779, 'DarkSuo', 6519200),
(46757253, 'jackart', 6657392),
(52406002, 'CURRY BEST NBA PLAYER', 3214090),
(52444176, '', 5251516),
(53151216, 'Nihilist', 6657392),
(58513047, 'supream', 3214090),
(59463394, '_', 5327206),
(61211191, 'Zapcrash', 5072220),
(62119103, 'chipmunk', 6268478),
(62559653, 'TiranossauroKhel', 5769029),
(63886935, '2114', 6657504),
(65480625, 'tv/janexdoto', 6657504),
(66642504, 'RudeBoii', 2345508),
(68007361, 'Muf', 3214090),
(68701934, 'diavol666necro', 6293590),
(71418112, 'Jompah', 5072220),
(74351251, 'Slim Shady ', 5898420),
(75390186, 'Barry', 3659536),
(76562580, 'Albi', 600542),
(79156570, 'Geniejohn', 600542),
(79736547, 'Sasai_Kudasai', 5103710),
(81852496, 'iv', 6209143),
(83937083, ' ', 927146),
(85696663, 'Tommy', 6591050),
(85956459, 'no cry', 6166915),
(86698277, 'L&', 6214973),
(86715129, '@', 6196091),
(86727555, '', 6214973),
(86743260, 'Dong', 6210006),
(86780201, 'snow', 6592834),
(86785083, 'Pt ', 6209143),
(86799300, 'L&', 6214973),
(86896635, 'end my life', 6434526),
(86940305, '%', 5207190),
(86983845, 'Simba', 854742),
(87645412, 'Rayser', 6519200),
(87751789, 'x_voka_x', 6633236),
(88727618, 'I DONT SPEAK SWEDISH', 6657392),
(89302249, 'Hueracle', 4989115),
(89437863, 'ksta', 780735),
(91314690, ':', 6615008),
(91364275, '_', 5327206),
(91489280, 'LadyArawn', 6656816),
(91654584, '`X', 2581813),
(92401948, '505', 6435807),
(93545740, 'asfdsa', 6210006),
(93704137, 'Nokia1100', 5766335),
(94049589, 'u', 6209143),
(94281932, 'v', 2581813),
(94762375, 'baby pauwi na ko', 6187657),
(94923783, '00_', 5055770),
(97163617, 'PIZZA ', 6657392),
(97590558, 'z', 6214973),
(97797033, 'CheGirtKe', 6614598),
(98306384, 'AIES.wolves', 5172230),
(99651761, 'The Extravaganza', 854742),
(100696079, 'BlueRush', 5769029),
(100758751, 'ed_', 5327206),
(100788083, 'rsi_', 6019666),
(100895600, 'Carry only', 6187657),
(101519705, ' NyMaeRa ', 6353295),
(101525357, 'M.I.B', 6306453),
(101779337, 'dulce vino', 5055770),
(102009320, 'britva', 6473504),
(102177957, 'katyakatyatv', 1699687),
(103149096, 'Assirio', 5769029),
(103296177, 'Satisfy', 6516874),
(103320945, 'Chuy - ZetaPunkxD', 6591050),
(103735745, '', 6214973),
(104242598, 'Quoarine', 5769029),
(104352348, 'Russo', 5769029),
(104414287, '-TeRRoR', 6592353),
(104868910, '123', 3492901),
(104940097, 'Evo\'\'', 6519200),
(104963314, '??????', 3659536),
(105675236, 'Wololo', 6657504),
(106500401, 'YatoGami', 2310427),
(107767743, 'Sei-Chan', 6592834),
(109403489, 'Beast', 6633236),
(109756339, '  ', 6241488),
(110374672, '.tv/7evendoto', 6435807),
(110539311, 'Saitama', 6306453),
(110583422, ' j', 6196091),
(112464030, 'Nervous player', 6166915),
(112531417, 'j', 6187657),
(112662315, '415', 6570198),
(112776887, ';-]', 6656781),
(113196124, 'Skymeo', 5226477),
(113874152, '@@', 5207190),
(114086220, 'Thypus-', 6434526),
(114231292, 'MSH.5', 6655635),
(114974511, '', 6353295),
(115141430, '@', 6196091),
(115697997, 'FURY#Ymir', 2345508),
(116147954, 'Zdog', 6519200),
(116379136, 'Shiki', 1699687),
(116420727, '    ', 2310427),
(117672038, 'Ghost_Khan', 6435807),
(117700993, 'Rvely', 6655635),
(117786463, 'igonnakillUmyfriend', 4145263),
(117979389, 'dogeless :(', 927146),
(118233883, '` AlaCrity -', 3659536),
(119180054, 'sehny', 3214090),
(119535307, '1996', 6306453),
(120238234, 'IM TRYING!!', 5226477),
(120596120, '~Aidi', 3492901),
(121014762, 'UNDESTR', 5530972),
(121213409, 'Scb', 6473504),
(121296071, 'Art of Zeus', 5261662),
(121633262, 'InSeinhullu', 6434526),
(121644655, '-1000', 3492901),
(121833213, 'WZ', 6187657),
(122058938, 'check my acc', 6268478),
(122258583, 'ibiMon', 6435807),
(122401807, '', 6267305),
(122441402, 'gbL', 4145263),
(123529666, '494 ACA', 780735),
(125327785, 'Nekontrica', 6546767),
(125575896, 'Aaaaa', 780735),
(126075632, 'f4ntz', 6656816),
(126212866, 'SabeRLighT-', 3214090),
(126598297, 'miss you', 4817649),
(126733983, 'by', 6241488),
(126785306, 'Creep-carry in my team', 6570198),
(127077041, 'p', 5207190),
(127548726, 'Finath', 5769029),
(127798324, ' -  ', 6656781),
(128715901, 'Wanga_Skill', 2837988),
(128992238, '?white darkness (4 pos)', 6447047),
(128997139, 'Artemiza!', 3757892),
(129249486, 'Trafalgar', 854742),
(129566148, 'Zara-Para', 854742),
(129619385, 'Alpha[pvp]', 3048192),
(129748056, 'wolfgang', 6615678),
(131212569, 'Bladez', 6294679),
(131380551, 'khung', 3659536),
(133075098, '', 4145954),
(133595903, '', 1699687),
(134121021, 'world.startSimulation( ) ;', 6166915),
(134276083, '', 2626685),
(134683396, '', 5464491),
(134711350, '123', 6615678),
(134741940, 'Brmmmmmmmm', 6516921),
(135391636, ' ', 5251516),
(135470090, '', 6268478),
(135673679, ' :P', 3659536),
(135748746, 'RockoChulls el imparable fed', 4145263),
(135878232, ']', 2626685),
(136127796, '    ', 5766335),
(136178375, ' ', 6516874),
(136683492, 'V', 5868014),
(136700299, 'dx:)', 5868014),
(137895298, 'ButterflyEffect', 2640025),
(138154666, 'KKK', 6656562),
(138535219, '.', 6655635),
(139406237, 'Air', 4647990),
(139876032, 'Bb', 2626685),
(140450298, ' ', 5898420),
(140680642, 'Pv', 2640025),
(141010367, 'p', 5216146),
(141833801, 'StarLucK.GeGe', 5464491),
(143081508, 'Terry Bogard', 6633390),
(143225194, '', 4429274),
(144431007, 'SunDragon', 5723665),
(144562717, 'Lapifos', 927146),
(144789769, 'Meow<3', 6267305),
(144870065, 'LJSL', 6592834),
(145186022, 'Insomniac', 5766335),
(145399790, '', 6656562),
(145723582, 'Slava(  )', 5933678),
(145904561, 'only supp :D', 6239300),
(146249981, 'Road to GH :v', 6633390),
(146329034, '', 1699687),
(146531965, 'NoSkillBro', 927146),
(147306383, 'Thinny', 5968964),
(147601713, 'West Wild', 5723665),
(148177909, 'ARK.Sfiend', 6657022),
(149160027, '#Insane', 6633390),
(149621837, '`Lans', 5261662),
(149809279, '', 6656923),
(150100544, '  ', 6490793),
(150419909, 'DoMyBest', 6166915),
(151771762, 'XctN.Grn!.', 2581813),
(152122881, 'linsanity', 6656562),
(152646625, 'Eternity-', 3415105),
(153196290, 'Msmy?', 6268478),
(154708429, '  ', 5251516),
(154928982, 'hmm', 6434526),
(155332459, '3_', 5327206),
(155715636, 'WashedUp.Krizzz', 600542),
(155738116, 'Akhony', 5766335),
(155840567, '10 M$X 03', 6547344),
(157054028, '.....................', 6353047),
(158455888, 'HELO', 5250692),
(158487928, 'LAL', 1290494),
(159266740, 'gosu 1%', 6614598),
(160371593, 'StarLucK.3154', 5464491),
(160634347, 'distable', 6465095),
(161963778, 'Merry', 4145263),
(162014492, 'Merlin', 6547344),
(162077924, 'G', 2640025),
(162278265, 'Ferret', 2382653),
(162293761, '  -', 2345508),
(163558843, 'Nardos Of Rivia', 6353295),
(163591895, 'Genssek Parashi', 2837988),
(164842410, 'tittyboy', 5072220),
(165040279, 'Jeet kune do', 5060365),
(166012051, 'SADNESS.bonchinchi', 5251516),
(166971694, 'VIctor Magtanggol!', 6592834),
(167072778, '', 6615678),
(167168064, 'Sokota', 5155535),
(168798737, 'Pabiyon ', 6353047),
(168926023, '~Hawkey', 6592353),
(170489040, 'Snake Eyes', 6447047),
(170569148, '@D', 4647990),
(171789859, '', 6634564),
(171932850, 'Kp', 600542),
(172641071, 'Dashx', 2310427),
(172643860, 'Haribell <3', 6633236),
(172782783, 'SpellBound', 6293590),
(173971950, ')_', 5055770),
(173978074, 'NothingToSay', 6306453),
(174003068, '  !!!', 5155535),
(175344231, '', 6294679),
(175422910, 'Lis', 4817649),
(175538337, '', 5868014),
(175756921, '.IcQ(old cucumber)', 5250692),
(176227033, 'ARK.Snkr', 6657022),
(176393206, 'grave', 6241488),
(176752974, 'ArrOw', 6592353),
(177303051, 'Some', 5588972),
(177411785, '0Y@', 6209143),
(177953305, 'AO', 6019666),
(178002197, 'playing gta v', 5060365),
(178641717, 'gg', 3961185),
(179066697, ' Krul Tepes ', 5141401),
(179976177, 'Adaka', 3492901),
(180503333, 'Baby Seal', 5272887),
(182227565, 'aoiki nekko', 6656781),
(182528815, 'kiki', 6657022),
(183286411, '364534536', 6657022),
(183315096, 'Wannahockaloogie', 5080267),
(183903565, 'The Guy', 5933678),
(184113156, '', 4287534),
(185493128, 'worst', 3852685),
(186035261, 'DOBRI ZKXR', 6293590),
(187222245, 'p1pson', 5261662),
(188409855, 'Vz-', 6516921),
(188633320, 'Rams', 4287534),
(189398048, 'K', 5868014),
(190195262, 'Creature Of The Night', 4145954),
(190782417, 'Tonyukuk', 3758279),
(190857464, 'Dracarys', 6592353),
(190986381, 'Alv~', 5080267),
(191345508, ' ', 4287534),
(191349240, 'Midoriya', 6633236),
(191458152, 'pX', 6516874),
(191596919, 'unnamend (1 pos)', 6447047),
(192278574, 'Freddy Mercury', 6591050),
(192333984, 'The_13abyKnight', 6591050),
(193336906, 'Paris.', 6353295),
(193559569, '', 6615008),
(193894045, ' Madness ', 5933678),
(196931374, 'I\'m Upset', 4817649),
(197023426, 'bezmolwie', 5723665),
(197601889, 'EzmO', 4429274),
(197633557, '', 3549532),
(197737818, '^ ^', 6353047),
(197849259, '', 2640025),
(197934936, 'Mixalich(oldcow)', 5250692),
(198161112, 'robin', 6615678),
(198332373, 'NaomiLeviance.FnG', 1290494),
(198455581, 'P*', 5216146),
(198631761, 'Favorite Son !', 4817649),
(198769370, 'feel some contempt for people', 6570198),
(199118991, ' ', 6294679),
(199222238, '&', 2640025),
(199492724, 'ALL MUTED', 5060365),
(199856605, 'El Psy Congroo', 6655635),
(202167136, 'Throwing her first pitch', 6622787),
(203612832, 'Sh1zzY', 6592353),
(203732939, '', 6516874),
(204296074, 'WOULD YOU KINDLY?', 5272887),
(205336504, 'dopystim, krya', 3961185),
(205567948, 'Oya', 6490793),
(206121103, ' ', 4145954),
(206355643, 'pos 1\\double 1', 6546767),
(206900013, 'Flower BoyVig', 6241488),
(206971543, 'Eggarys', 5530972),
(206993713, 'RooDy', 6656816),
(207983361, 'Adrenaline', 4817649),
(209657102, 'DIAS ROJOS (PLAZA VEA)', 4145263),
(210702955, 'Zrk', 5530972),
(211531481, '@I', 5207190),
(217643502, 'xo4yka', 6267305),
(221743617, '', 6516874),
(221945821, 'bad!', 6268478),
(222026286, 'TiffyTick', 2345508),
(222045109, ' ', 5588972),
(223788891, 'iAcoola', 6570198),
(224135003, 'ProLex(Pavyk)', 6570198),
(227017122, 'Dead_Marley', 5231262),
(227956491, 'huevo', 6614598),
(228554462, 'Tein', 5588972),
(230277042, 'Frosty', 5250692),
(230617400, 'w', 5216146),
(231622898, '*', 4647990),
(232526730, '_#_!@#_!@#_!@#()($9', 5103710),
(233390137, 'securing the bag', 5898420),
(233637161, 'Stre1ok17', 5103710),
(233720955, '   ', 3415105),
(233971593, 'Miracle~', 5324412),
(236295405, 'plohoi_supchik', 5141401),
(241499365, 'grusd\'', 5251516),
(242161616, 'Lyxion-', 6622787),
(242697694, 'qwe', 5055770),
(243956913, 'Qeyko', 1699687),
(244649676, 'Honkey', 3415105),
(244821088, 'Tempest', 5272887),
(249147127, 'angel in the night', 6614598),
(249274944, 'ChTo_tAkoE_NiK', 6096757),
(249651648, 'f_', 5055770),
(250480867, 'DrogYo', 3048192),
(251602296, 'KAFFElttiz', 600542),
(252290040, 'LittleSonnyNIkii', 5898420),
(254730364, 'MentoR_ATU', 2345508),
(255219872, '', 2626685),
(256081220, 'NASTYAebaw', 780735),
(256396743, '', 3852685),
(258067271, '  ', 3549532),
(259168952, 'SoF4r', 2310427),
(259584988, 'EnViTed', 5172230),
(260408033, 'Yeong-', 6306453),
(268731216, 'Jesus with me', 6447047),
(275941880, '  4', 6293590),
(276368906, 'Visage Of rivia', 5060365),
(276597726, 'SadliFe :(', 2382653),
(277812252, 'Strelizia', 5080267),
(279993696, '', 6294679),
(284622496, 'NecroPhagist', 5250692),
(285335734, 'H1d', 3852685),
(289976760, 'broken', 6267305),
(290112834, 'Mr_blend', 5155535),
(290165666, 'X.Y.I', 5588972),
(291782042, '2019 do not let me down', 3757892),
(292542184, 'Junaaaaaaa', 5968964),
(294685813, 'Oll', 2837988),
(295599851, 'Hi{na}Ta33', 6615008),
(295697470, 'P', 6209143),
(296209099, 'DEGRADATION', 2837988),
(296514230, '', 6353047),
(297410106, 'Bullzay', 5172230),
(298360885, '', 5216146),
(299514514, 'Be my Angel', 5261662),
(301151457, 'Gracelin', 5226477),
(302269505, '666.ALOHADANCE', 3961185),
(303077939, 'V', 854742),
(307331749, 'THE DAY HAS COME', 6615008),
(308466085, 'JAIMITO', 6633390),
(310922437, 'Aku Geli.Aku Jijik.Aku Benci', 6516921),
(312295209, '', 6294679),
(312498649, 'Pamu', 5968964),
(313211296, '1', 6634564),
(314882028, 'california dreamed', 3549532),
(316163874, 'Ecstasy', 5251516),
(316217576, '(', 2581813),
(316690185, 'grand mangus', 5060365),
(317849786, ' ', 4647990),
(319960229, 'Z', 5226477),
(320746742, 'azamat v luze vinovat', 6490793),
(321380689, 'CotemBL', 6634564),
(324277900, 'Japoyqt', 6592834),
(324649217, 'ab00b', 6656781),
(329037477, '', 5968964),
(329472045, '-Kira', 3492901),
(332821695, 'HYZOoo', 6546767),
(332865779, 'daunel_official', 2837988),
(332874291, 'Baki', 6239300),
(333236801, 'BOB', 4989115),
(334176616, ' ', 3415105),
(336001937, 'Rimmakin ', 3961185),
(339686412, 'don\'t talk to me', 6435807),
(340198204, 'Mauve', 4647990),
(340535001, '[-]JlyHTiK-a.k.a.PuSsY_BoY', 5588972),
(342663243, 'lesya', 5172230),
(344245074, 'tJ', 2345508),
(345072645, 'NEW LIFESTYLE', 6019666),
(345803031, 'I', 6187657),
(346196728, 'mode : RealiTy', 6516921),
(347871946, 'YG.Tem!kc', 5898420),
(348960219, '_Think_About_You_', 4145954),
(349504323, 'Nivmar-', 5231262),
(350322771, '', 4989115),
(350562374, 'NLTq', 5261662),
(353007657, 'leva torre', 6656816),
(353542282, '??????', 3549532),
(354327057, 'RB.Gui', 6656816),
(354957568, 'N\'Aix', 5933678),
(356343152, 'emma', 6353047),
(358091609, 'Hero-', 5141401),
(361564937, 'Xaviera', 5226477),
(361963750, 'Solo Player', 6657134),
(365578451, 'Sobbaka6', 927146),
(365767102, 'Snooper-', 6615008),
(368020491, '= ', 5141401),
(369744050, 'Potnyy da?', 6490793),
(369803306, 'nrain', 5324412),
(371995897, '-9j0kl', 6166915),
(372440321, '', 6465095),
(372713886, 'pein', 5968964),
(373493121, 'Mher-', 5231262),
(374486552, '     ', 780735),
(374684693, '   4 (mid)', 4989115),
(374930860, ' ', 4989115),
(377075213, '1337', 3758279),
(377672146, 'yakusa', 6019666),
(379430550, 'Tinkernegeroi', 5251516),
(383797967, ' ', 3549532),
(384761137, '', 5172230),
(388636774, '4UVIRLA', 6657134),
(388767811, 'Zazo', 5766335),
(389022189, 'carry or 2 carry', 2581813),
(392650784, 'haha', 2382653),
(394879200, '*', 5216146),
(397458952, 'aNbu', 5272887),
(397462905, ' ', 2626685),
(397574220, '.', 5207190),
(399231338, 'Hello.', 6657022),
(399546227, 'distance', 5530972),
(404228663, 'pos3 spamfest', 6490793),
(405693005, 'Ccx', 5464491),
(406587370, 'Elf??', 6241488),
(406952479, '', 4145954),
(407321629, '_', 5327206),
(407432251, 'Xude', 5155535),
(407531061, 'Yaryshka', 5723665),
(407534541, '8', 6239300),
(409162182, '  ', 3852685),
(411343628, 'Whiskey', 5272887),
(414646198, 'Hyena', 6657134),
(417810937, ' ABOY', 5080267),
(419958501, 'KARRIGAN', 3048192),
(421787439, 'FullSpamOnlyAlways(WWWWWWWWWWWWW', 3961185),
(424116521, 'Alone14Mid', 6019666),
(425412744, 'kjk', 4287534),
(427558921, 'x0miay', 5251516),
(431194367, 'Salvador D.', 6547344),
(431796350, '8lack', 4429274),
(431827666, 'lil peach', 6293590),
(437303185, '.Naruto( )', 6473504),
(437620558, 'Sheva', 4429274),
(439317338, 'Tsumiya', 2382653),
(452376367, '.', 5868014),
(454173875, 'ZuLLe', 6447047),
(459013672, '???', 3048192),
(462555286, 'Inyurream', 6591050),
(462657480, 'Beat', 6519200),
(470392491, '', 6615678),
(477789462, '', 6267305),
(483128726, 'Imbecile', 6353295),
(490372391, '1% win rate', 1290494),
(491283556, 'Thelupa', 5141401),
(837279513, 'fer 2', 6239300),
(841014876, 'dupreeh', 5933678),
(841036836, 'SmokeCriminal', 6516921),
(842100982, 'Mono-', 6634564),
(843395307, '_KINgSheadi_', 3852685),
(849695674, 'PHxD1', 2310427),
(849920317, 'light', 5530972),
(853141086, 'Farsh1k', 6473504),
(860673650, 'Now&Later', 6547344),
(860717110, 'better then you', 5103710),
(862214564, '', 3757892),
(869268895, 'Troubelmaker-', 6547344),
(872412282, 'Saitama', 6633236),
(875883083, 'qwe', 5464491),
(878991409, '', 3415105),
(880211522, 'OneScore', 6657134),
(880364016, '6HDShane', 6657134),
(888517623, 'QQQ', 3048192),
(891273852, 'SAUCE', 5723665),
(894750571, 'XD', 5231262),
(895117759, 'Smurf', 2382653),
(900304431, '  ', 4429274),
(902238501, 'dota is ok', 6657504),
(903457444, 'baguhan?', 1290494),
(907838192, 'Pandita', 6633390),
(908055317, '', 6656781),
(908218565, 'kekayu', 6473504),
(910084406, 'SAVAGE', 1290494),
(912560612, 'Stomp.Ashbringer', 6655635),
(912969711, 'threelittlebirds', 6239300),
(913650843, '29A', 5080267),
(913754776, 'Brave-', 5231262),
(914395903, '-ar1fex-', 5155535),
(914434160, 'can u sey', 6634564),
(915429133, 'Fel1x', 6465095),
(915963775, 'autistgamer', 4287534),
(918060096, 'LucidDreaM', 6622787),
(918380821, '-ElfY', 6622787),
(919027228, 'Ld.Amour', 6622787),
(919910173, 'ssyy', 6656562),
(920747052, 'SJ', 6656562),
(922528009, '', 6546767),
(923700641, 'LOL4TO', 6614598);

-- --------------------------------------------------------

--
-- Table structure for table `matches_settings`
--

CREATE TABLE `matches_settings` (
  `id` int(11) NOT NULL,
  `num_of_objects_per_page` int(11) NOT NULL
) ENGINE=InnoDB DEFAULT CHARSET=utf8;

--
-- Dumping data for table `matches_settings`
--

INSERT INTO `matches_settings` (`id`, `num_of_objects_per_page`) VALUES
(1, 1);

-- --------------------------------------------------------

--
-- Table structure for table `matches_stats`
--

CREATE TABLE `matches_stats` (
  `id` int(11) NOT NULL,
  `kills` int(11) NOT NULL,
  `death` int(11) NOT NULL,
  `assits` int(11) NOT NULL,
  `last_hits` int(11) NOT NULL,
  `denies` int(11) NOT NULL,
  `gold` int(11) NOT NULL,
  `level` int(11) NOT NULL,
  `gpm` int(11) NOT NULL,
  `xpm` int(11) NOT NULL,
  `ultimate_cooldown` int(11) NOT NULL,
  `respawn_timer` int(11) NOT NULL,
  `pos_x` double NOT NULL,
  `pos_y` double NOT NULL,
  `net_worth` int(11) NOT NULL,
  `side` int(11) NOT NULL,
  `match_id` bigint(20) NOT NULL,
  `player_id` bigint(20) NOT NULL
) ENGINE=InnoDB DEFAULT CHARSET=utf8;

--
-- Dumping data for table `matches_stats`
--

INSERT INTO `matches_stats` (`id`, `kills`, `death`, `assits`, `last_hits`, `denies`, `gold`, `level`, `gpm`, `xpm`, `ultimate_cooldown`, `respawn_timer`, `pos_x`, `pos_y`, `net_worth`, `side`, `match_id`, `player_id`) VALUES
(1, 8, 5, 17, 81, 7, 511, 20, 329, 447, 0, 0, 547.349609375, 498.105102539062, 11681, 1, 4320629209, 0),
(2, 7, 7, 8, 273, 4, 952, 22, 491, 584, 0, 11, -2086.29321289062, 716.820007324219, 14232, 0, 4320620809, 177953305),
(3, 1, 9, 7, 200, 13, 737, 16, 377, 351, 0, 0, -3395.037109375, -3657.88256835938, 10747, 0, 4320620809, 345072645),
(4, 1, 5, 12, 11, 0, 424, 14, 208, 266, 19, 0, 3571.8798828125, -3284.22485351562, 3374, 0, 4320620809, 100788083),
(5, 8, 6, 16, 105, 3, 3043, 19, 362, 464, 0, 0, -578.066284179688, 5347.7919921875, 10058, 0, 4320620809, 377672146),
(6, 9, 7, 10, 272, 22, 1048, 21, 496, 537, 0, 0, 118.838943481445, 4834.455078125, 13738, 0, 4320620809, 149809279),
(7, 0, 0, 0, 0, 0, 0, 1, 0, 0, 0, 0, -3236.04833984375, 4751.13037109375, 560, 0, 4320648597, 104352348),
(8, 0, 0, 0, 0, 0, 40, 1, 0, 0, 0, 0, -3063.91137695312, 5283.896484375, 560, 0, 4320648597, 62559653),
(9, 0, 0, 0, 0, 0, 35, 1, 0, 0, 0, 0, -3149.23803710938, 5183.451171875, 650, 0, 4320648597, 104242598),
(10, 0, 0, 0, 0, 0, 10, 1, 0, 0, 0, 0, -2943.6279296875, 5072.9228515625, 480, 0, 4320648597, 103149096),
(11, 0, 0, 0, 0, 0, 0, 1, 0, 0, 0, 0, -2710.02465820312, 5211, 570, 0, 4320648597, 127548726),
(12, 0, 0, 0, 0, 0, 15, 1, 0, 0, 0, 0, -2373.68920898438, 3624.14111328125, 490, 1, 4320648597, 126075632),
(13, 0, 0, 0, 0, 0, 60, 1, 0, 0, 0, 0, 4512, -608, 630, 1, 4320648597, 353007657),
(14, 0, 0, 0, 0, 0, 10, 1, 0, 0, 0, 0, -2042.50415039062, 3645.85693359375, 560, 1, 4320648597, 354327057),
(15, 0, 0, 0, 0, 0, 60, 1, 0, 0, 0, 0, 7037.158203125, 6313.2109375, 650, 1, 4320648597, 91489280),
(16, 0, 0, 0, 0, 0, 95, 1, 0, 0, 0, 0, 6406.822265625, 5829.732421875, 650, 1, 4320648597, 206993713),
(17, 15, 7, 10, 130, 10, 235, 20, 444, 499, 0, 0, -2083.755859375, 618.109558105469, 13430, 1, 4320620809, 143081508),
(18, 4, 5, 20, 79, 2, 821, 19, 324, 478, 36, 0, 3460.978515625, 5426.53515625, 6851, 1, 4320620809, 146249981),
(19, 0, 8, 24, 44, 4, 1363, 16, 248, 330, 0, 0, 6097.05908203125, 6117, 6168, 1, 4320620809, 308466085),
(20, 6, 7, 12, 242, 9, 1680, 22, 493, 608, 0, 40, -5293.54541015625, 105.904815673828, 14840, 1, 4320620809, 149160027),
(21, 8, 0, 8, 212, 2, 1164, 24, 500, 716, 0, 0, 3178.294921875, 6042.685546875, 16579, 1, 4320620809, 907838192),
(22, 8, 0, 5, 205, 10, 2479, 21, 445, 539, 0, 0, -1976.7734375, 3872.58740234375, 15624, 1, 4320660759, 0),
(23, 3, 3, 18, 30, 5, 67, 12, 230, 279, 27, 0, -4443.87451171875, -4105.34423828125, 5967, 1, 4320686482, 0),
(24, 0, 0, 0, 0, 0, 10, 1, 0, 0, 0, 0, 2592, -3936, 560, 0, 4320689190, 143081508),
(25, 0, 0, 0, 0, 0, 5, 1, 0, 0, 0, 0, 3592.65112304688, -5199.34716796875, 650, 0, 4320689190, 308466085),
(26, 0, 0, 0, 0, 0, 0, 1, 0, 0, 0, 0, -1619.85363769531, -986.102172851562, 650, 0, 4320689190, 907838192),
(27, 0, 0, 0, 0, 0, 10, 1, 0, 0, 0, 0, -5872.28857421875, 2327.33227539062, 470, 0, 4320689190, 146249981),
(28, 0, 0, 0, 0, 0, 10, 1, 0, 0, 0, 0, -4783.60791015625, 3416.99926757812, 650, 0, 4320689190, 149160027),
(29, 0, 0, 0, 0, 0, 45, 1, 0, 0, 0, 0, 3341.501953125, 2799.10107421875, 650, 1, 4320689190, 912560612),
(30, 0, 0, 0, 0, 0, 0, 1, 0, 0, 0, 0, 3435.95288085938, -865.745971679688, 495, 1, 4320689190, 114231292),
(31, 0, 0, 0, 0, 0, 30, 1, 0, 0, 0, 0, 6025.876953125, -2464.78247070312, 560, 1, 4320689190, 199856605),
(32, 0, 0, 0, 0, 0, 40, 1, 0, 0, 0, 0, -3669.79565429688, 3955.95825195312, 560, 1, 4320689190, 138535219),
(33, 0, 0, 0, 0, 0, 30, 1, 0, 0, 0, 0, 5371.94189453125, -2886.69287109375, 725, 1, 4320689190, 117700993),
(34, 3, 5, 7, 32, 4, 341, 13, 284, 271, 0, 0, -4377.61669921875, -4083.8701171875, 4621, 0, 4321171381, 91654584),
(35, 4, 5, 4, 203, 6, 172, 21, 480, 647, 0, 0, -2521.46533203125, -2310.00390625, 12682, 0, 4321171381, 94281932),
(36, 2, 5, 8, 14, 1, 138, 14, 204, 309, 0, 0, -4210.57568359375, 568.524475097656, 4963, 0, 4321171381, 151771762),
(37, 3, 7, 6, 105, 6, 860, 14, 330, 327, 0, 0, -4262.1376953125, -1668.236328125, 8525, 0, 4321171381, 316217576),
(38, 2, 2, 4, 253, 13, 1151, 19, 493, 530, 12, 0, -3393.939453125, -827.968322753906, 14046, 0, 4321171381, 389022189),
(39, 6, 3, 11, 308, 12, 3802, 19, 705, 568, 0, 0, -4340.068359375, -4103.31640625, 19532, 1, 4321171381, 397574220),
(40, 2, 1, 8, 277, 7, 1339, 20, 645, 618, 0, 0, 6177.5791015625, -3581.6484375, 17814, 1, 4321171381, 211531481),
(41, 11, 5, 7, 142, 8, 241, 18, 468, 487, 0, 0, 3796.62890625, -2485.34594726562, 11966, 1, 4321171381, 113874152),
(42, 3, 3, 12, 22, 6, 1184, 18, 264, 506, 16, 0, 4908.4375, -2114.51123046875, 6119, 1, 4321171381, 127077041),
(43, 1, 2, 13, 58, 3, 100, 15, 318, 367, 0, 0, 3134.17602539062, -4532.59228515625, 6415, 1, 4321171381, 86940305),
(44, 12, 4, 22, 60, 7, 314, 22, 372, 566, 42, 0, 2136.251953125, 4578.3818359375, 13029, 1, 4321188948, 0),
(45, 2, 8, 3, 28, 5, 880, 10, 267, 278, 100, 0, -375.089141845703, 1337.08081054688, 3860, 0, 4321192332, 407432251),
(46, 6, 5, 6, 98, 10, 1404, 13, 433, 425, 0, 5, 1068.29431152344, 474.814788818359, 8264, 0, 4321192332, 174003068),
(47, 12, 2, 12, 80, 6, 2110, 16, 480, 557, 0, 0, 3714.26928710938, -3494.494140625, 10190, 0, 4321192332, 914395903),
(48, 7, 5, 13, 20, 0, 602, 14, 339, 439, 16, 0, -4326.95751953125, 447.338806152344, 5657, 0, 4321192332, 290112834),
(49, 2, 3, 10, 69, 12, 2068, 13, 343, 411, 121, 0, -4597.560546875, 129.681579589844, 6968, 0, 4321192332, 167168064),
(50, 9, 4, 7, 82, 3, 2004, 14, 428, 430, 4, 0, 3065.01586914062, 2523.98120117188, 7524, 1, 4321192332, 373493121),
(51, 4, 6, 6, 30, 5, 597, 11, 262, 292, 0, 0, 3077.08837890625, 2424.55126953125, 3977, 1, 4321192332, 349504323),
(52, 1, 9, 4, 86, 11, 326, 12, 307, 349, 0, 0, 3767.63818359375, 3652.5595703125, 5651, 1, 4321192332, 894750571),
(53, 7, 4, 3, 75, 29, 944, 14, 418, 444, 0, 2, 530.469421386719, 383.052612304688, 8299, 1, 4321192332, 913754776),
(54, 2, 6, 11, 15, 1, 47, 10, 252, 273, 0, 15, 429.657531738281, 517.154052734375, 3382, 1, 4321192332, 227017122),
(55, 3, 10, 9, 36, 8, 958, 15, 250, 350, 56, 38, 6186.81787109375, 5047.71826171875, 5488, 1, 4321260691, 0),
(56, 0, 4, 8, 190, 4, 1569, 21, 453, 653, 0, 0, -670.01318359375, 1317.45544433594, 11894, 0, 4321256255, 470392491),
(57, 1, 4, 8, 24, 8, 885, 14, 233, 332, 0, 0, -1387.21765136719, -292.039642333984, 3990, 0, 4321256255, 198161112),
(58, 6, 2, 4, 173, 17, 2419, 19, 535, 556, 20, 0, -327.152282714844, 3370.427734375, 14999, 0, 4321256255, 134711350),
(59, 1, 2, 9, 59, 4, 450, 15, 300, 382, 0, 0, -1936.67272949219, 1497.28979492188, 7015, 0, 4321256255, 167072778),
(60, 6, 4, 2, 243, 18, 2222, 19, 611, 582, 0, 0, -2435.35693359375, 1216.12365722656, 14832, 0, 4321256255, 129748056),
(61, 5, 3, 6, 345, 10, 2392, 22, 686, 717, 0, 12, -2282.677734375, -3500.13012695312, 18562, 1, 4321256255, 875883083),
(62, 7, 1, 4, 240, 12, 1779, 20, 570, 603, 44, 0, 4648.56884765625, -6007.4521484375, 14239, 1, 4321256255, 134683396),
(63, 2, 4, 10, 17, 3, 70, 13, 254, 308, 0, 7, -1281.48986816406, -2579.80493164062, 3705, 1, 4321256255, 160371593),
(64, 0, 3, 7, 54, 4, 1437, 15, 241, 387, 0, 0, 5024.9794921875, 1744.48950195312, 5737, 1, 4321256255, 141833801),
(65, 2, 3, 10, 155, 5, 1288, 16, 422, 442, 0, 0, -1311.935546875, -3539.25903320312, 10393, 1, 4321256255, 405693005),
(66, 0, 6, 3, 17, 4, 194, 9, 168, 200, 14, 0, -423.904510498047, -239.593902587891, 2069, 0, 4321252305, 91654584),
(67, 6, 1, 5, 142, 21, 95, 16, 497, 509, 0, 0, 1494.43957519531, -383.820831298828, 11075, 0, 4321252305, 94281932),
(68, 2, 4, 3, 31, 4, 472, 11, 226, 282, 114, 0, -354.139404296875, -646.632568359375, 4272, 0, 4321252305, 151771762),
(69, 1, 0, 6, 120, 9, 1697, 15, 404, 465, 56, 0, 1326.25183105469, 2453.12084960938, 8727, 0, 4321252305, 316217576),
(70, 4, 4, 1, 161, 11, 1413, 15, 479, 465, 0, 0, 571.298156738281, -2221.72509765625, 9988, 0, 4321252305, 389022189),
(71, 0, 2, 2, 230, 26, 1987, 16, 540, 537, 0, 0, -2416.96923828125, 1916.11889648438, 11597, 1, 4321252305, 397574220),
(72, 4, 2, 5, 147, 12, 486, 15, 491, 485, 0, 0, -2343.75024414062, 1862.57690429688, 10361, 1, 4321252305, 211531481),
(73, 6, 0, 7, 176, 9, 469, 15, 523, 513, 2, 0, -2538.86547851562, 1837.56958007812, 11589, 1, 4321252305, 113874152),
(74, 3, 4, 7, 40, 3, 805, 11, 312, 294, 27, 0, -2030.9560546875, 1690.14086914062, 5875, 1, 4321252305, 127077041),
(75, 2, 7, 7, 3, 2, 38, 9, 177, 220, 66, 0, -2994.29345703125, 2860.51928710938, 1163, 1, 4321252305, 86940305),
(76, 3, 9, 13, 37, 1, 40, 14, 236, 268, 26, 22, 5452.2822265625, 3765.3505859375, 6950, 1, 4321311502, 0),
(77, 0, 0, 0, 0, 0, 600, 0, 0, 0, 0, 0, 0, 0, 0, 0, 4321346882, 91654584),
(78, 0, 0, 0, 0, 0, 600, 0, 0, 0, 0, 0, 0, 0, 0, 0, 4321346882, 94281932),
(79, 0, 0, 0, 0, 0, 600, 0, 0, 0, 0, 0, 0, 0, 0, 0, 4321346882, 316217576),
(80, 0, 0, 0, 0, 0, 600, 0, 0, 0, 0, 0, 0, 0, 0, 0, 4321346882, 151771762),
(81, 0, 0, 0, 0, 0, 600, 0, 0, 0, 0, 0, 0, 0, 0, 0, 4321346882, 389022189),
(82, 0, 0, 0, 0, 0, 600, 0, 0, 0, 0, 0, 0, 0, 0, 1, 4321346882, 119535307),
(83, 0, 0, 0, 0, 0, 600, 0, 0, 0, 0, 0, 0, 0, 0, 1, 4321346882, 110539311),
(84, 0, 0, 0, 0, 0, 600, 0, 0, 0, 0, 0, 0, 0, 0, 1, 4321346882, 260408033),
(85, 0, 0, 0, 0, 0, 600, 0, 0, 0, 0, 0, 0, 0, 0, 1, 4321346882, 101525357),
(86, 0, 0, 0, 0, 0, 600, 0, 0, 0, 0, 0, 0, 0, 0, 0, 4321357263, 91654584),
(87, 0, 0, 0, 0, 0, 600, 0, 0, 0, 0, 0, 0, 0, 0, 0, 4321357263, 151771762),
(88, 0, 0, 0, 0, 0, 600, 0, 0, 0, 0, 0, 0, 0, 0, 0, 4321357263, 94281932),
(89, 0, 0, 0, 0, 0, 600, 0, 0, 0, 0, 0, 0, 0, 0, 0, 4321357263, 316217576),
(90, 0, 0, 0, 0, 0, 600, 0, 0, 0, 0, 0, 0, 0, 0, 0, 4321357263, 389022189),
(91, 0, 0, 0, 0, 0, 600, 0, 0, 0, 0, 0, 0, 0, 0, 1, 4321357263, 119535307),
(92, 0, 0, 0, 0, 0, 600, 0, 0, 0, 0, 0, 0, 0, 0, 1, 4321357263, 260408033),
(93, 0, 0, 0, 0, 0, 600, 0, 0, 0, 0, 0, 0, 0, 0, 1, 4321357263, 173978074),
(94, 0, 0, 0, 0, 0, 600, 0, 0, 0, 0, 0, 0, 0, 0, 1, 4321357263, 110539311),
(95, 0, 0, 0, 0, 0, 600, 0, 0, 0, 0, 0, 0, 0, 0, 1, 4321357263, 101525357),
(96, 0, 0, 0, 0, 0, 20, 1, 0, 0, 0, 0, -5845.5830078125, -6244.00927734375, 345, 0, 4321359372, 336001937),
(97, 0, 0, 0, 0, 0, 40, 1, 0, 0, 0, 0, -6750, -6550.00390625, 560, 0, 4321359372, 205336504),
(98, 0, 0, 0, 0, 0, 30, 1, 0, 0, 0, 0, -6900, -6425.00390625, 825, 0, 4321359372, 421787439),
(99, 0, 0, 0, 0, 0, 30, 1, 0, 0, 0, 0, -6892.04150390625, -6229.69873046875, 650, 0, 4321359372, 302269505),
(100, 0, 0, 0, 0, 0, 20, 1, 0, 0, 0, 0, -5857.35302734375, -6140.6513671875, 560, 0, 4321359372, 178641717),
(101, 0, 0, 0, 0, 0, 45, 1, 0, 0, 0, 0, 5981.95068359375, 6115.7109375, 650, 1, 4321359372, 406952479),
(102, 0, 0, 0, 0, 0, 30, 1, 0, 0, 0, 0, 6950, 6499.99609375, 650, 1, 4321359372, 348960219),
(103, 0, 0, 0, 0, 0, 600, 1, 0, 0, 0, 0, 7100, 6375.99609375, 650, 1, 4321359372, 206121103),
(104, 0, 0, 0, 0, 0, 65, 1, 0, 0, 0, 0, 6434.13232421875, 6011.92919921875, 570, 1, 4321359372, 133075098),
(105, 0, 0, 0, 0, 0, 40, 1, 0, 0, 0, 0, 7300, 6099.99609375, 560, 1, 4321359372, 190195262),
(106, 0, 0, 0, 12, 5, 199, 3, 232, 184, 0, 0, -6470.06396484375, 3201.75634765625, 1524, 1, 4321377745, 0),
(107, 4, 3, 2, 95, 18, 673, 14, 418, 437, 0, 0, -5456.8408203125, -4259.0869140625, 8473, 0, 4321596478, 191349240),
(108, 0, 5, 11, 23, 4, 1199, 10, 227, 268, 0, 0, -5958.8623046875, -3998.92114257812, 3029, 0, 4321596478, 87751789),
(109, 2, 2, 3, 113, 7, 1844, 14, 423, 473, 0, 0, 3602.66650390625, 5597.6162109375, 8949, 0, 4321596478, 172643860),
(110, 7, 3, 3, 121, 8, 2102, 14, 489, 464, 0, 0, 3664.5439453125, 5711.19970703125, 10352, 0, 4321596478, 872412282),
(111, 2, 6, 11, 17, 4, 380, 9, 240, 233, 110, 28, -5035.19873046875, -2830.41186523438, 3010, 0, 4321596478, 109403489),
(112, 3, 3, 10, 30, 4, 2244, 10, 306, 272, 0, 0, -4480.703125, -4253.58740234375, 4154, 1, 4321596478, 399546227),
(113, 2, 1, 2, 175, 21, 2533, 16, 502, 537, 107, 0, -4552.1044921875, -4055.97265625, 10363, 1, 4321596478, 210702955),
(114, 8, 5, 4, 103, 10, 85, 14, 452, 451, 0, 0, -4450.662109375, -3496.80859375, 9340, 1, 4321596478, 206971543),
(115, 1, 5, 15, 30, 2, 1892, 11, 273, 306, 0, 0, 4532.84375, 5394.5390625, 5337, 1, 4321596478, 849920317),
(116, 5, 3, 4, 117, 34, 1339, 14, 463, 472, 0, 0, -4020.16870117188, -3876.66967773438, 9524, 1, 4321596478, 121014762),
(117, 0, 6, 5, 3, 0, 19, 5, 162, 186, 0, 6, 21.3218994140625, -6438.52490234375, 1209, 0, 4321600749, 454173875),
(118, 1, 2, 5, 2, 0, 582, 4, 189, 139, 0, 0, -995.590148925781, 1167.49670410156, 1732, 0, 4321600749, 128992238),
(119, 0, 1, 1, 37, 4, 822, 9, 286, 395, 46, 0, 1898.67907714844, -6389.60791015625, 3467, 0, 4321600749, 268731216),
(120, 3, 3, 1, 16, 0, 741, 8, 337, 362, 0, 0, -3688.19409179688, -2820.6474609375, 3721, 0, 4321600749, 170489040),
(121, 3, 3, 1, 44, 3, 565, 7, 345, 266, 0, 0, -1970.20239257812, -3483.49072265625, 3425, 0, 4321600749, 191596919),
(122, 5, 4, 0, 65, 31, 87, 11, 546, 530, 0, 0, -2438.74267578125, -1709.53869628906, 6097, 1, 4321600749, 228554462),
(123, 3, 0, 2, 62, 23, 228, 8, 433, 334, 14, 0, -1729.11413574219, 6215.72021484375, 5388, 1, 4321600749, 177303051),
(124, 3, 2, 5, 40, 3, 161, 8, 353, 314, 0, 0, 1643.04284667969, -6341.51904296875, 4181, 1, 4321600749, 222045109),
(125, 2, 1, 2, 5, 5, 1306, 5, 203, 188, 0, 0, 2069.26123046875, -6350.94921875, 1856, 1, 4321600749, 340535001),
(126, 1, 2, 5, 9, 2, 167, 6, 232, 252, 0, 16, 223.930923461914, -6043.943359375, 2972, 1, 4321600749, 290165666),
(127, 4, 5, 8, 19, 3, 510, 9, 241, 250, 0, 0, -1252.27795410156, -1142.69995117188, 3845, 0, 4321599393, 115697997),
(128, 5, 1, 8, 92, 24, 360, 12, 396, 386, 0, 0, -6913.69091796875, 1864.9384765625, 7290, 0, 4321599393, 344245074),
(129, 2, 1, 4, 62, 16, 596, 12, 332, 377, 0, 0, -2687.9169921875, -3095.76831054688, 6241, 0, 4321599393, 66642504),
(130, 4, 3, 6, 5, 1, 485, 9, 202, 235, 0, 0, -2906.14990234375, -3254.32055664062, 2310, 0, 4321599393, 222026286),
(131, 1, 1, 0, 139, 11, 1284, 14, 426, 474, 0, 0, 968.398193359375, -4855.904296875, 7709, 0, 4321599393, 254730364),
(132, 2, 6, 3, 44, 6, 321, 9, 249, 256, 0, 0, 831.859741210938, -4426.89599609375, 4096, 1, 4321599393, 230277042),
(133, 2, 6, 7, 9, 0, 78, 8, 222, 214, 0, 0, 1187.70654296875, -4472.2841796875, 2268, 1, 4321599393, 175756921),
(134, 2, 1, 2, 126, 27, 547, 14, 476, 512, 0, 0, -729.651123046875, -1223.04138183594, 8707, 1, 4321599393, 284622496),
(135, 5, 1, 1, 175, 25, 293, 15, 594, 567, 0, 0, 1406.95434570312, -4783.2958984375, 11453, 1, 4321599393, 197934936),
(136, 0, 4, 1, 60, 12, 1204, 10, 332, 273, 0, 0, 1269.19067382812, -4797.4130859375, 6014, 1, 4321599393, 158455888),
(137, 8, 2, 14, 195, 14, 1228, 19, 513, 435, 0, 0, -4230.0810546875, -5987.08349609375, 19533, 1, 4321586085, 0),
(138, 0, 0, 0, 28, 7, 182, 7, 265, 427, 0, 0, -1593.26049804688, -1727.97399902344, 2482, 0, 4321623382, 361564937),
(139, 0, 1, 2, 19, 2, 321, 5, 240, 279, 0, 0, 5769.64453125, -5635.97119140625, 2041, 0, 4321623382, 319960229),
(140, 1, 0, 1, 6, 2, 347, 4, 196, 168, 0, 0, -5465.91845703125, 2303.1845703125, 1837, 0, 4321623382, 113196124),
(141, 2, 3, 1, 29, 5, 679, 5, 324, 243, 0, 15, -5164.84521484375, 2635.54541015625, 2454, 0, 4321623382, 120238234),
(142, 1, 2, 2, 4, 3, 463, 3, 188, 134, 0, 0, -7100, -6150, 1138, 0, 4321623382, 301151457),
(143, 2, 1, 2, 23, 9, 559, 6, 321, 308, 0, 0, -5219.435546875, 3269.50634765625, 2739, 1, 4321623382, 329037477),
(144, 1, 0, 1, 29, 12, 516, 5, 319, 278, 0, 0, 5976.794921875, -5603.123046875, 2716, 1, 4321623382, 147306383),
(145, 1, 2, 1, 0, 0, 147, 4, 171, 174, 0, 0, 5437.85888671875, -3804.8115234375, 1262, 1, 4321623382, 292542184),
(146, 0, 0, 0, 37, 6, 57, 6, 374, 415, 0, 0, 2883.32690429688, -759.716430664062, 2757, 1, 4321623382, 372713886),
(147, 1, 1, 1, 2, 1, 48, 4, 221, 177, 0, 0, 823.148803710938, 5532.4716796875, 1278, 1, 4321623382, 312498649),
(148, 1, 1, 4, 175, 3, 2275, 13, 558, 488, 0, 0, 165.063217163086, -3839.68212890625, 9835, 0, 4321569487, 196931374),
(149, 5, 3, 4, 112, 16, 1025, 13, 468, 453, 19, 0, -3060.81884765625, 5293.4716796875, 7880, 0, 4321569487, 175422910),
(150, 1, 1, 5, 13, 2, 782, 8, 224, 237, 6, 0, -2589.90209960938, 4772.1650390625, 2297, 0, 4321569487, 207983361),
(151, 0, 3, 5, 20, 2, 93, 9, 232, 244, 30, 0, 462.407623291016, -4244.2197265625, 3993, 0, 4321569487, 126598297),
(152, 5, 2, 2, 90, 9, 592, 12, 445, 404, 6, 0, -1893.74633789062, 5320.22998046875, 7927, 0, 4321569487, 198631761),
(153, 0, 1, 4, 27, 5, 83, 9, 211, 247, 0, 0, -1339.34399414062, 5011.37158203125, 3433, 1, 4321569487, 176752974),
(154, 2, 4, 2, 88, 16, 727, 10, 355, 308, 0, 0, -1743.63793945312, 5655.8125, 6037, 1, 4321569487, 203612832),
(155, 5, 2, 2, 102, 13, 1352, 13, 448, 493, 39, 0, -991.393981933594, 5433.970703125, 7897, 1, 4321569487, 168926023),
(156, 1, 4, 3, 6, 1, 286, 8, 185, 206, 0, 0, -1468.18859863281, 4862.30615234375, 2166, 1, 4321569487, 104414287),
(157, 1, 1, 4, 87, 7, 2064, 12, 391, 404, 1, 0, -1686.99499511719, 5218.28173828125, 6904, 1, 4321569487, 190857464),
(158, 2, 1, 6, 69, 8, 2412, 11, 423, 392, 0, 0, 5845.28564453125, 3445.0927734375, 7132, 0, 4321597070, 117672038),
(159, 1, 3, 7, 7, 3, 427, 7, 248, 185, 49, 0, 6323.1962890625, 3192.14453125, 3302, 0, 4321597070, 110374672),
(160, 2, 1, 4, 76, 7, 2049, 10, 431, 321, 0, 0, 6202.07958984375, 2803.57666015625, 7144, 0, 4321597070, 92401948),
(161, 2, 3, 7, 8, 2, 838, 8, 251, 217, 0, 0, 5909.29345703125, 2202.75390625, 3118, 0, 4321597070, 339686412),
(162, 7, 2, 5, 97, 35, 1418, 11, 559, 373, 0, 0, 6116.21142578125, 2930.46704101562, 9373, 0, 4321597070, 122258583),
(163, 1, 3, 6, 11, 2, 514, 7, 211, 183, 0, 0, 5133.73876953125, 4341.3203125, 2389, 1, 4321597070, 144870065),
(164, 0, 4, 3, 44, 0, 161, 8, 216, 243, 0, 0, 4986.09228515625, -5819.90869140625, 3196, 1, 4321597070, 86780201),
(165, 2, 4, 4, 19, 0, 1125, 8, 231, 233, 0, 6, 3439.67211914062, 3358.77563476562, 3225, 1, 4321597070, 166971694),
(166, 1, 2, 3, 91, 3, 2184, 10, 367, 318, 0, 0, 5091.82958984375, -5920.3984375, 6009, 1, 4321597070, 107767743),
(167, 6, 1, 0, 96, 14, 356, 12, 461, 435, 8, 0, 6845.71875, 6168.3056640625, 7321, 1, 4321597070, 324277900),
(168, 0, 0, 0, 0, 0, 115, 1, 0, 0, 0, 0, 7300, 6099.99609375, 525, 1, 4321679542, 0),
(169, 3, 3, 9, 159, 7, 1766, 17, 390, 490, 33, 0, 3812.77758789062, 3494.36352539062, 10641, 0, 4321912684, 37121232),
(170, 6, 1, 5, 264, 30, 4224, 18, 582, 498, 73, 0, 3860.06201171875, 3534.57690429688, 15634, 0, 4321912684, 86896635),
(171, 3, 8, 10, 38, 9, 962, 14, 241, 327, 0, 45, 3494.8466796875, 3267.70483398438, 4187, 0, 4321912684, 121633262),
(172, 4, 3, 14, 54, 0, 1173, 14, 277, 341, 9, 0, 3611.33081054688, 2661.71069335938, 6398, 0, 4321912684, 93545740),
(173, 7, 2, 5, 199, 5, 275, 19, 497, 590, 29, 0, 3482.79052734375, 2516.7177734375, 12885, 0, 4321912684, 86743260),
(174, 7, 4, 3, 148, 17, 2209, 16, 440, 408, 44, 0, 3850.82202148438, 3295.61059570312, 11519, 1, 4321912684, 114086220),
(175, 0, 11, 7, 18, 3, 1070, 11, 199, 237, 0, 0, 6383.07080078125, 5436.2861328125, 2775, 1, 4321912684, 61211191),
(176, 8, 3, 5, 162, 14, 989, 19, 506, 549, 124, 0, 3720.81396484375, 2492.15283203125, 13109, 1, 4321912684, 164842410),
(177, 0, 3, 6, 39, 3, 672, 12, 227, 258, 118, 0, 6685.26416015625, 5772.90576171875, 4647, 1, 4321912684, 35380233),
(178, 2, 2, 8, 177, 13, 2187, 17, 453, 487, 112, 0, 3549.9638671875, 4648.0302734375, 12067, 1, 4321912684, 71418112),
(179, 0, 2, 4, 26, 5, 389, 5, 249, 205, 0, 0, -1433.15905761719, -5475.97802734375, 2369, 0, 4321902231, 184113156),
(180, 2, 2, 0, 6, 0, 173, 4, 192, 128, 0, 0, -1602.33862304688, -6170.5458984375, 1168, 0, 4321902231, 188633320),
(181, 2, 3, 1, 16, 8, 693, 7, 257, 328, 0, 0, -1443.60632324219, -5568.134765625, 2223, 0, 4321902231, 915963775),
(182, 0, 4, 0, 18, 1, 489, 4, 184, 142, 0, 0, -3071.78759765625, -2536.49487304688, 1659, 0, 4321902231, 191345508),
(183, 1, 4, 2, 4, 1, 77, 5, 227, 206, 0, 5, -2996.11743164062, -5158.1259765625, 1942, 0, 4321902231, 425412744),
(184, 4, 1, 1, 54, 17, 396, 8, 504, 465, 2, 0, -2266.09228515625, -2042.07824707031, 4696, 1, 4321902231, 159266740),
(185, 2, 1, 6, 4, 4, 303, 4, 227, 169, 0, 11, -1294.57751464844, -5161.77783203125, 1918, 1, 4321902231, 97797033),
(186, 3, 2, 6, 3, 1, 5, 4, 253, 177, 0, 0, 6557.8291015625, 6011.54345703125, 2105, 1, 4321902231, 227956491),
(187, 2, 0, 3, 55, 36, 1340, 7, 476, 357, 0, 0, -6302.76904296875, 4064.720703125, 4690, 1, 4321902231, 249147127),
(188, 4, 2, 0, 44, 10, 730, 8, 494, 439, 0, 0, -496.294372558594, -6158.80859375, 4635, 1, 4321902231, 923700641),
(189, 18, 5, 4, 196, 29, 1425, 21, 688, 734, 0, 0, -941.051330566406, 1292.74584960938, 18035, 0, 4321926394, 316163874),
(190, 9, 2, 3, 197, 36, 1071, 23, 685, 865, 0, 0, -7035.13037109375, -6409.87939453125, 17396, 0, 4321926394, 241499365),
(191, 3, 3, 10, 72, 8, 1060, 15, 358, 380, 0, 0, -144.937881469727, 1013.90234375, 9260, 0, 4321926394, 427558921),
(192, 3, 6, 13, 33, 3, 710, 15, 320, 387, 0, 0, -199.691162109375, 1715.72424316406, 7805, 0, 4321926394, 166012051),
(193, 4, 8, 13, 10, 1, 493, 14, 284, 339, 0, 0, 319.476623535156, 868.824462890625, 5073, 0, 4321926394, 154708429),
(194, 11, 5, 7, 63, 1, 1389, 17, 395, 502, 0, 0, 2485.63037109375, -3799.87915039062, 9714, 1, 4321926394, 258067271),
(195, 5, 17, 15, 20, 4, 216, 11, 238, 221, 0, 0, 5390.95458984375, 5466.06103515625, 2886, 1, 4321926394, 197633557),
(196, 3, 11, 6, 15, 5, 765, 14, 223, 341, 0, 0, 3436.986328125, 2763.95483398438, 3915, 1, 4321926394, 353542282),
(197, 2, 5, 1, 189, 24, 706, 16, 478, 459, 25, 20, -576.040283203125, 1306.95874023438, 11816, 1, 4321926394, 383797967),
(198, 3, 2, 1, 175, 11, 2182, 16, 419, 432, 0, 0, -5717.57958984375, 4970.7021484375, 11217, 1, 4321926394, 314882028),
(199, 6, 7, 13, 215, 18, 1128, 23, 473, 624, 0, 39, -2617.27270507812, -6368.857421875, 14088, 0, 4321906366, 431194367),
(200, 8, 12, 9, 94, 7, 2462, 18, 322, 400, 0, 25, -1756.30773925781, -5273.5439453125, 8912, 0, 4321906366, 155840567),
(201, 11, 5, 4, 199, 14, 1099, 24, 502, 734, 22, 0, -6759.56689453125, -3910.2138671875, 14999, 0, 4321906366, 869268895),
(202, 2, 12, 13, 26, 1, 1457, 16, 242, 339, 0, 0, -2570.349609375, -6402.94873046875, 5322, 0, 4321906366, 162014492),
(203, 6, 9, 17, 56, 1, 1373, 21, 320, 515, 0, 0, -5744.123046875, -4535.9697265625, 8333, 0, 4321906366, 860673650),
(204, 11, 4, 9, 315, 23, 3652, 24, 682, 704, 18, 0, -6400.29443359375, -3802.853515625, 21957, 1, 4321906366, 179066697),
(205, 3, 7, 20, 38, 2, 1623, 17, 287, 375, 0, 0, -5310.90576171875, -3584.80615234375, 8598, 1, 4321906366, 236295405),
(206, 24, 3, 11, 256, 19, 2387, 25, 725, 746, 35, 0, -6380.8291015625, -3380.83227539062, 24327, 1, 4321906366, 358091609),
(207, 3, 16, 20, 60, 6, 2171, 18, 318, 392, 0, 0, -6492.4443359375, -3043.45092773438, 4871, 1, 4321906366, 491283556),
(208, 4, 5, 16, 183, 16, 3080, 21, 434, 555, 75, 0, -6723.6357421875, -2907.18920898438, 14755, 1, 4321906366, 368020491),
(209, 9, 6, 8, 202, 29, 2482, 23, 466, 527, 0, 0, 4106.6884765625, -4272.53955078125, 17212, 0, 4321860780, 34383115),
(210, 3, 3, 13, 359, 24, 5231, 24, 574, 578, 0, 0, -7282.7939453125, -6736.23828125, 23701, 0, 4321860780, 232526730),
(211, 2, 5, 11, 292, 28, 1794, 24, 534, 580, 0, 0, 590.674438476562, -3478.60571289062, 21794, 0, 4321860780, 860717110),
(212, 7, 11, 11, 33, 2, 51, 19, 312, 374, 0, 20, -5021.1171875, -5104.67041015625, 6486, 0, 4321860780, 79736547),
(213, 6, 9, 17, 139, 9, 625, 19, 372, 380, 0, 0, -4583.552734375, -134.220367431641, 12475, 0, 4321860780, 233637161),
(214, 1, 10, 10, 56, 1, 1714, 19, 225, 354, 48, 0, 1856.09350585938, 1185.94897460938, 6794, 1, 4321860780, 299514514),
(215, 9, 6, 17, 112, 13, 1003, 22, 346, 466, 0, 0, -145.628219604492, -43.039924621582, 11318, 1, 4321860780, 149621837),
(216, 10, 4, 2, 508, 9, 5134, 25, 676, 611, 0, 0, 426.357025146484, 869.533630371094, 27114, 1, 4321860780, 350562374),
(217, 11, 5, 3, 365, 8, 3129, 25, 602, 613, 0, 0, 1215.44128417969, 487.416473388672, 24079, 1, 4321860780, 121296071),
(218, 3, 3, 14, 77, 4, 1427, 20, 278, 414, 0, 0, 92.1751480102539, 924.338134765625, 6592, 1, 4321860780, 187222245),
(219, 3, 11, 11, 152, 8, 1559, 23, 354, 512, 0, 0, -3796.26049804688, -5461.0986328125, 12864, 0, 4321866214, 880364016),
(220, 4, 15, 14, 24, 3, 512, 20, 216, 416, 0, 64, -2391.85107421875, -5805.6298828125, 6787, 0, 4321866214, 880211522),
(221, 15, 8, 9, 385, 18, 4177, 25, 647, 664, 62, 0, -3015.6455078125, -5215.51171875, 25807, 0, 4321866214, 361963750),
(222, 11, 5, 13, 145, 15, 2209, 25, 439, 642, 0, 0, -4327.31689453125, -5360.54638671875, 16814, 0, 4321866214, 388636774),
(223, 3, 11, 17, 45, 5, 118, 17, 221, 291, 0, 2, -2859.79833984375, -5836.0009765625, 2303, 0, 4321866214, 414646198),
(224, 3, 10, 22, 88, 1, 1362, 20, 279, 393, 80, 60, -3330.66772460938, -6294.43017578125, 9187, 1, 4321866214, 409162182),
(225, 21, 6, 8, 313, 6, 1319, 25, 649, 624, 0, 86, -2708.970703125, -6072.77734375, 26654, 1, 4321866214, 256396743),
(226, 5, 7, 14, 130, 32, 2578, 20, 349, 419, 67, 0, 1473.59692382812, -4315.05908203125, 13778, 1, 4321866214, 843395307),
(227, 13, 3, 6, 374, 25, 2159, 25, 645, 617, 0, 92, -3628.28686523438, -6310.017578125, 26514, 1, 4321866214, 185493128),
(228, 2, 10, 12, 18, 4, 1217, 17, 210, 313, 62, 47, -2584.12451171875, -5891.314453125, 3392, 1, 4321866214, 285335734),
(229, 4, 5, 4, 8, 2, 92, 8, 203, 218, 35, 0, -5410.6484375, -4089.8408203125, 3272, 0, 4321874062, 230277042),
(230, 1, 3, 6, 76, 3, 487, 12, 323, 370, 0, 0, -6524.609375, -4588.44873046875, 5627, 0, 4321874062, 284622496),
(231, 1, 6, 5, 9, 1, 81, 9, 179, 239, 85, 0, -6594.90576171875, -5088.53466796875, 2141, 0, 4321874062, 175756921),
(232, 3, 6, 3, 26, 5, 501, 8, 220, 222, 23, 27, -6477.59375, -3587.39965820312, 3611, 0, 4321874062, 158455888),
(233, 1, 4, 2, 138, 17, 415, 10, 419, 296, 0, 0, -6051.22705078125, -4072.103515625, 7475, 0, 4321874062, 197934936),
(234, 4, 2, 8, 54, 11, 1099, 13, 372, 407, 0, 0, -5567.5185546875, -2636.47705078125, 6509, 1, 4321874062, 62119103),
(235, 3, 1, 8, 95, 10, 1067, 13, 507, 410, 82, 0, -6649.22216796875, -3167.0244140625, 9457, 1, 4321874062, 135470090),
(236, 3, 3, 12, 6, 0, 1376, 10, 278, 290, 0, 0, -6320.474609375, -3073.48266601562, 3626, 1, 4321874062, 153196290),
(237, 6, 4, 6, 76, 28, 775, 13, 447, 427, 53, 0, -6585.64208984375, -2939.56640625, 7845, 1, 4321874062, 122058938),
(238, 8, 0, 4, 117, 26, 1916, 13, 521, 453, 63, 0, -6616.767578125, -3095.88793945312, 10011, 1, 4321874062, 221945821),
(239, 9, 10, 22, 71, 5, 1079, 22, 326, 420, 0, 6, -4410.32861328125, -3421.93627929688, 13719, 1, 4321898257, 0),
(240, 5, 13, 20, 24, 0, 1391, 23, 286, 418, 0, 0, -2859.26708984375, -1902.77563476562, 6891, 0, 4321941799, 205567948),
(241, 11, 7, 6, 483, 32, 6009, 25, 687, 495, 0, 0, -2755.080078125, -2416.09375, 33219, 0, 4321941799, 150100544),
(242, 2, 8, 15, 80, 1, 751, 25, 295, 504, 22, 0, -2058.27587890625, -1607.21362304688, 13301, 0, 4321941799, 404228663),
(243, 10, 6, 11, 646, 19, 3484, 25, 826, 487, 83, 0, -2614.9580078125, -1937.72229003906, 42984, 0, 4321941799, 320746742),
(244, 5, 5, 13, 134, 5, 980, 24, 317, 469, 0, 0, -2583.09399414062, -2247.5341796875, 13485, 0, 4321941799, 369744050),
(245, 15, 5, 11, 516, 18, 3465, 25, 661, 486, 7, 0, -4928.13916015625, 3682.35473632812, 30015, 1, 4321941799, 321380689),
(246, 5, 10, 10, 364, 18, 1459, 25, 474, 501, 71, 82, -5491.77197265625, -3453.62963867188, 21784, 1, 4321941799, 914434160),
(247, 2, 6, 27, 185, 9, 3817, 25, 359, 486, 0, 103, -5121.7119140625, -3674.24609375, 16067, 1, 4321941799, 171789859),
(248, 13, 3, 12, 629, 62, 1694, 25, 757, 486, 0, 0, 4004.0751953125, -1770.39111328125, 27669, 1, 4321941799, 313211296),
(249, 4, 9, 23, 25, 8, 845, 24, 236, 468, 0, 0, -1056.46374511719, 3391.96044921875, 5050, 1, 4321941799, 842100982),
(250, 0, 6, 7, 14, 0, 206, 7, 210, 148, 50, 1, 3699.90795898438, -3371.34252929688, 2876, 0, 4321952988, 365767102),
(251, 2, 4, 2, 82, 7, 857, 13, 346, 415, 0, 0, 5970.20458984375, -5281.0029296875, 5892, 0, 4321952988, 295599851),
(252, 9, 2, 1, 157, 29, 668, 17, 614, 655, 146, 0, 3755.53857421875, -384.868041992188, 12478, 0, 4321952988, 307331749),
(253, 2, 2, 4, 151, 12, 1645, 16, 470, 562, 57, 0, 6215.4482421875, -3411.84838867188, 9255, 0, 4321952988, 91314690),
(254, 4, 8, 7, 19, 1, 327, 13, 285, 387, 48, 0, 4943.88623046875, -474.370635986328, 3252, 0, 4321952988, 193559569),
(255, 8, 3, 8, 74, 4, 1138, 13, 350, 415, 0, 32, 3192.60571289062, -2537.56689453125, 6748, 1, 4321952988, 123529666),
(256, 5, 5, 9, 14, 5, 1239, 11, 266, 297, 63, 22, 3853.52709960938, -2354.75756835938, 4469, 1, 4321952988, 125575896),
(257, 0, 2, 3, 20, 7, 140, 11, 190, 300, 0, 0, 7065.5205078125, 6367.5078125, 1895, 1, 4321952988, 256081220),
(258, 3, 3, 3, 106, 17, 229, 13, 380, 377, 0, 0, 3519.56274414062, 2869.82568359375, 7424, 1, 4321952988, 374486552),
(259, 5, 4, 10, 75, 7, 974, 13, 353, 374, 102, 24, 3709.1171875, -3319.125, 6549, 1, 4321952988, 89437863),
(260, 0, 0, 0, 0, 0, 600, 0, 0, 0, 0, 0, 0, 0, 0, 0, 4321962310, 369803306),
(261, 0, 0, 0, 0, 0, 600, 0, 0, 0, 0, 0, 0, 0, 0, 0, 4321962310, 233971593),
(262, 0, 0, 0, 0, 0, 600, 0, 0, 0, 0, 0, 0, 0, 0, 0, 4321962310, 346196728),
(263, 0, 0, 0, 0, 0, 600, 0, 0, 0, 0, 0, 0, 0, 0, 0, 4321962310, 310922437),
(264, 0, 0, 0, 0, 0, 600, 0, 0, 0, 0, 0, 0, 0, 0, 0, 4321962310, 841036836),
(265, 0, 0, 0, 0, 0, 600, 0, 0, 0, 0, 0, 0, 0, 0, 1, 4321962310, 397458952),
(266, 0, 0, 0, 0, 0, 600, 0, 0, 0, 0, 0, 0, 0, 0, 1, 4321962310, 411343628),
(267, 0, 0, 0, 0, 0, 600, 0, 0, 0, 0, 0, 0, 0, 0, 1, 4321962310, 188409855),
(268, 0, 0, 0, 0, 0, 600, 0, 0, 0, 0, 0, 0, 0, 0, 1, 4321962310, 244821088),
(269, 0, 0, 0, 0, 0, 600, 0, 0, 0, 0, 0, 0, 0, 0, 1, 4321962310, 134741940),
(270, 7, 2, 14, 120, 19, 1177, 15, 452, 434, 0, 0, 6015.470703125, 2248.865234375, 10492, 0, 4321961578, 183315096),
(271, 2, 5, 11, 20, 3, 1130, 13, 262, 337, 0, 0, 6584.04052734375, 2505.6064453125, 3360, 0, 4321961578, 417810937),
(272, 7, 1, 5, 294, 17, 1845, 18, 732, 597, 0, 0, 6136.39892578125, 2796.74365234375, 16755, 0, 4321961578, 190986381),
(273, 12, 3, 8, 117, 21, 359, 17, 513, 546, 0, 0, 6510.28466796875, 2971.66259765625, 11274, 0, 4321961578, 913650843),
(274, 2, 4, 15, 33, 3, 206, 12, 276, 304, 0, 0, 6011.33203125, 2021.71606445312, 4756, 0, 4321961578, 277812252),
(275, 5, 6, 5, 95, 31, 623, 15, 374, 459, 0, 0, 4484.56640625, 3543.81201171875, 7248, 1, 4321961578, 202167136),
(276, 6, 5, 6, 119, 29, 1201, 14, 403, 405, 0, 0, -747.342712402344, 6345.37451171875, 8896, 1, 4321961578, 919027228),
(277, 1, 7, 4, 20, 2, 881, 10, 177, 229, 3, 0, 5811.63916015625, 3631.68408203125, 3341, 1, 4321961578, 918060096),
(278, 1, 4, 4, 66, 6, 1586, 13, 287, 358, 8, 0, 6122.41552734375, 3989.81518554688, 6076, 1, 4321961578, 918380821),
(279, 1, 8, 11, 15, 1, 381, 9, 154, 181, 0, 0, 6790.8759765625, 3711.25732421875, 1611, 1, 4321961578, 242161616),
(280, 15, 8, 29, 418, 35, 7463, 25, 636, 515, 0, 0, 5778.98681640625, 4243.84423828125, 27988, 0, 4321972694, 134741940),
(281, 4, 4, 38, 84, 3, 2567, 25, 309, 507, 8, 0, 5144.41845703125, 4003.24194335938, 10497, 0, 4321972694, 346196728),
(282, 10, 9, 17, 181, 6, 2664, 25, 411, 502, 4, 0, 4614.451171875, 3618.42797851562, 18464, 0, 4321972694, 841036836),
(283, 25, 4, 15, 347, 25, 5677, 25, 616, 507, 28, 0, 4558.1103515625, 4242.00830078125, 27932, 0, 4321972694, 188409855),
(284, 9, 14, 21, 61, 0, 3435, 25, 307, 542, 0, 0, 5145.79443359375, 4145.57080078125, 12110, 0, 4321972694, 310922437),
(285, 9, 10, 12, 241, 25, 1188, 25, 396, 502, 0, 0, 6987.1982421875, 5974.76171875, 17288, 1, 4321972694, 411343628),
(286, 3, 14, 21, 206, 12, 1750, 24, 365, 500, 0, 34, 7081.4638671875, 3592.8173828125, 14000, 1, 4321972694, 397458952),
(287, 16, 6, 5, 559, 22, 2572, 25, 717, 553, 56, 65, 3097.7529296875, 6242.3828125, 32547, 1, 4321972694, 244821088),
(288, 3, 17, 19, 148, 8, 770, 22, 295, 401, 0, 80, 4310.29931640625, 5978.416015625, 7165, 1, 4321972694, 204296074),
(289, 5, 16, 13, 98, 5, 376, 23, 301, 441, 0, 91, 6012.63720703125, 5729.4443359375, 8116, 1, 4321972694, 180503333),
(290, 5, 4, 12, 25, 0, 530, 13, 334, 360, 0, 0, -97.780158996582, 1713.28784179688, 6830, 0, 4321968468, 62119103),
(291, 9, 1, 3, 150, 27, 880, 16, 620, 535, 0, 0, -2333.86596679688, 1829.83740234375, 13400, 0, 4321968468, 122058938),
(292, 3, 4, 11, 12, 2, 951, 11, 271, 290, 4, 0, -2182.40380859375, 1497.95764160156, 3081, 0, 4321968468, 153196290),
(293, 4, 3, 4, 120, 2, 192, 14, 416, 420, 0, 0, -2455.5634765625, 1740.86242675781, 8892, 0, 4321968468, 135470090),
(294, 8, 2, 2, 131, 22, 170, 15, 514, 491, 65, 0, -2021.46435546875, 1705.11755371094, 11395, 0, 4321968468, 221945821),
(295, 1, 6, 7, 19, 4, 32, 12, 223, 316, 0, 0, 3950.32666015625, 1889.73645019531, 2287, 1, 4321968468, 437303185),
(296, 6, 4, 1, 203, 22, 1184, 17, 627, 571, 23, 0, 3470.4052734375, 751.566284179688, 12514, 1, 4321968468, 121213409),
(297, 3, 4, 3, 89, 9, 1350, 12, 330, 340, 31, 0, -1778.0537109375, 4054.09545898438, 6730, 1, 4321968468, 102009320),
(298, 1, 8, 9, 15, 3, 254, 11, 202, 281, 0, 0, 4030.296875, 2773.91064453125, 3544, 1, 4321968468, 853141086),
(299, 2, 8, 3, 113, 11, 368, 14, 365, 409, 35, 0, 4115.2451171875, 669.816467285156, 6828, 1, 4321968468, 908218565),
(300, 10, 15, 28, 48, 0, 484, 22, 318, 430, 0, 40, 1178.97570800781, -3514.31494140625, 7784, 0, 4321983608, 198769370),
(301, 10, 4, 27, 269, 21, 4463, 25, 510, 564, 0, 0, -5139.96630859375, -5181.8173828125, 22458, 0, 4321983608, 223788891),
(302, 13, 4, 12, 245, 21, 4996, 25, 498, 567, 1, 0, -6610.9736328125, -3519.89428710938, 20441, 0, 4321983608, 224135003),
(303, 4, 16, 21, 212, 4, 2738, 22, 392, 426, 0, 0, -5115.95166015625, -4950.0576171875, 13218, 0, 4321983608, 112662315),
(304, 7, 10, 20, 87, 8, 4465, 22, 337, 461, 0, 9, 4535.04150390625, 3205.35229492188, 12565, 0, 4321983608, 126785306),
(305, 13, 14, 19, 248, 32, 2239, 24, 511, 529, 7, 0, -1680.21630859375, -235.862167358398, 17954, 1, 4321983608, 86983845),
(306, 4, 13, 27, 153, 16, 1279, 24, 373, 536, 3, 0, -2801.1416015625, -601.927612304688, 13694, 1, 4321983608, 303077939),
(307, 17, 6, 11, 341, 26, 6052, 25, 650, 564, 0, 0, -2629.13403320312, -2117.65625, 26962, 1, 4321983608, 99651761),
(308, 12, 5, 27, 175, 1, 2931, 25, 551, 564, 0, 0, -1691.93933105469, -311.922546386719, 22406, 1, 4321983608, 129249486),
(309, 2, 7, 25, 47, 20, 3733, 25, 288, 569, 0, 0, -1931.09362792969, -1355.17846679688, 8488, 1, 4321983608, 129566148),
(310, 8, 6, 31, 99, 8, 288, 21, 388, 499, 0, 0, 540.91455078125, 220.080261230469, 14678, 1, 4321992529, 0),
(311, 2, 12, 4, 104, 4, 630, 15, 284, 320, 0, 0, -3385.65234375, -1201.92687988281, 8130, 0, 4321996307, 388636774),
(312, 14, 5, 5, 157, 12, 2733, 22, 491, 621, 0, 0, -3424, 736, 14093, 0, 4321996307, 880364016),
(313, 4, 13, 15, 8, 2, 821, 17, 214, 363, 0, 0, -3742.9580078125, 341.088012695312, 2506, 0, 4321996307, 414646198),
(314, 10, 7, 8, 242, 35, 745, 21, 529, 561, 0, 0, -2441.77685546875, 1965.07800292969, 16425, 0, 4321996307, 361963750),
(315, 0, 11, 11, 23, 0, 528, 15, 197, 305, 0, 0, -3696.71435546875, -245.309982299805, 5083, 0, 4321996307, 880211522),
(316, 17, 2, 11, 220, 20, 336, 24, 582, 738, 0, 0, -184.700775146484, -45.1069564819336, 19641, 1, 4321996307, 275941880),
(317, 6, 11, 18, 29, 4, 276, 16, 267, 356, 0, 0, -822.677856445312, 301.31982421875, 4876, 1, 4321996307, 186035261),
(318, 11, 5, 26, 64, 4, 1287, 20, 338, 506, 0, 0, 3173.60620117188, -4492.5244140625, 10517, 1, 4321996307, 431827666),
(319, 7, 8, 22, 59, 6, 536, 15, 282, 318, 0, 0, -786.698425292969, 1384.67956542969, 6496, 1, 4321996307, 68701934),
(320, 7, 5, 12, 230, 20, 672, 22, 459, 632, 0, 0, -2796.17456054688, 3869.30981445312, 14222, 1, 4321996307, 172782783),
(321, 3, 8, 7, 36, 6, 288, 13, 214, 275, 0, 0, -2286.6748046875, -6177.9130859375, 2713, 0, 4321999682, 878991409),
(322, 0, 6, 10, 94, 22, 3329, 16, 283, 394, 0, 0, -4291.0517578125, -151.006286621094, 7359, 0, 4321999682, 244649676),
(323, 8, 8, 2, 82, 22, 1142, 16, 323, 397, 0, 0, -1404.00695800781, -1223.63989257812, 7472, 0, 4321999682, 233720955),
(324, 2, 10, 5, 97, 0, 657, 13, 271, 296, 0, 0, -5587.0732421875, 495.119964599609, 6557, 0, 4321999682, 334176616),
(325, 12, 6, 5, 255, 26, 808, 25, 684, 908, 29, 0, -911.494018554688, -1093.94494628906, 17053, 0, 4321999682, 152646625),
(326, 6, 5, 12, 262, 8, 2541, 20, 627, 609, 0, 0, -237.553848266602, 466.950073242188, 17551, 1, 4321999682, 175344231),
(327, 9, 4, 21, 109, 5, 1038, 21, 482, 662, 0, 4, -5570.18212890625, -4119.22314453125, 13663, 1, 4321999682, 199118991),
(328, 8, 6, 14, 30, 1, 340, 19, 391, 566, 0, 0, -647.881103515625, 2563.30395507812, 9740, 1, 4321999682, 131212569),
(329, 2, 6, 16, 23, 0, 2036, 17, 271, 447, 57, 0, 2288.68212890625, 3059.02954101562, 6166, 1, 4321999682, 312295209),
(330, 10, 4, 14, 153, 31, 2433, 20, 525, 601, 26, 0, 221.159469604492, 269.043701171875, 14003, 1, 4321999682, 279993696),
(331, 1, 7, 11, 68, 2, 1173, 13, 254, 305, 0, 0, -567.396118164062, -49.5390739440918, 5523, 0, 4322009069, 120596120),
(332, 10, 3, 6, 233, 16, 2586, 20, 603, 652, 0, 0, 679.741577148438, 215.120239257812, 15421, 0, 4322009069, 329472045),
(333, 3, 4, 20, 52, 0, 783, 14, 303, 364, 0, 0, 1458.70007324219, -1222.76916503906, 7133, 0, 4322009069, 121644655),
(334, 7, 2, 9, 180, 23, 489, 18, 508, 526, 14, 0, 1444.25073242188, -196.500106811523, 12954, 0, 4322009069, 104868910),
(335, 6, 6, 16, 9, 0, 986, 13, 251, 308, 0, 0, -513.206420898438, -27, 3886, 0, 4322009069, 179976177),
(336, 1, 5, 12, 24, 4, 114, 13, 223, 316, 0, 0, 2396.33032226562, -795, 4704, 1, 4322009069, 236295405),
(337, 9, 1, 2, 195, 4, 1071, 17, 475, 480, 0, 0, 1179, 1624.681640625, 12691, 1, 4322009069, 179066697),
(338, 3, 3, 3, 220, 64, 145, 18, 503, 552, 0, 0, 1103.6298828125, 2257.244140625, 13125, 1, 4322009069, 358091609),
(339, 5, 6, 11, 146, 15, 1788, 16, 390, 430, 0, 0, 1892.18420410156, 941.369323730469, 8713, 1, 4322009069, 368020491),
(340, 4, 14, 8, 44, 3, 1062, 12, 261, 274, 0, 41, 746.409423828125, -343.106506347656, 2682, 1, 4322009069, 491283556),
(341, 7, 2, 6, 211, 47, 1773, 24, 594, 756, 0, 0, 3589.32666015625, 5470.06396484375, 19078, 0, 4322026870, 372440321),
(342, 4, 6, 7, 33, 2, 477, 16, 284, 358, 1, 0, 2501.0087890625, 5957.97412109375, 5742, 0, 4322026870, 294196),
(343, 3, 7, 9, 175, 11, 1493, 18, 459, 449, 37, 0, 3756.359375, 5775.45703125, 13518, 0, 4322026870, 160634347),
(344, 9, 7, 6, 149, 5, 658, 19, 457, 477, 28, 0, 3680.8203125, 2475.8505859375, 13223, 0, 4322026870, 27488933),
(345, 2, 5, 10, 96, 9, 313, 15, 312, 328, 0, 18, 2400.63818359375, 4820.2509765625, 9573, 0, 4322026870, 915429133),
(346, 3, 6, 6, 54, 9, 222, 13, 264, 249, 31, 20, 2220.90942382812, 5222.34228515625, 6417, 1, 4322026870, 291782042),
(347, 0, 6, 4, 132, 5, 558, 15, 295, 312, 0, 0, 5502.7001953125, 6010.68798828125, 8473, 1, 4322026870, 862214564),
(348, 0, 1, 3, 15, 4, 2, 3, 143, 23, 0, 0, 7238.21630859375, 6241.078125, 52, 1, 4322026870, 2325311),
(349, 14, 3, 3, 192, 17, 1065, 23, 608, 710, 0, 0, 5771.6962890625, 6499.96337890625, 16515, 1, 4322026870, 379430550),
(350, 6, 9, 12, 22, 1, 1617, 18, 354, 454, 0, 0, 6374.19873046875, 5862.9638671875, 8672, 1, 4322026870, 128997139),
(351, 7, 8, 2, 66, 28, 177, 13, 389, 372, 0, 0, -6771.3125, -6177.74853515625, 6427, 0, 4322045289, 919027228),
(352, 3, 7, 5, 67, 9, 894, 12, 310, 335, 0, 14, -6416.9833984375, -6276.0703125, 5054, 0, 4322045289, 918380821),
(353, 1, 6, 5, 9, 0, 763, 9, 168, 217, 7, 12, -4463.0966796875, -6542.19384765625, 2688, 0, 4322045289, 918060096),
(354, 0, 9, 4, 28, 3, 312, 9, 171, 199, 35, 0, -6552.634765625, -6420.1552734375, 1687, 0, 4322045289, 242161616),
(355, 1, 6, 3, 128, 17, 858, 12, 339, 315, 15, 0, -6445.86767578125, -6444.2783203125, 6498, 0, 4322045289, 202167136),
(356, 12, 3, 9, 75, 11, 3787, 18, 523, 664, 28, 0, -4985.24365234375, -3877.17504882812, 10617, 1, 4322045289, 913650843),
(357, 3, 3, 19, 52, 4, 2681, 13, 396, 390, 0, 0, -6935.3115234375, -3766.77587890625, 7911, 1, 4322045289, 277812252),
(358, 7, 2, 9, 103, 9, 2288, 14, 485, 461, 0, 0, -6249.50146484375, -3813.69946289062, 10153, 1, 4322045289, 183315096),
(359, 13, 1, 11, 195, 19, 3953, 17, 742, 641, 23, 0, -6224.078125, -3954.67797851562, 15958, 1, 4322045289, 190986381),
(360, 0, 4, 18, 20, 1, 1027, 12, 290, 342, 0, 0, -5655.0654296875, -2313.03662109375, 3777, 1, 4322045289, 417810937),
(361, 4, 3, 7, 26, 1, 896, 9, 249, 251, 0, 0, -3813.03051757812, 6229.18994140625, 3941, 0, 4322052656, 350322771),
(362, 0, 9, 8, 8, 0, 138, 7, 160, 186, 0, 0, -634.651977539062, -2671.01123046875, 1443, 0, 4322052656, 333236801),
(363, 3, 0, 3, 129, 16, 3112, 16, 484, 601, 0, 0, -4148.39306640625, 3654.31396484375, 9007, 0, 4322052656, 374930860),
(364, 9, 1, 1, 124, 11, 278, 15, 546, 575, 23, 0, -3242.3466796875, 5922.0068359375, 9733, 0, 4322052656, 374684693),
(365, 5, 2, 5, 109, 14, 2738, 13, 436, 425, 0, 0, 5537.57421875, -2536.30151367188, 8158, 0, 4322052656, 89302249),
(366, 4, 3, 9, 16, 4, 734, 11, 254, 311, 0, 0, 917.190307617188, 3581.05444335938, 4424, 1, 4322052656, 365578451),
(367, 1, 4, 1, 58, 10, 80, 11, 267, 346, 0, 0, -234.964096069336, 3468.40649414062, 5060, 1, 4322052656, 146531965),
(368, 6, 3, 6, 89, 21, 1806, 10, 404, 296, 0, 0, 4483.50341796875, -1490.66516113281, 7286, 1, 4322052656, 117979389),
(369, 2, 7, 9, 11, 0, 583, 7, 222, 178, 0, 0, 3072.1943359375, 234.564895629883, 2173, 1, 4322052656, 144562717),
(370, 1, 4, 4, 88, 1, 59, 13, 346, 445, 0, 7, -3679.99145507812, 2961.1396484375, 5989, 1, 4322052656, 83937083),
(371, 2, 1, 1, 46, 16, 503, 7, 339, 260, 0, 0, 6031.5283203125, -2979.4287109375, 4088, 0, 4322052586, 354957568),
(372, 1, 0, 0, 16, 10, 308, 5, 190, 198, 0, 0, -6153.06298828125, 2509.63110351562, 2758, 0, 4322052586, 183903565),
(373, 0, 4, 3, 0, 4, 81, 5, 149, 195, 0, 0, 6463.1474609375, -2988.58325195312, 1156, 0, 4322052586, 841014876),
(374, 0, 1, 1, 43, 6, 358, 8, 285, 346, 0, 0, 5350.83349609375, -3274.2392578125, 3358, 0, 4322052586, 145723582),
(375, 0, 1, 1, 19, 5, 80, 6, 198, 230, 0, 0, -6591.111328125, 2536.42895507812, 2280, 0, 4322052586, 193894045),
(376, 0, 1, 1, 1, 0, 481, 5, 129, 164, 0, 0, -6412.3857421875, 5009.4375, 1001, 1, 4322052586, 900304431),
(377, 2, 0, 0, 27, 5, 1284, 9, 271, 403, 51, 0, 6302.048828125, -583.556274414062, 3654, 1, 4322052586, 437620558),
(378, 4, 3, 0, 29, 7, 1637, 6, 314, 254, 0, 0, 7150, 6225, 3437, 1, 4322052586, 197601889),
(379, 0, 0, 6, 4, 3, 50, 5, 175, 175, 0, 0, 6144.140625, 5189.603515625, 2265, 1, 4322052586, 431796350),
(380, 1, 0, 1, 39, 10, 846, 7, 306, 310, 33, 0, -4438.4111328125, 3676.09423828125, 3656, 1, 4322052586, 143225194),
(381, 3, 5, 3, 61, 5, 336, 10, 356, 353, 0, 0, 7012.7822265625, -4326.94189453125, 4901, 0, 4322050071, 109756339),
(382, 3, 4, 16, 4, 4, 514, 9, 269, 323, 27, 0, -5324.27587890625, 3923.095703125, 3699, 0, 4322050071, 126733983),
(383, 3, 3, 9, 12, 3, 816, 10, 253, 345, 80, 0, -5411.21826171875, 3586.19360351562, 2691, 0, 4322050071, 176393206),
(384, 7, 1, 4, 60, 25, 713, 12, 414, 492, 0, 0, -5452.32275390625, 3146.07080078125, 6063, 0, 4322050071, 206900013),
(385, 7, 2, 7, 64, 13, 843, 12, 438, 465, 32, 0, -5189.91357421875, 3703.32373046875, 6553, 0, 4322050071, 406587370),
(386, 1, 6, 1, 42, 7, 875, 9, 291, 309, 0, 14, -3182.19311523438, 3356.47314453125, 3955, 1, 4322050071, 477789462),
(387, 1, 6, 3, 7, 5, 387, 6, 170, 169, 0, 25, -5835.3564453125, 3753.36083984375, 1312, 1, 4322050071, 217643502),
(388, 7, 3, 5, 7, 1, 497, 9, 288, 327, 80, 0, -5071.52197265625, 3546.89404296875, 3672, 1, 4322050071, 122401807),
(389, 2, 4, 2, 68, 15, 1059, 9, 357, 299, 0, 0, -205.000686645508, 25.0618591308594, 5119, 1, 4322050071, 144789769),
(390, 4, 6, 6, 52, 3, 591, 11, 422, 417, 0, 30, -5620.78125, 2786.5830078125, 6031, 1, 4322050071, 289976760),
(391, 4, 0, 1, 117, 23, 3420, 13, 494, 470, 0, 0, -3904.48901367188, 6245.92724609375, 7880, 0, 4322053490, 58513047),
(392, 1, 3, 8, 2, 6, 114, 8, 186, 232, 0, 27, -1281.07995605469, 6419.8603515625, 2419, 0, 4322053490, 119180054),
(393, 1, 5, 5, 54, 7, 80, 8, 284, 239, 50, 5, -2977.74389648438, 4868.95556640625, 4420, 0, 4322053490, 126212866),
(394, 2, 1, 1, 120, 17, 931, 12, 478, 437, 102, 0, -3645.61840820312, 6088.66748046875, 8301, 0, 4322053490, 52406002),
(395, 1, 4, 4, 43, 0, 675, 8, 262, 221, 82, 0, -4276.4326171875, 6033.78173828125, 3530, 0, 4322053490, 68007361),
(396, 3, 1, 5, 25, 1, 391, 9, 241, 295, 81, 0, -2390.02783203125, 5358.48046875, 2121, 1, 4322053490, 112464030),
(397, 4, 1, 5, 82, 10, 1342, 11, 410, 402, 111, 0, -2585.91186523438, 6295.54150390625, 6292, 1, 4322053490, 85956459),
(398, 3, 1, 5, 110, 2, 2593, 12, 422, 424, 32, 0, -2105.58837890625, 6324.97119140625, 6778, 1, 4322053490, 371995897),
(399, 2, 4, 6, 11, 0, 252, 7, 211, 204, 0, 2, -3142.35595703125, 3878.69970703125, 2967, 1, 4322053490, 134121021),
(400, 1, 2, 9, 110, 0, 205, 11, 373, 380, 83, 0, -2080.578125, 5939.935546875, 5720, 1, 4322053490, 150419909),
(401, 0, 0, 0, 0, 0, 20, 0, 0, 0, 0, 0, 0, 0, 0, 0, 4322056047, 62119103),
(402, 0, 0, 0, 0, 0, 5, 0, 0, 0, 0, 0, 0, 0, 0, 0, 4322056047, 122058938),
(403, 0, 0, 0, 0, 0, 40, 0, 0, 0, 0, 0, 0, 0, 0, 0, 4322056047, 135470090),
(404, 0, 0, 0, 0, 0, 10, 0, 0, 0, 0, 0, 0, 0, 0, 0, 4322056047, 153196290),
(405, 0, 0, 0, 0, 0, 330, 0, 0, 0, 0, 0, 0, 0, 0, 0, 4322056047, 221945821),
(406, 0, 0, 0, 0, 0, 0, 0, 0, 0, 0, 0, 0, 0, 0, 1, 4322056047, 112776887),
(407, 0, 0, 0, 0, 0, 10, 0, 0, 0, 0, 0, 0, 0, 0, 1, 4322056047, 182227565),
(408, 0, 0, 0, 0, 0, 60, 0, 0, 0, 0, 0, 0, 0, 0, 1, 4322056047, 127798324),
(409, 0, 0, 0, 0, 0, 0, 0, 0, 0, 0, 0, 0, 0, 0, 1, 4322056047, 324649217),
(410, 0, 0, 0, 0, 0, 50, 0, 0, 0, 0, 0, 0, 0, 0, 1, 4322056047, 908055317),
(411, 4, 4, 2, 88, 14, 1410, 12, 423, 404, 112, 42, 3736.83984375, 320.857788085938, 6385, 0, 4322052791, 388767811),
(412, 2, 1, 3, 168, 5, 1064, 13, 520, 511, 0, 0, -4151.6494140625, 1911.6591796875, 8809, 0, 4322052791, 155738116),
(413, 3, 9, 13, 11, 3, 678, 9, 242, 257, 79, 0, -6750, -6550.00390625, 2273, 0, 4322052791, 136127796),
(414, 9, 3, 6, 35, 12, 493, 12, 391, 441, 109, 33, 3390.03125, -406.009033203125, 6078, 0, 4322052791, 145186022),
(415, 5, 2, 8, 82, 7, 601, 11, 426, 399, 31, 0, 4261.3486328125, -512.988098144531, 7056, 0, 4322052791, 93704137),
(416, 5, 5, 6, 10, 0, 614, 8, 271, 247, 89, 22, 3308.810546875, 92.0134429931641, 2919, 1, 4322052791, 162293761),
(417, 1, 3, 7, 78, 6, 986, 13, 404, 461, 0, 0, 3666.15185546875, 704.867614746094, 6166, 1, 4322052791, 344245074),
(418, 3, 3, 9, 68, 9, 331, 10, 337, 343, 0, 15, 5100.95849609375, -1050.69030761719, 5221, 1, 4322052791, 66642504),
(419, 5, 7, 6, 17, 5, 469, 9, 256, 263, 0, 0, 3253.3056640625, 65.0155868530273, 2999, 1, 4322052791, 115697997),
(420, 4, 5, 2, 108, 9, 1882, 12, 446, 425, 126, 0, 3945.96752929688, 536.543640136719, 6742, 1, 4322052791, 254730364),
(421, 0, 6, 0, 16, 5, 266, 8, 132, 192, 0, 0, 6320.93359375, 5853.54248046875, 2231, 1, 4322062105, 0),
(422, 4, 4, 2, 31, 4, 32, 7, 321, 286, 0, 0, -5861, 1416.91271972656, 3082, 0, 4322063249, 97163617),
(423, 5, 1, 0, 65, 2, 38, 11, 476, 519, 0, 0, -579.351928710938, -1550.50939941406, 5698, 0, 4322063249, 53151216),
(424, 2, 4, 6, 3, 0, 136, 7, 229, 274, 13, 0, -6624.85205078125, 1469.15368652344, 2391, 0, 4322063249, 88727618),
(425, 2, 1, 1, 4, 2, 45, 5, 158, 197, 0, 0, 5926.80859375, -5564.64697265625, 1670, 0, 4322063249, 37121232),
(426, 0, 2, 1, 50, 18, 912, 6, 317, 253, 0, 0, 3967.76953125, -5145.982421875, 3777, 0, 4322063249, 46757253),
(427, 5, 3, 3, 41, 6, 286, 8, 413, 351, 0, 0, -405.142120361328, 1834.41857910156, 4686, 1, 4322063249, 86896635),
(428, 0, 1, 1, 60, 5, 1366, 9, 384, 417, 95, 0, -6344.38134765625, 2737.03344726562, 4481, 1, 4322063249, 114086220),
(429, 3, 5, 2, 8, 4, 281, 7, 233, 275, 0, 0, 6186.53662109375, -5001.9931640625, 1931, 1, 4322063249, 154928982),
(430, 1, 5, 8, 7, 3, 80, 6, 268, 226, 80, 0, -4302.98974609375, 3896.7353515625, 2220, 1, 4322063249, 121633262),
(431, 1, 1, 4, 30, 6, 693, 7, 285, 279, 0, 0, 6723.64697265625, 5977.27392578125, 2973, 1, 4322063249, 35380233),
(432, 0, 0, 0, 6, 1, 69, 2, 241, 176, 0, 0, 6589.02294921875, -3314.42065429688, 1069, 0, 4322077803, 320746742),
(433, 0, 0, 0, 8, 1, 285, 3, 281, 336, 0, 0, -676.169738769531, -834.293823242188, 1140, 0, 4322077803, 150100544),
(434, 0, 0, 0, 2, 1, 396, 2, 169, 130, 0, 0, -4127.80517578125, 5100.771484375, 916, 0, 4322077803, 404228663),
(435, 0, 0, 0, 0, 2, 140, 2, 134, 176, 0, 0, 5363.197265625, -3593.06372070312, 600, 0, 4322077803, 205567948),
(436, 0, 0, 0, 4, 3, 525, 2, 209, 154, 0, 0, -5916.81494140625, 4960.03125, 1045, 0, 4322077803, 369744050),
(437, 0, 0, 0, 0, 0, 206, 1, 125, 63, 0, 0, -3869.5185546875, 5851.22314453125, 686, 1, 4322077803, 259584988),
(438, 0, 0, 0, 3, 3, 182, 2, 182, 121, 0, 0, 6335.859375, -1912.53991699219, 1072, 1, 4322077803, 297410106),
(439, 0, 0, 0, 5, 4, 91, 3, 227, 366, 0, 0, 707.358581542969, 307.459899902344, 1176, 1, 4322077803, 342663243),
(440, 0, 0, 0, 0, 0, 321, 2, 125, 121, 0, 0, 5792.74072265625, -1595.11926269531, 851, 1, 4322077803, 98306384),
(441, 0, 0, 0, 7, 5, 391, 2, 262, 180, 0, 0, -4141.4697265625, 6015.208984375, 1256, 1, 4322077803, 384761137),
(442, 0, 0, 0, 0, 0, 600, 0, 0, 0, 0, 0, 0, 0, 0, 0, 4322098159, 233390137),
(443, 0, 0, 0, 0, 0, 600, 0, 0, 0, 0, 0, 0, 0, 0, 0, 4322098159, 252290040),
(444, 0, 0, 0, 0, 0, 600, 0, 0, 0, 0, 0, 0, 0, 0, 0, 4322098159, 140450298),
(445, 0, 0, 0, 0, 0, 600, 0, 0, 0, 0, 0, 0, 0, 0, 0, 4322098159, 347871946),
(446, 0, 0, 0, 0, 0, 600, 0, 0, 0, 0, 0, 0, 0, 0, 0, 4322098159, 74351251),
(447, 0, 0, 0, 0, 0, 600, 0, 0, 0, 0, 0, 0, 0, 0, 1, 4322098159, 407531061),
(448, 0, 0, 0, 0, 0, 600, 0, 0, 0, 0, 0, 0, 0, 0, 1, 4322098159, 197023426),
(449, 0, 0, 0, 0, 0, 600, 0, 0, 0, 0, 0, 0, 0, 0, 1, 4322098159, 147601713),
(450, 0, 0, 0, 0, 0, 600, 0, 0, 0, 0, 0, 0, 0, 0, 1, 4322098159, 144431007),
(451, 0, 0, 0, 0, 0, 600, 0, 0, 0, 0, 0, 0, 0, 0, 1, 4322098159, 891273852),
(452, 0, 0, 0, 5, 0, 346, 2, 171, 157, 0, 0, 6234.51806640625, -2378.025390625, 901, 1, 4322101209, 0),
(453, 6, 0, 19, 42, 24, 2056, 22, 279, 454, 0, 0, 3237.45776367188, -3502.17553710938, 12181, 1, 4322416309, 0),
(454, 5, 0, 2, 87, 13, 1009, 11, 483, 434, 64, 0, 3190.59716796875, -3828.67456054688, 7134, 0, 4322423713, 172641071),
(455, 2, 0, 2, 103, 25, 437, 9, 474, 347, 0, 0, 4460.78515625, -5966.32861328125, 7047, 0, 4322423713, 259168952);
INSERT INTO `matches_stats` (`id`, `kills`, `death`, `assits`, `last_hits`, `denies`, `gold`, `level`, `gpm`, `xpm`, `ultimate_cooldown`, `respawn_timer`, `pos_x`, `pos_y`, `net_worth`, `side`, `match_id`, `player_id`) VALUES
(456, 1, 3, 6, 4, 1, 48, 6, 185, 200, 51, 0, 2043.10620117188, -4263.4013671875, 2433, 0, 4322423713, 849695674),
(457, 0, 1, 7, 12, 2, 1040, 6, 216, 192, 78, 0, 4436.39794921875, -6017.89453125, 2410, 0, 4322423713, 116420727),
(458, 0, 3, 3, 22, 6, 17, 8, 213, 295, 0, 0, 4275.4951171875, -5798.98193359375, 2987, 0, 4322423713, 106500401),
(459, 0, 1, 2, 6, 0, 285, 5, 147, 141, 0, 0, 3366.5654296875, 4675.1044921875, 1490, 1, 4322423713, 462657480),
(460, 0, 2, 1, 40, 27, 983, 8, 257, 254, 16, 0, -1042.84497070312, 4416.681640625, 3893, 1, 4322423713, 39234779),
(461, 2, 1, 3, 55, 14, 215, 10, 301, 382, 0, 0, 3709.46215820312, 905.929565429688, 4345, 1, 4322423713, 116147954),
(462, 1, 2, 4, 48, 15, 143, 9, 290, 321, 0, 0, 4458.44091796875, -4099.88916015625, 4113, 1, 4322423713, 104940097),
(463, 4, 2, 2, 22, 3, 565, 8, 267, 280, 0, 0, 3203.71752929688, -4488.31494140625, 3470, 1, 4322423713, 87645412),
(464, 0, 1, 0, 24, 0, 421, 6, 210, 319, 0, 0, -5795.63623046875, 1878.27062988281, 1651, 0, 4322424614, 103320945),
(465, 0, 2, 3, 5, 2, 229, 4, 170, 185, 0, 0, -1400.40051269531, 440.858917236328, 529, 0, 4322424614, 192333984),
(466, 2, 2, 2, 33, 5, 18, 5, 330, 248, 0, 13, 4468.2001953125, -6482.9599609375, 3078, 0, 4322424614, 462555286),
(467, 1, 1, 1, 33, 9, 302, 7, 314, 353, 0, 0, 4404.2685546875, -5838.79248046875, 2987, 0, 4322424614, 85696663),
(468, 2, 0, 2, 3, 4, 236, 4, 198, 176, 0, 0, 4487.5234375, -6679.41650390625, 1936, 0, 4322424614, 192278574),
(469, 0, 3, 4, 0, 2, 409, 4, 142, 159, 0, 0, 3808, -6944, 859, 1, 4322424614, 145904561),
(470, 1, 0, 0, 59, 13, 381, 8, 440, 470, 0, 0, -6252.49658203125, 3825.0546875, 4336, 1, 4322424614, 837279513),
(471, 2, 1, 0, 41, 12, 451, 8, 383, 437, 0, 0, -96.4575653076172, 65.80810546875, 3661, 1, 4322424614, 407534541),
(472, 2, 2, 1, 39, 3, 762, 5, 352, 255, 0, 0, 4238.982421875, -6755.919921875, 3277, 1, 4322424614, 332874291),
(473, 1, 1, 2, 1, 1, 311, 4, 165, 141, 0, 0, 4550.11572265625, -6738.32080078125, 1656, 1, 4322424614, 912969711),
(474, 10, 8, 27, 166, 7, 699, 25, 414, 536, 35, 0, -4195.52490234375, -3732.5966796875, 18904, 1, 4322434209, 0),
(475, 0, 4, 1, 15, 1, 78, 10, 468, 537, 26, 0, -71.2244415283203, 294.64892578125, 4773, 0, 4322438766, 101779337),
(476, 1, 4, 2, 57, 10, 3056, 13, 868, 739, 0, 8, 939.946166992188, -4207.4580078125, 9376, 0, 4322438766, 173971950),
(477, 4, 0, 0, 51, 4, 1140, 14, 920, 898, 0, 0, 2171.86938476562, -6523.69482421875, 9860, 0, 4322438766, 249651648),
(478, 2, 5, 2, 6, 1, 482, 10, 452, 533, 0, 0, -3137.81665039062, 284.262390136719, 4212, 0, 4322438766, 94923783),
(479, 0, 3, 3, 28, 3, 832, 11, 559, 587, 14, 0, 555.785522460938, 455.527893066406, 5962, 0, 4322438766, 242697694),
(480, 1, 1, 13, 10, 0, 709, 13, 676, 731, 58, 0, 5619.54833984375, 5485.52392578125, 6979, 1, 4322438766, 155332459),
(481, 4, 1, 7, 10, 1, 2307, 12, 663, 697, 62, 0, -4184.56396484375, 1955.30883789062, 6557, 1, 4322438766, 100758751),
(482, 4, 3, 4, 53, 4, 1025, 13, 975, 773, 0, 1, -372.307678222656, -6029.02490234375, 10170, 1, 4322438766, 59463394),
(483, 1, 0, 4, 59, 9, 109, 15, 1033, 996, 87, 0, 1463.77478027344, 3976.75830078125, 10874, 1, 4322438766, 91364275),
(484, 5, 2, 6, 35, 1, 3059, 14, 945, 910, 0, 0, 3467.0751953125, 485.039581298828, 9849, 1, 4322438766, 407321629),
(485, 1, 5, 7, 25, 2, 53, 14, 597, 813, 0, 23, -806.383361816406, 272.192626953125, 6333, 0, 4322455822, 101779337),
(486, 3, 3, 5, 59, 4, 589, 15, 800, 932, 28, 0, -670.529113769531, -1302.21337890625, 9064, 0, 4322455822, 173971950),
(487, 3, 7, 5, 49, 2, 310, 14, 818, 813, 0, 30, 548.175659179688, 85.8578796386719, 9230, 0, 4322455822, 249651648),
(488, 7, 2, 6, 36, 2, 1607, 18, 996, 1256, 0, 0, -57.4510955810547, -93.5012817382812, 11182, 0, 4322455822, 242697694),
(489, 2, 6, 5, 3, 2, 923, 13, 425, 737, 12, 0, -634.71484375, -435.062805175781, 4223, 0, 4322455822, 94923783),
(490, 9, 3, 7, 3, 1, 1300, 14, 779, 795, 0, 0, 1366.4951171875, 693.372924804688, 8180, 1, 4322455822, 155332459),
(491, 2, 4, 13, 10, 1, 721, 17, 601, 1132, 64, 0, 1632.73571777344, 8.26208686828613, 5996, 1, 4322455822, 100758751),
(492, 8, 0, 6, 31, 3, 1834, 18, 965, 1357, 0, 0, 634.449523925781, 781.054504394531, 10834, 1, 4322455822, 59463394),
(493, 2, 7, 8, 47, 8, 1279, 13, 759, 695, 0, 8, -1075.02478027344, -1015.576171875, 8269, 1, 4322455822, 91364275),
(494, 0, 2, 9, 64, 5, 2061, 17, 791, 1160, 123, 0, -1130.03051757812, -1561.11596679688, 9156, 1, 4322455822, 407321629),
(495, 0, 0, 0, 0, 0, 600, 0, 0, 0, 0, 0, 0, 0, 0, 0, 4322464323, 117786463),
(496, 0, 0, 0, 0, 0, 600, 0, 0, 0, 0, 0, 0, 0, 0, 0, 4322464323, 161963778),
(497, 0, 0, 0, 0, 0, 600, 0, 0, 0, 0, 0, 0, 0, 0, 0, 4322464323, 135748746),
(498, 0, 0, 0, 0, 0, 600, 0, 0, 0, 0, 0, 0, 0, 0, 0, 4322464323, 122441402),
(499, 0, 0, 0, 0, 0, 600, 0, 0, 0, 0, 0, 0, 0, 0, 0, 4322464323, 209657102),
(500, 0, 0, 0, 0, 0, 600, 0, 0, 0, 0, 0, 0, 0, 0, 1, 4322464323, 177953305),
(501, 0, 0, 0, 0, 0, 600, 0, 0, 0, 0, 0, 0, 0, 0, 1, 4322464323, 424116521),
(502, 0, 0, 0, 0, 0, 600, 0, 0, 0, 0, 0, 0, 0, 0, 1, 4322464323, 345072645),
(503, 0, 0, 0, 0, 0, 600, 0, 0, 0, 0, 0, 0, 0, 0, 1, 4322464323, 377672146),
(504, 0, 0, 0, 0, 0, 600, 0, 0, 0, 0, 0, 0, 0, 0, 1, 4322464323, 100788083),
(505, 17, 13, 17, 94, 22, 124, 25, 414, 500, 0, 0, -4302.71044921875, -3935.73681640625, 19014, 1, 4322469210, 0),
(506, 3, 6, 1, 138, 2, 630, 18, 358, 436, 0, 0, -3709.90893554688, -3405.58911132812, 9720, 0, 4322465280, 902238501),
(507, 0, 15, 7, 51, 0, 1281, 17, 219, 370, 0, 0, -3773.62841796875, -3793.98974609375, 3706, 0, 4322465280, 65480625),
(508, 4, 5, 8, 175, 15, 164, 19, 387, 469, 0, 0, -5919.123046875, 5309.01953125, 12089, 0, 4322465280, 105675236),
(509, 9, 9, 8, 267, 13, 1807, 23, 601, 648, 18, 0, 6014.89111328125, -4149.88232421875, 18817, 0, 4322465280, 63886935),
(510, 4, 11, 5, 88, 2, 1171, 16, 356, 344, 100, 39, 5985.21923828125, -2231.85595703125, 9121, 0, 4322465280, 4473159),
(511, 11, 3, 24, 197, 7, 216, 24, 473, 758, 9, 0, -971.805114746094, 3992.88305664062, 15436, 1, 4322465280, 155715636),
(512, 10, 3, 15, 231, 15, 1396, 25, 570, 798, 0, 0, -3276.8720703125, -1332.60681152344, 18426, 1, 4322465280, 171932850),
(513, 13, 1, 5, 312, 23, 1595, 25, 624, 775, 0, 0, -6024.296875, 4391.857421875, 20995, 1, 4322465280, 79156570),
(514, 6, 11, 12, 133, 0, 2361, 16, 370, 363, 0, 38, 5145.794921875, -1987.93359375, 10886, 1, 4322465280, 76562580),
(515, 5, 7, 17, 44, 2, 1437, 18, 299, 420, 0, 0, -2160.37109375, -1549.6318359375, 8787, 1, 4322465280, 251602296),
(516, 2, 1, 9, 6, 0, 1548, 11, 673, 782, 82, 0, -5605.24755859375, 3784.48486328125, 5908, 0, 4322490932, 155332459),
(517, 3, 4, 5, 13, 0, 982, 8, 688, 490, 39, 0, -3513.724609375, 2153.60693359375, 5287, 0, 4322490932, 100758751),
(518, 2, 2, 3, 27, 6, 739, 11, 783, 776, 66, 0, -6364.87451171875, 4723.439453125, 6804, 0, 4322490932, 91364275),
(519, 2, 2, 3, 40, 5, 1784, 13, 853, 930, 0, 13, -6056.4208984375, 2353.96020507812, 7279, 0, 4322490932, 59463394),
(520, 5, 0, 3, 34, 8, 848, 13, 929, 930, 128, 0, -5336.87060546875, 4130.2236328125, 7933, 0, 4322490932, 407321629),
(521, 0, 2, 6, 8, 2, 607, 10, 506, 626, 0, 0, -7325.9853515625, 3855.6416015625, 4587, 1, 4322490932, 101779337),
(522, 4, 2, 0, 34, 8, 709, 10, 779, 688, 0, 0, 5894.62109375, -5251.65380859375, 6869, 1, 4322490932, 173971950),
(523, 1, 5, 5, 28, 2, 1478, 10, 590, 635, 0, 10, -6119.2998046875, 3428.38305664062, 5033, 1, 4322490932, 249651648),
(524, 1, 2, 4, 3, 2, 402, 9, 375, 515, 0, 0, 5310.5244140625, -3768.4560546875, 2332, 1, 4322490932, 94923783),
(525, 3, 3, 3, 23, 5, 552, 10, 666, 648, 7, 15, -4746.4013671875, 2700.62255859375, 5737, 1, 4322490932, 242697694),
(526, 0, 0, 1, 9, 7, 383, 4, 201, 227, 0, 0, 6244.7275390625, -4232.99658203125, 1888, 1, 4322506717, 0),
(527, 4, 2, 6, 0, 0, 879, 7, 651, 665, 83, 0, -3512.27172851562, 5460.75, 3874, 0, 4322504031, 155332459),
(528, 2, 4, 8, 0, 1, 529, 6, 593, 527, 138, 0, -7039.47119140625, -6150.869140625, 3309, 0, 4322504031, 100758751),
(529, 1, 0, 0, 40, 5, 721, 10, 875, 985, 0, 0, -1404.61291503906, -1215.46398925781, 4876, 0, 4322504031, 59463394),
(530, 0, 2, 0, 26, 3, 999, 7, 677, 682, 89, 0, 3960.61962890625, -4331.5087890625, 3894, 0, 4322504031, 91364275),
(531, 4, 2, 5, 11, 3, 1271, 8, 830, 699, 53, 0, -4855.1181640625, 3857.275390625, 4636, 0, 4322504031, 407321629),
(532, 2, 2, 6, 4, 0, 191, 7, 701, 672, 64, 10, -4413.45361328125, 2780.00317382812, 3426, 1, 4322504031, 101779337),
(533, 2, 4, 3, 16, 1, 1216, 7, 710, 562, 0, 0, 2644.47534179688, -2172.66015625, 4166, 1, 4322504031, 173971950),
(534, 1, 2, 0, 21, 5, 813, 8, 751, 797, 27, 0, -4089.65307617188, 5708.90771484375, 4298, 1, 4322504031, 249651648),
(535, 4, 3, 7, 2, 1, 1204, 6, 623, 472, 81, 0, -3536.74194335938, 5583.4921875, 2969, 1, 4322504031, 94923783),
(536, 1, 0, 1, 15, 8, 647, 8, 638, 707, 0, 0, 3875.56005859375, -3152.09619140625, 3552, 1, 4322504031, 242697694),
(537, 0, 0, 0, 0, 0, 600, 0, 0, 0, 0, 0, 0, 0, 0, 0, 4322506198, 104352348),
(538, 0, 0, 0, 0, 0, 600, 0, 0, 0, 0, 0, 0, 0, 0, 0, 4322506198, 62559653),
(539, 0, 0, 0, 0, 0, 600, 0, 0, 0, 0, 0, 0, 0, 0, 0, 4322506198, 104242598),
(540, 0, 0, 0, 0, 0, 600, 0, 0, 0, 0, 0, 0, 0, 0, 0, 4322506198, 103149096),
(541, 0, 0, 0, 0, 0, 600, 0, 0, 0, 0, 0, 0, 0, 0, 0, 4322506198, 100696079),
(542, 0, 0, 0, 0, 0, 600, 0, 0, 0, 0, 0, 0, 0, 0, 1, 4322506198, 259168952),
(543, 0, 0, 0, 0, 0, 600, 0, 0, 0, 0, 0, 0, 0, 0, 1, 4322506198, 849695674),
(544, 0, 0, 0, 0, 0, 600, 0, 0, 0, 0, 0, 0, 0, 0, 1, 4322506198, 116420727),
(545, 0, 0, 0, 0, 0, 600, 0, 0, 0, 0, 0, 0, 0, 0, 1, 4322506198, 106500401),
(546, 0, 0, 0, 0, 0, 600, 0, 0, 0, 0, 0, 0, 0, 0, 1, 4322506198, 172641071),
(547, 8, 0, 5, 84, 20, 386, 12, 470, 377, 0, 0, 4079.12158203125, 4172.4052734375, 9071, 0, 4322944973, 135878232),
(548, 1, 1, 16, 6, 1, 831, 10, 239, 292, 16, 0, 3677.89038085938, 3978.0263671875, 2866, 0, 4322944973, 397462905),
(549, 9, 0, 6, 88, 8, 853, 12, 484, 370, 0, 0, 3973.34326171875, 3896.87255859375, 9323, 0, 4322944973, 255219872),
(550, 2, 2, 10, 36, 2, 1606, 11, 307, 334, 27, 0, 3576.30932617188, 4764.892578125, 5656, 0, 4322944973, 139876032),
(551, 5, 0, 13, 120, 5, 1818, 14, 532, 519, 45, 0, 4133.38671875, 4369.79443359375, 10058, 0, 4322944973, 134276083),
(552, 0, 6, 1, 38, 0, 159, 7, 219, 185, 78, 42, 5160.71826171875, 4555.08740234375, 1764, 1, 4322944973, 86727555),
(553, 0, 2, 1, 106, 13, 2126, 12, 395, 398, 0, 0, 6234.46923828125, -3490.57080078125, 7101, 1, 4322944973, 97590558),
(554, 1, 7, 1, 23, 6, 605, 7, 189, 157, 0, 0, 5755.82275390625, 4276.88525390625, 2685, 1, 4322944973, 103735745),
(555, 0, 5, 1, 53, 6, 785, 10, 253, 289, 0, 0, 5500.337890625, 4212.51708984375, 4285, 1, 4322944973, 86698277),
(556, 2, 5, 0, 75, 16, 767, 11, 328, 323, 84, 4, 4045.32641601562, 3191.26196289062, 5952, 1, 4322944973, 86799300),
(557, 1, 7, 12, 19, 0, 328, 12, 212, 226, 0, 0, -4806.4501953125, -5755.9267578125, 2628, 0, 4322943034, 94049589),
(558, 4, 5, 6, 139, 3, 799, 18, 382, 453, 0, 0, -3841.318359375, -6291.0947265625, 10664, 0, 4322943034, 86785083),
(559, 3, 4, 11, 196, 15, 2501, 19, 461, 491, 0, 0, -4584.49169921875, -6333.25244140625, 13306, 0, 4322943034, 81852496),
(560, 2, 4, 12, 70, 3, 650, 19, 265, 510, 0, 25, 6417.4580078125, -3618.41723632812, 7250, 0, 4322943034, 295697470),
(561, 11, 2, 5, 314, 31, 2084, 19, 628, 496, 0, 0, -4254.3017578125, -5345.83154296875, 18489, 0, 4322943034, 177411785),
(562, 4, 6, 12, 30, 3, 585, 16, 313, 384, 0, 0, -2351.75146484375, -6510.7958984375, 5430, 1, 4322943034, 86715129),
(563, 9, 5, 3, 292, 5, 256, 23, 611, 719, 0, 0, -2663.87329101562, -5863.68408203125, 18421, 1, 4322943034, 115141430),
(564, 2, 5, 13, 36, 3, 1741, 15, 281, 346, 0, 0, -2206.94458007812, -6491.736328125, 8071, 1, 4322943034, 1296625),
(565, 1, 2, 13, 140, 0, 1694, 17, 383, 426, 0, 0, -3126.72021484375, -6504.89794921875, 12164, 1, 4322943034, 31818853),
(566, 6, 3, 9, 323, 34, 5952, 22, 733, 669, 0, 0, -3637.56982421875, -6112.4970703125, 21547, 1, 4322943034, 110583422),
(567, 0, 13, 0, 0, 15, 262, 8, 122, 109, 0, 0, -6286.9072265625, 3006.26123046875, 2387, 1, 4322925572, 0),
(568, 1, 0, 1, 12, 0, 390, 7, 198, 227, 0, 0, -2966.62646484375, -1884.19921875, 2170, 0, 4322964160, 91654584),
(569, 1, 1, 1, 114, 25, 1526, 13, 474, 551, 0, 0, -4162.70751953125, -108.685317993164, 6476, 0, 4322964160, 94281932),
(570, 3, 3, 4, 75, 9, 1081, 9, 391, 332, 0, 0, -2576.14038085938, 4293.40234375, 5496, 0, 4322964160, 316217576),
(571, 3, 2, 6, 32, 3, 1466, 9, 293, 327, 0, 0, -2173.919921875, 5319.4189453125, 4166, 0, 4322964160, 151771762),
(572, 1, 3, 0, 101, 12, 788, 11, 435, 420, 0, 0, -2751.45532226562, -634.661560058594, 6383, 0, 4322964160, 389022189),
(573, 0, 2, 1, 63, 9, 877, 10, 300, 350, 0, 0, 923.51611328125, 3595.37670898438, 3837, 1, 4322964160, 183286411),
(574, 2, 6, 4, 16, 1, 83, 6, 220, 195, 3, 0, -608.655517578125, 6087.83544921875, 1613, 1, 4322964160, 182528815),
(575, 3, 1, 0, 71, 7, 298, 9, 394, 297, 0, 0, 1721.76916503906, -302.411071777344, 5773, 1, 4322964160, 399231338),
(576, 1, 0, 7, 3, 1, 92, 8, 198, 251, 0, 0, 2150.87841796875, 988.08447265625, 3172, 1, 4322964160, 176227033),
(577, 3, 2, 2, 101, 7, 294, 11, 438, 453, 0, 0, 4255.23291015625, -411.462524414062, 6409, 1, 4322964160, 148177909),
(578, 2, 5, 4, 14, 1, 74, 9, 179, 183, 23, 0, -1589.07409667969, -349.199981689453, 1604, 0, 4322942001, 157054028),
(579, 6, 2, 4, 153, 9, 682, 17, 449, 491, 0, 0, -1989.21630859375, 497.670288085938, 10647, 0, 4322942001, 197737818),
(580, 0, 1, 6, 150, 4, 694, 14, 389, 353, 0, 0, -2580.99536132812, 104.338912963867, 9839, 0, 4322942001, 168798737),
(581, 1, 6, 4, 279, 12, 640, 18, 593, 569, 0, 0, -2926.69946289062, -169.018737792969, 13735, 0, 4322942001, 356343152),
(582, 3, 6, 6, 28, 7, 129, 13, 230, 303, 0, 0, -3790.14331054688, -3118.91479492188, 4544, 0, 4322942001, 296514230),
(583, 6, 3, 7, 178, 11, 2770, 19, 552, 602, 0, 0, -4752.6435546875, 5663.01806640625, 13565, 1, 4322942001, 452376367),
(584, 4, 1, 8, 171, 6, 2206, 19, 489, 597, 0, 0, 224.612854003906, 3116.76293945312, 12416, 1, 4322942001, 189398048),
(585, 3, 3, 11, 46, 2, 982, 14, 320, 384, 0, 0, 7146.3134765625, -3959.94946289062, 4982, 1, 4322942001, 136700299),
(586, 4, 4, 10, 23, 2, 601, 13, 270, 332, 0, 0, 3454.22998046875, 5376.8046875, 6191, 1, 4322942001, 175538337),
(587, 3, 2, 6, 162, 11, 2074, 16, 463, 477, 0, 0, 864.442687988281, 2597.45825195312, 11879, 1, 4322942001, 136683492),
(588, 8, 3, 10, 118, 21, 1541, 13, 549, 400, 0, 0, -1795.21630859375, 965.810729980469, 11141, 0, 4322952595, 139406237),
(589, 0, 5, 1, 182, 10, 2833, 16, 489, 566, 20, 0, -3852.08935546875, -37.3270072937012, 9553, 0, 4322952595, 340198204),
(590, 5, 2, 11, 17, 8, 17, 11, 292, 315, 0, 0, -3571.38452148438, -3277.73876953125, 5592, 0, 4322952595, 170569148),
(591, 4, 2, 5, 101, 17, 1228, 12, 421, 371, 95, 0, -3152.37646484375, 3559.16772460938, 8218, 0, 4322952595, 231622898),
(592, 6, 4, 14, 9, 1, 392, 13, 306, 401, 0, 28, 7076.05419921875, -790.437194824219, 3512, 0, 4322952595, 317849786),
(593, 1, 7, 8, 61, 3, 524, 13, 288, 386, 0, 0, 3169.9599609375, 264.210998535156, 5354, 1, 4322952595, 152122881),
(594, 1, 7, 5, 86, 2, 323, 12, 336, 339, 10, 0, 2554.79443359375, -898.511901855469, 5993, 1, 4322952595, 919910173),
(595, 0, 4, 5, 143, 13, 1150, 14, 433, 485, 114, 25, 6358.49951171875, -172.784866333008, 8010, 1, 4322952595, 920747052),
(596, 10, 1, 4, 216, 18, 935, 19, 750, 794, 0, 0, 5435.99609375, -5643.95751953125, 14775, 1, 4322952595, 145399790),
(597, 4, 6, 9, 18, 0, 951, 11, 270, 298, 0, 0, -148.62873840332, -308.97412109375, 4276, 1, 4322952595, 138154666),
(598, 3, 13, 7, 45, 9, 1474, 11, 212, 203, 0, 30, 4484.3330078125, 5242.212890625, 4524, 1, 4322973482, 0),
(599, 5, 5, 9, 10, 3, 157, 12, 264, 259, 0, 0, 3544.58740234375, 1618.24621582031, 4152, 0, 4323010596, 86727555),
(600, 3, 1, 3, 292, 53, 1077, 17, 740, 508, 0, 0, 3519.85083007812, 3219.06176757812, 19147, 0, 4323010596, 97590558),
(601, 7, 3, 13, 29, 4, 334, 13, 336, 321, 15, 0, 2475.97924804688, 1970.34655761719, 7749, 0, 4323010596, 103735745),
(602, 3, 4, 11, 76, 6, 1709, 14, 364, 345, 0, 0, 2673.0556640625, 3637.47509765625, 8949, 0, 4323010596, 86698277),
(603, 7, 4, 13, 135, 11, 1033, 16, 509, 462, 0, 0, 3204.60791015625, 2688.14038085938, 12163, 0, 4323010596, 86799300),
(604, 1, 5, 6, 125, 16, 838, 14, 338, 367, 0, 0, 2445.22045898438, 5972.12451171875, 8608, 1, 4323010596, 135878232),
(605, 3, 3, 6, 162, 7, 2545, 15, 397, 387, 0, 0, 5157.8486328125, 4034.6513671875, 10120, 1, 4323010596, 255219872),
(606, 5, 9, 9, 15, 1, 245, 11, 232, 235, 0, 0, 5020.62744140625, 2794.58325195312, 2630, 1, 4323010596, 397462905),
(607, 3, 5, 4, 128, 17, 3579, 15, 450, 419, 57, 0, -6291.3603515625, 3698.4423828125, 11064, 1, 4323010596, 134276083),
(608, 4, 4, 7, 52, 2, 1344, 12, 299, 269, 10, 0, 4685.6982421875, 4058.94409179688, 6369, 1, 4323010596, 139876032),
(609, 13, 10, 41, 65, 3, 2273, 25, 429, 665, 8, 0, 7298.1015625, 6124.251953125, 14598, 1, 4323015668, 0),
(610, 2, 6, 5, 136, 11, 1146, 15, 374, 386, 2, 0, 4944.7666015625, -4319.3271484375, 8486, 0, 4323011914, 298360885),
(611, 4, 5, 10, 55, 3, 327, 15, 313, 404, 0, 0, -5212.705078125, -2177.18676757812, 7252, 0, 4323011914, 198455581),
(612, 5, 6, 6, 138, 5, 651, 20, 451, 677, 0, 53, -4116.51806640625, 333.336181640625, 11511, 0, 4323011914, 394879200),
(613, 4, 7, 3, 200, 8, 438, 19, 516, 604, 0, 61, -2865.50268554688, -2235.296875, 11648, 0, 4323011914, 230617400),
(614, 4, 2, 10, 34, 2, 186, 13, 279, 300, 0, 0, -6144.6982421875, -6095.75830078125, 4616, 0, 4323011914, 141010367),
(615, 12, 0, 12, 199, 19, 1072, 21, 563, 698, 35, 0, -431.085144042969, 2173.55078125, 14522, 1, 4323011914, 137895298),
(616, 3, 3, 7, 246, 10, 1812, 19, 519, 617, 47, 0, -3371.1767578125, 5506.34375, 13437, 1, 4323011914, 199222238),
(617, 4, 9, 13, 52, 7, 504, 16, 299, 427, 0, 3, -3354.44262695312, -905.465087890625, 6384, 1, 4323011914, 197849259),
(618, 4, 6, 11, 34, 4, 107, 13, 263, 312, 0, 19, -2704.60205078125, 418.356506347656, 4332, 1, 4323011914, 162077924),
(619, 3, 1, 14, 197, 10, 114, 20, 490, 672, 113, 0, -6168.0654296875, 134.592391967773, 11689, 1, 4323011914, 140680642),
(620, 9, 1, 5, 188, 19, 1342, 17, 574, 502, 67, 0, -2042.26354980469, 1644.05749511719, 14417, 0, 4323019019, 221743617),
(621, 3, 2, 6, 189, 20, 595, 17, 553, 503, 0, 0, -1721.03576660156, 834.001647949219, 13300, 0, 4323019019, 191458152),
(622, 1, 4, 6, 15, 0, 345, 11, 207, 250, 0, 0, -963.416870117188, 1510.79895019531, 4750, 0, 4323019019, 103296177),
(623, 3, 3, 5, 157, 10, 1567, 15, 491, 436, 87, 0, -3183.50317382812, 3467.05297851562, 12217, 0, 4323019019, 203732939),
(624, 2, 4, 11, 23, 0, 296, 11, 245, 252, 38, 0, -2117.03955078125, 867.339538574219, 4201, 0, 4323019019, 136178375),
(625, 2, 5, 9, 20, 2, 122, 10, 235, 203, 79, 0, 1954.70715332031, -822.391479492188, 2037, 1, 4323019019, 160371593),
(626, 3, 7, 6, 100, 21, 862, 14, 388, 354, 0, 72, -2337.06176757812, 1574.70397949219, 8417, 1, 4323019019, 405693005),
(627, 2, 1, 7, 135, 3, 2624, 14, 365, 370, 23, 0, -132.39111328125, 1417.41394042969, 9319, 1, 4323019019, 875883083),
(628, 2, 3, 5, 17, 0, 530, 12, 200, 262, 74, 0, -548.605651855469, 1074.93078613281, 4365, 1, 4323019019, 141833801),
(629, 2, 2, 6, 267, 10, 3510, 18, 613, 549, 0, 0, -1254.68395996094, 1553.32373046875, 15235, 1, 4323019019, 134683396),
(630, 0, 3, 2, 9, 1, 65, 8, 149, 201, 4, 5, -6268.70703125, -1183.65478515625, 1195, 0, 4323023582, 86715129),
(631, 0, 7, 0, 92, 14, 49, 10, 307, 299, 114, 0, -6464.69677734375, -4161.3056640625, 5414, 0, 4323023582, 115141430),
(632, 1, 5, 0, 85, 4, 710, 10, 315, 304, 102, 0, -5721.4111328125, -4645.4052734375, 5325, 0, 4323023582, 1296625),
(633, 0, 0, 2, 125, 6, 1433, 13, 399, 449, 0, 0, -6689.11669921875, -4571.91455078125, 7483, 0, 4323023582, 31818853),
(634, 1, 1, 1, 159, 2, 189, 14, 460, 509, 0, 40, -5325.20361328125, -2511.78515625, 8299, 0, 4323023582, 110583422),
(635, 2, 1, 9, 15, 5, 375, 8, 241, 213, 104, 0, -6210.3994140625, -2599.59741210938, 2980, 1, 4323023582, 94049589),
(636, 5, 0, 7, 102, 13, 2652, 12, 482, 393, 34, 0, -6733.21728515625, -2794.05419921875, 9427, 1, 4323023582, 86785083),
(637, 3, 1, 3, 108, 2, 540, 14, 458, 487, 0, 0, -6649.7646484375, -3729.52563476562, 8310, 1, 4323023582, 81852496),
(638, 4, 0, 11, 10, 0, 981, 9, 251, 262, 73, 0, -6301.65380859375, -3487.50170898438, 4996, 1, 4323023582, 295697470),
(639, 1, 0, 1, 291, 9, 2062, 19, 773, 843, 76, 0, -6762.64599609375, -3420.68139648438, 15147, 1, 4323023582, 177411785),
(640, 9, 15, 16, 57, 2, 1379, 19, 297, 370, 10, 0, -4647.7138671875, -4821.8115234375, 5054, 0, 4323033399, 131380551),
(641, 5, 7, 13, 547, 10, 4734, 25, 769, 622, 0, 56, 1263.3359375, -2944.89892578125, 28339, 0, 4323033399, 118233883),
(642, 6, 4, 15, 286, 8, 2843, 25, 593, 641, 0, 0, -4552.69921875, -4226.73876953125, 22993, 0, 4323033399, 135673679),
(643, 4, 9, 23, 46, 1, 108, 20, 272, 403, 0, 41, -196.299942016602, -4102.0556640625, 10083, 0, 4323033399, 75390186),
(644, 12, 6, 19, 279, 13, 3811, 25, 602, 622, 0, 0, -5474.8623046875, -4773.50927734375, 23361, 0, 4323033399, 104963314),
(645, 6, 8, 11, 401, 16, 4406, 24, 696, 576, 24, 0, -3191.16259765625, -3233.61572265625, 27001, 1, 4323033399, 100895600),
(646, 12, 3, 11, 355, 8, 1693, 24, 594, 612, 0, 0, -3091.11401367188, -4508.39990234375, 23393, 1, 4323033399, 94762375),
(647, 13, 3, 8, 310, 3, 154, 25, 582, 631, 0, 0, -6417.1259765625, -840.005798339844, 22604, 1, 4323033399, 121833213),
(648, 3, 10, 19, 86, 1, 2736, 20, 354, 393, 0, 0, -3393.9140625, -3931.0234375, 10836, 1, 4323033399, 345803031),
(649, 6, 12, 22, 30, 2, 2684, 20, 306, 402, 0, 0, -4115.2900390625, -4251.962890625, 7209, 1, 4323033399, 112531417),
(650, 1, 0, 0, 8, 3, 30, 4, 307, 422, 0, 0, -6699.517578125, -6923.2734375, 1715, 0, 4323040700, 249274944),
(651, 0, 1, 0, 13, 1, 191, 4, 238, 364, 0, 0, 62.2109527587891, -145.446258544922, 1166, 1, 4323040700, 256396743),
(652, 0, 0, 0, 0, 0, 1847, 1, 94, 6, 0, 0, 6846.78662109375, 6326.49658203125, 3182, 1, 4323075408, 0),
(653, 1, 7, 5, 30, 7, 795, 12, 203, 213, 0, 0, -5035.99462890625, -3998.03344726562, 2920, 0, 4323089918, 86727555),
(654, 4, 5, 2, 291, 18, 1398, 16, 534, 368, 0, 0, -4857.64501953125, -5972.88720703125, 16238, 0, 4323089918, 97590558),
(655, 0, 10, 8, 70, 3, 417, 12, 220, 217, 0, 0, -4498.25390625, -5438.4140625, 3917, 0, 4323089918, 103735745),
(656, 2, 7, 3, 104, 11, 1667, 13, 277, 259, 0, 0, -5636.52099609375, -3311.2392578125, 7872, 0, 4323089918, 86698277),
(657, 6, 9, 4, 126, 12, 2833, 15, 328, 323, 0, 0, -6481.76123046875, -3596.69213867188, 8318, 0, 4323089918, 86799300),
(658, 6, 2, 13, 147, 25, 886, 19, 449, 493, 0, 0, -3242.72998046875, -1033.55432128906, 15706, 1, 4323089918, 135878232),
(659, 4, 3, 24, 31, 11, 219, 16, 331, 346, 0, 0, -4566.13671875, -39.9105606079102, 8379, 1, 4323089918, 397462905),
(660, 9, 1, 16, 202, 18, 1521, 20, 561, 512, 0, 0, -4087.29760742188, 217.207885742188, 17971, 1, 4323089918, 255219872),
(661, 17, 2, 6, 247, 5, 3789, 22, 637, 619, 0, 0, -1695.66589355469, -2787.0546875, 20239, 1, 4323089918, 134276083),
(662, 1, 5, 14, 93, 1, 276, 20, 351, 502, 0, 0, -6384.20849609375, 649.22705078125, 10576, 1, 4323089918, 139876032),
(663, 2, 3, 15, 374, 35, 3377, 24, 565, 661, 0, 0, -1652.265625, -24.9639587402344, 20402, 0, 4323089703, 137895298),
(664, 9, 1, 14, 207, 8, 745, 22, 480, 548, 0, 0, -1020.11065673828, -282.189086914062, 17425, 0, 4323089703, 140680642),
(665, 11, 6, 9, 492, 10, 107, 25, 760, 686, 0, 0, -3957.16723632812, 562.926391601562, 26812, 0, 4323089703, 199222238),
(666, 7, 6, 17, 30, 1, 78, 18, 271, 376, 0, 0, -1629.33410644531, -258.240966796875, 4448, 0, 4323089703, 162077924),
(667, 7, 6, 16, 96, 3, 2795, 21, 378, 483, 48, 0, -1683.61547851562, -579.329467773438, 11775, 0, 4323089703, 197849259),
(668, 4, 5, 6, 267, 16, 952, 21, 477, 506, 0, 0, 657.676635742188, -320.617858886719, 17262, 1, 4323089703, 298360885),
(669, 6, 4, 8, 294, 8, 3746, 23, 542, 569, 67, 0, -853.381042480469, -588.490783691406, 18396, 1, 4323089703, 394879200),
(670, 5, 5, 5, 197, 3, 2739, 21, 435, 494, 105, 0, -300.597442626953, -41.9143333435059, 14999, 1, 4323089703, 230617400),
(671, 3, 14, 10, 105, 2, 1209, 17, 282, 335, 0, 0, -513.649169921875, -290.090148925781, 7774, 1, 4323089703, 198455581),
(672, 4, 9, 10, 33, 3, 124, 16, 293, 297, 1, 0, -2.1914529800415, -130.574371337891, 5689, 1, 4323089703, 141010367),
(673, 4, 2, 10, 29, 1, 564, 16, 288, 351, 0, 0, 1356.70129394531, -5205.9599609375, 5579, 0, 4323096230, 94049589),
(674, 4, 3, 8, 192, 15, 3991, 21, 524, 569, 0, 0, -1125.52258300781, -3640.85473632812, 16371, 0, 4323096230, 86785083),
(675, 6, 2, 9, 207, 36, 1902, 21, 506, 544, 0, 0, 1408.73815917969, -5985.9736328125, 17017, 0, 4323096230, 81852496),
(676, 3, 4, 11, 13, 3, 665, 17, 285, 371, 3, 0, -6220.48974609375, -6189.888671875, 8400, 0, 4323096230, 295697470),
(677, 3, 1, 6, 418, 8, 6476, 23, 743, 692, 0, 0, 756.772705078125, -6268.56884765625, 24031, 0, 4323096230, 177411785),
(678, 1, 7, 9, 19, 8, 27, 13, 193, 240, 0, 38, -961.396057128906, -6330.42822265625, 2182, 1, 4323096230, 86715129),
(679, 5, 3, 3, 221, 21, 1999, 18, 437, 425, 0, 0, 1212.74279785156, 5952.2783203125, 13559, 1, 4323096230, 115141430),
(680, 3, 3, 7, 124, 2, 3097, 18, 405, 439, 0, 0, 1270.09484863281, 1029.33935546875, 12152, 1, 4323096230, 1296625),
(681, 0, 4, 5, 184, 2, 2358, 16, 340, 345, 10, 35, -3624.46118164062, -6097.33251953125, 10688, 1, 4323096230, 31818853),
(682, 3, 3, 1, 462, 27, 4395, 25, 698, 785, 0, 0, -6388.90966796875, 1403.01196289062, 22240, 1, 4323096230, 110583422),
(683, 5, 1, 3, 501, 13, 3062, 25, 641, 681, 0, 0, -3832.48046875, -327.240814208984, 23817, 0, 4323093994, 875883083),
(684, 10, 7, 10, 252, 3, 1169, 24, 517, 641, 0, 0, -3066.45849609375, -2871.59375, 17549, 0, 4323093994, 134683396),
(685, 4, 7, 11, 90, 3, 1057, 19, 345, 391, 0, 0, -4315.990234375, -1277.56823730469, 7287, 0, 4323093994, 160371593),
(686, 0, 5, 14, 183, 3, 5076, 22, 369, 519, 0, 0, 7118.68017578125, -4040.0810546875, 10826, 0, 4323093994, 141833801),
(687, 2, 4, 6, 254, 6, 2096, 22, 415, 509, 0, 0, -2649.189453125, -1817.91906738281, 14161, 0, 4323093994, 405693005),
(688, 6, 4, 8, 219, 28, 1415, 23, 469, 574, 0, 0, -2233.96875, 812.081298828125, 16715, 1, 4323093994, 203732939),
(689, 4, 3, 9, 482, 11, 3277, 25, 731, 680, 0, 0, -1108.62780761719, -1055.01123046875, 26707, 1, 4323093994, 221743617),
(690, 2, 6, 9, 99, 1, 1330, 18, 300, 377, 0, 0, -1900.33166503906, 1605.96960449219, 9980, 1, 4323093994, 103296177),
(691, 8, 2, 7, 270, 19, 3778, 25, 544, 680, 0, 0, -460.960815429688, -534.585632324219, 18858, 1, 4323093994, 191458152),
(692, 4, 6, 10, 36, 1, 523, 14, 244, 251, 0, 0, -1198.34399414062, -951.78125, 5048, 1, 4323093994, 136178375),
(693, 0, 10, 1, 6, 10, 468, 10, 145, 146, 0, 0, 4520.9423828125, 4669.52734375, 3443, 1, 4323117912, 0),
(694, 2, 1, 3, 59, 15, 167, 7, 401, 293, 0, 5, 6438.85888671875, -1376.87744140625, 4767, 0, 4323137057, 100895600),
(695, 3, 2, 2, 62, 10, 1616, 10, 436, 427, 0, 0, -4612.6005859375, -3662.52026367188, 5346, 0, 4323137057, 94762375),
(696, 6, 1, 0, 76, 0, 1869, 10, 556, 489, 0, 0, -3353.71215820312, 6435.9921875, 6164, 0, 4323137057, 121833213),
(697, 0, 0, 12, 2, 0, 440, 7, 227, 265, 22, 0, 5975.98974609375, -492.544494628906, 2670, 0, 4323137057, 345803031),
(698, 5, 0, 3, 12, 1, 949, 5, 279, 172, 0, 0, 6968.615234375, -603.325927734375, 2629, 0, 4323137057, 112531417),
(699, 1, 5, 2, 4, 4, 235, 4, 205, 135, 0, 12, 6502.72216796875, 1082.55798339844, 1290, 1, 4323137057, 131380551),
(700, 0, 3, 0, 64, 7, 592, 9, 381, 386, 5, 0, 4631.970703125, -30.9457111358643, 3952, 1, 4323137057, 118233883),
(701, 0, 2, 0, 44, 14, 24, 6, 277, 203, 0, 0, 6930.08984375, 5960.4482421875, 3179, 1, 4323137057, 135673679),
(702, 0, 4, 0, 3, 1, 189, 5, 127, 165, 0, 5, 6322.9443359375, -523.355712890625, 1139, 1, 4323137057, 75390186),
(703, 2, 1, 0, 57, 9, 506, 9, 375, 428, 153, 0, -2171.52490234375, 6170.19970703125, 4431, 1, 4323137057, 104963314),
(704, 2, 15, 15, 34, 7, 1666, 16, 204, 326, 0, 0, 6482.07470703125, 504.711273193359, 5416, 1, 4323179704, 0),
(705, 11, 7, 9, 133, 14, 1796, 19, 500, 601, 0, 0, 3621.85546875, 6205.419921875, 12181, 0, 4323207485, 276368906),
(706, 7, 1, 18, 153, 1, 363, 20, 469, 642, 0, 0, 2639.60327148438, 4913.8212890625, 12163, 0, 4323207485, 178002197),
(707, 15, 6, 15, 90, 9, 2416, 18, 501, 538, 0, 0, 4005.76196289062, 6263.8408203125, 12181, 0, 4323207485, 199492724),
(708, 4, 8, 30, 25, 1, 833, 14, 333, 354, 0, 0, 2212.77465820312, 5453.5234375, 5013, 0, 4323207485, 316690185),
(709, 6, 8, 24, 45, 3, 324, 15, 346, 411, 0, 0, 2251.19067382812, 5706.26806640625, 7729, 0, 4323207485, 165040279),
(710, 1, 12, 18, 100, 7, 2810, 14, 337, 336, 0, 0, 3552, 96, 6565, 1, 4323207485, 483128726),
(711, 14, 6, 9, 96, 13, 269, 18, 469, 534, 0, 0, 3672.66674804688, 1989.8525390625, 10104, 1, 4323207485, 163558843),
(712, 5, 11, 19, 16, 2, 144, 10, 241, 220, 0, 0, 3711.53881835938, 4038.35693359375, 2384, 1, 4323207485, 114974511),
(713, 3, 10, 22, 26, 6, 247, 13, 255, 319, 0, 0, 4479.33203125, 6230.74072265625, 5317, 1, 4323207485, 101519705),
(714, 3, 5, 9, 153, 10, 996, 16, 422, 449, 0, 0, 4224.42822265625, 5396.3857421875, 10041, 1, 4323207485, 193336906),
(715, 15, 6, 8, 92, 21, 2596, 23, 513, 799, 0, 0, -1572.24475097656, 3634.8974609375, 13356, 0, 4323224800, 198332373),
(716, 12, 5, 9, 116, 16, 536, 19, 505, 576, 0, 0, 5043.44970703125, 990.315551757812, 12431, 0, 4323224800, 490372391),
(717, 1, 6, 13, 96, 4, 752, 15, 369, 397, 0, 0, 6569.83251953125, -2297.97827148438, 9102, 0, 4323224800, 910084406),
(718, 4, 6, 6, 42, 0, 1590, 15, 286, 386, 0, 0, -4828.5029296875, -413.716583251953, 7450, 0, 4323224800, 903457444),
(719, 2, 7, 14, 75, 0, 1665, 14, 312, 324, 0, 0, -3302.9560546875, 3877.24194335938, 5470, 0, 4323224800, 158487928),
(720, 4, 5, 2, 57, 1, 585, 14, 267, 317, 0, 0, -1186.404296875, 4465.65625, 6925, 1, 4323224800, 392650784),
(721, 7, 6, 2, 181, 28, 883, 20, 508, 622, 0, 0, -53.4165687561035, 2242.36108398438, 13193, 1, 4323224800, 439317338),
(722, 3, 10, 7, 23, 4, 3, 14, 255, 314, 0, 47, -1392.87194824219, 3646.49462890625, 4408, 1, 4323224800, 162278265),
(723, 4, 7, 4, 16, 1, 92, 11, 201, 209, 0, 0, 5616.49365234375, 2062.9248046875, 4707, 1, 4323224800, 276597726),
(724, 10, 9, 5, 124, 14, 381, 18, 466, 534, 17, 0, -2324.34765625, 1884.09545898438, 10946, 1, 4323224800, 895117759),
(725, 2, 5, 9, 239, 13, 2377, 15, 531, 415, 0, 0, 321.480194091797, -4106.3388671875, 13097, 0, 4323231369, 135878232),
(726, 0, 6, 9, 39, 3, 1403, 16, 220, 446, 44, 0, 50.0992431640625, -4208.7734375, 4873, 0, 4323231369, 139876032),
(727, 3, 5, 7, 30, 1, 726, 12, 241, 275, 65, 0, -3648.58544921875, -3545.458984375, 3331, 0, 4323231369, 397462905),
(728, 6, 0, 5, 149, 15, 172, 16, 461, 471, 79, 0, -6998.2919921875, -6516.2861328125, 11802, 0, 4323231369, 255219872),
(729, 6, 1, 6, 272, 12, 2429, 20, 597, 655, 0, 10, -3263.06274414062, 3423.36328125, 14974, 0, 4323231369, 134276083),
(730, 3, 4, 9, 17, 3, 134, 12, 240, 260, 0, 0, -1243.900390625, 301.148376464844, 3309, 1, 4323231369, 94049589),
(731, 3, 1, 7, 175, 14, 2631, 15, 472, 388, 6, 0, -2705.55639648438, 197.105850219727, 12431, 1, 4323231369, 86785083),
(732, 4, 7, 5, 160, 7, 834, 15, 412, 418, 1, 0, -969.484497070312, -624.546691894531, 9494, 1, 4323231369, 81852496),
(733, 2, 6, 13, 34, 4, 1090, 13, 252, 305, 19, 0, 4457.2119140625, -539.37744140625, 5580, 1, 4323231369, 295697470),
(734, 5, 1, 3, 407, 10, 2732, 21, 816, 747, 0, 0, -1686.99926757812, 13.3525018692017, 20892, 1, 4323231369, 177411785),
(735, 0, 13, 1, 0, 6, 483, 6, 122, 94, 0, 0, 5164.51708984375, 4200.05419921875, 1608, 1, 4323249050, 0),
(736, 3, 3, 3, 11, 3, 128, 7, 228, 211, 0, 0, 2660.16357421875, -3541.07373046875, 1533, 0, 4323245659, 131380551),
(737, 1, 3, 0, 88, 15, 495, 11, 405, 429, 0, 0, -4203.9169921875, 3665.16430664062, 5590, 0, 4323245659, 118233883),
(738, 2, 3, 6, 62, 6, 1676, 9, 339, 312, 0, 0, 3864.31103515625, -2561.16723632812, 4841, 0, 4323245659, 135673679),
(739, 2, 2, 4, 15, 4, 1297, 7, 241, 234, 52, 0, 2208.83056640625, -2309.33984375, 3277, 0, 4323245659, 75390186),
(740, 2, 1, 4, 86, 13, 1970, 11, 444, 447, 0, 0, 3042.71459960938, -2238.02954101562, 6355, 0, 4323245659, 104963314),
(741, 2, 2, 3, 87, 4, 674, 10, 400, 342, 0, 0, -447.442718505859, -170.499847412109, 6184, 1, 4323245659, 397574220),
(742, 3, 1, 3, 63, 14, 264, 11, 348, 402, 16, 0, 4025.22192382812, -978.681823730469, 5164, 1, 4323245659, 211531481),
(743, 0, 1, 2, 108, 8, 1993, 11, 436, 441, 0, 0, 6743.3828125, -3850.28125, 6688, 1, 4323245659, 113874152),
(744, 3, 2, 7, 11, 1, 907, 8, 227, 254, 12, 0, 3930.72241210938, -998.998718261719, 3042, 1, 4323245659, 127077041),
(745, 3, 4, 3, 6, 2, 22, 6, 181, 182, 14, 12, 632.209106445312, -3894.23071289062, 1447, 1, 4323245659, 86940305),
(746, 0, 0, 1, 0, 0, 80, 1, 252, 57, 0, 0, 6231.9150390625, -4847.93896484375, 830, 1, 4323301505, 0),
(747, 0, 0, 0, 0, 0, 600, 0, 0, 0, 0, 0, 0, 0, 0, 0, 4323303556, 129619385),
(748, 0, 0, 0, 0, 0, 600, 0, 0, 0, 0, 0, 0, 0, 0, 0, 4323303556, 888517623),
(749, 0, 0, 0, 0, 0, 600, 0, 0, 0, 0, 0, 0, 0, 0, 0, 4323303556, 250480867),
(750, 0, 0, 0, 0, 0, 600, 0, 0, 0, 0, 0, 0, 0, 0, 0, 4323303556, 419958501),
(751, 0, 0, 0, 0, 0, 600, 0, 0, 0, 0, 0, 0, 0, 0, 0, 4323303556, 459013672),
(752, 0, 0, 0, 0, 0, 600, 0, 0, 0, 0, 0, 0, 0, 0, 1, 4323303556, 427558921),
(753, 0, 0, 0, 0, 0, 600, 0, 0, 0, 0, 0, 0, 0, 0, 1, 4323303556, 241499365),
(754, 0, 0, 0, 0, 0, 600, 0, 0, 0, 0, 0, 0, 0, 0, 1, 4323303556, 135391636),
(755, 0, 0, 0, 0, 0, 600, 0, 0, 0, 0, 0, 0, 0, 0, 1, 4323303556, 379430550),
(756, 0, 0, 0, 0, 0, 600, 0, 0, 0, 0, 0, 0, 0, 0, 1, 4323303556, 52444176);

-- --------------------------------------------------------

--
-- Table structure for table `matches_team`
--

CREATE TABLE `matches_team` (
  `team_id` int(11) NOT NULL,
  `team_name` varchar(100) NOT NULL
) ENGINE=InnoDB DEFAULT CHARSET=utf8;

--
-- Dumping data for table `matches_team`
--

INSERT INTO `matches_team` (`team_id`, `team_name`) VALUES
(0, 'NULL'),
(600542, 'The Scoobs'),
(780735, 'PokemonS'),
(854742, 'KOMANDA L\"VOV'),
(927146, 'DoshikTeam'),
(1290494, 'MakeMeHorny'),
(1699687, '7rainbow'),
(2310427, 'Fast n\' Furion'),
(2345508, 'Peregrinus Gaming'),
(2382653, 'Wadafackerz'),
(2581813, 'Execration.'),
(2626685, 'KEEN GAMING'),
(2640025, 'iG.Vitality'),
(2837988, 'Natural Zeppeling Object'),
(3048192, 'Devil Dogs'),
(3214090, 'Hippomaniacs'),
(3415105, 'BATFamily.Hope'),
(3492901, 'Vorpal Swords'),
(3549532, 'Sergeyi + 4'),
(3659536, 'Clutch Gamers'),
(3757892, 'Liqid_2'),
(3758279, 'WADERS'),
(3852685, 'Lapshiha Power Team'),
(3961185, 'Team Voprosik'),
(4145263, 'El Miraclito'),
(4145954, 'Gods Of Darknes '),
(4287534, 'O.W.L'),
(4429274, 'FatCat'),
(4647990, 'Winning Gaming'),
(4817649, '496 Gaming'),
(4989115, 'HEROES...5'),
(4997576, 'Default bots'),
(4997583, 'Ranked Matchmaking AI'),
(4997606, 'BotExperiment'),
(4997618, 'PubSimulator'),
(5055770, 'Gorillaz-Pride'),
(5060365, 'Dsternet Ungaran Brotherhood'),
(5072220, 'Noggers with attitude'),
(5080267, 'Pandawa Gaming'),
(5103710, 'MOGUCHIE PETUSHKI'),
(5141401, 'Falconry team'),
(5155535, 'SNG'),
(5172230, 'Mad_WOLVES'),
(5207190, 'Admiral Dota'),
(5216146, 'Team Ever'),
(5226477, 'Glorious Queens'),
(5231262, 'Perfect Gang Bang'),
(5250692, 'Zhmishenko_team'),
(5251516, 'GNOM DJO TEAM'),
(5261662, 'Drusico'),
(5272887, 'Team Padat Berisi'),
(5324412, ''),
(5327206, 'Thunder Predator'),
(5464491, 'STARLUCK'),
(5530972, 'OMEGATRIHARD'),
(5588972, 'Onime Pocanchiki'),
(5723665, 'lords of the elements'),
(5766335, 'Opol4enci'),
(5769029, 'TERROR OF SOUTH AMERICA'),
(5868014, 'Aura Gaming'),
(5898420, 'Young Guard'),
(5933678, 'ALTER EGO'),
(5968964, 'Rajoro Wings'),
(6019666, 'Team Bal'),
(6096757, 'Bando$$y'),
(6165859, 'Anak Warnet '),
(6166915, 'TPB'),
(6187657, 'Neon Esports'),
(6196091, 'TEAM TEAM'),
(6209143, 'Gambit Esports'),
(6210006, 'now i am become death'),
(6214973, 'Ninjas in Pyjamas'),
(6239300, 'Aea'),
(6241488, ' '),
(6267305, 'Feel Like Kirasira'),
(6268478, 'Lightning Capibaras'),
(6293590, 'DIgnity Fiend'),
(6294679, 'Estrella'),
(6306453, 'WarriorsGaming.Unity'),
(6353047, 'FGB '),
(6353295, 'Nullifier'),
(6409310, 'StarLucK'),
(6410093, 'THE OUTSTANDING ZERO'),
(6434526, 'yung gravy '),
(6435807, 'PortalEsports'),
(6447047, 'Forever Young'),
(6465095, 'Master\'sGamin6'),
(6473504, 'NotToBe'),
(6490793, 'Poshadite, my raqi'),
(6516874, 'Flaming Cyborg Alpha'),
(6516921, 'Standin'),
(6519200, '@noobs gaming'),
(6544125, 'ABOY GAMING'),
(6546767, 'YA VZYAL TVOU BOO'),
(6547344, 'MultiBrand'),
(6570198, 'Are too busy'),
(6591050, 'LOS 5 FURIOSOS'),
(6592353, 'Recreational Hazard'),
(6592834, 'ncgc'),
(6614598, 'ImmortalGaming'),
(6615008, 'TeamSlayers'),
(6615678, 'Room310'),
(6622787, 'PENYEMBAH BERHALA'),
(6633236, 'Belial'),
(6633390, 'Team Glx'),
(6634564, 'EXCELLENT-Esports'),
(6655635, 'Stomp'),
(6656562, 'TEAM X'),
(6656781, '47fps'),
(6656816, 'RedBull '),
(6656923, 'MK'),
(6657022, 'ARK'),
(6657134, 'WillPower'),
(6657392, 'Thats what i LIKE'),
(6657504, 'Alliance');

--
-- Indexes for dumped tables
--

--
-- Indexes for table `accounts_profile`
--
ALTER TABLE `accounts_profile`
  ADD PRIMARY KEY (`id`),
  ADD UNIQUE KEY `user_id` (`user_id`);

--
-- Indexes for table `auth_group`
--
ALTER TABLE `auth_group`
  ADD PRIMARY KEY (`id`),
  ADD UNIQUE KEY `name` (`name`);

--
-- Indexes for table `auth_group_permissions`
--
ALTER TABLE `auth_group_permissions`
  ADD PRIMARY KEY (`id`),
  ADD UNIQUE KEY `auth_group_permissions_group_id_permission_id_0cd325b0_uniq` (`group_id`,`permission_id`),
  ADD KEY `auth_group_permissio_permission_id_84c5c92e_fk_auth_perm` (`permission_id`);

--
-- Indexes for table `auth_permission`
--
ALTER TABLE `auth_permission`
  ADD PRIMARY KEY (`id`),
  ADD UNIQUE KEY `auth_permission_content_type_id_codename_01ab375a_uniq` (`content_type_id`,`codename`);

--
-- Indexes for table `auth_user`
--
ALTER TABLE `auth_user`
  ADD PRIMARY KEY (`id`),
  ADD UNIQUE KEY `username` (`username`);

--
-- Indexes for table `auth_user_groups`
--
ALTER TABLE `auth_user_groups`
  ADD PRIMARY KEY (`id`),
  ADD UNIQUE KEY `auth_user_groups_user_id_group_id_94350c0c_uniq` (`user_id`,`group_id`),
  ADD KEY `auth_user_groups_group_id_97559544_fk_auth_group_id` (`group_id`);

--
-- Indexes for table `auth_user_user_permissions`
--
ALTER TABLE `auth_user_user_permissions`
  ADD PRIMARY KEY (`id`),
  ADD UNIQUE KEY `auth_user_user_permissions_user_id_permission_id_14a6b632_uniq` (`user_id`,`permission_id`),
  ADD KEY `auth_user_user_permi_permission_id_1fbb5f2c_fk_auth_perm` (`permission_id`);

--
-- Indexes for table `background_task`
--
ALTER TABLE `background_task`
  ADD PRIMARY KEY (`id`),
  ADD KEY `background_task_creator_content_type_61cc9af3_fk_django_co` (`creator_content_type_id`),
  ADD KEY `background_task_task_name_4562d56a` (`task_name`),
  ADD KEY `background_task_task_hash_d8f233bd` (`task_hash`),
  ADD KEY `background_task_priority_88bdbce9` (`priority`),
  ADD KEY `background_task_run_at_7baca3aa` (`run_at`),
  ADD KEY `background_task_queue_1d5f3a40` (`queue`),
  ADD KEY `background_task_attempts_a9ade23d` (`attempts`),
  ADD KEY `background_task_failed_at_b81bba14` (`failed_at`),
  ADD KEY `background_task_locked_by_db7779e3` (`locked_by`),
  ADD KEY `background_task_locked_at_0fb0f225` (`locked_at`);

--
-- Indexes for table `background_task_completedtask`
--
ALTER TABLE `background_task_completedtask`
  ADD PRIMARY KEY (`id`),
  ADD KEY `background_task_comp_creator_content_type_21d6a741_fk_django_co` (`creator_content_type_id`),
  ADD KEY `background_task_completedtask_task_name_388dabc2` (`task_name`),
  ADD KEY `background_task_completedtask_task_hash_91187576` (`task_hash`),
  ADD KEY `background_task_completedtask_priority_9080692e` (`priority`),
  ADD KEY `background_task_completedtask_run_at_77c80f34` (`run_at`),
  ADD KEY `background_task_completedtask_queue_61fb0415` (`queue`),
  ADD KEY `background_task_completedtask_attempts_772a6783` (`attempts`),
  ADD KEY `background_task_completedtask_failed_at_3de56618` (`failed_at`),
  ADD KEY `background_task_completedtask_locked_by_edc8a213` (`locked_by`),
  ADD KEY `background_task_completedtask_locked_at_29c62708` (`locked_at`);

--
-- Indexes for table `django_admin_log`
--
ALTER TABLE `django_admin_log`
  ADD PRIMARY KEY (`id`),
  ADD KEY `django_admin_log_content_type_id_c4bce8eb_fk_django_co` (`content_type_id`),
  ADD KEY `django_admin_log_user_id_c564eba6_fk_auth_user_id` (`user_id`);

--
-- Indexes for table `django_content_type`
--
ALTER TABLE `django_content_type`
  ADD PRIMARY KEY (`id`),
  ADD UNIQUE KEY `django_content_type_app_label_model_76bd3d3b_uniq` (`app_label`,`model`);

--
-- Indexes for table `django_migrations`
--
ALTER TABLE `django_migrations`
  ADD PRIMARY KEY (`id`);

--
-- Indexes for table `django_session`
--
ALTER TABLE `django_session`
  ADD PRIMARY KEY (`session_key`),
  ADD KEY `django_session_expire_date_a5c62663` (`expire_date`);

--
-- Indexes for table `matches_ban`
--
ALTER TABLE `matches_ban`
  ADD PRIMARY KEY (`id`),
  ADD UNIQUE KEY `matches_ban_match_id_hero_id_8865498e_uniq` (`match_id`,`hero_id`),
  ADD KEY `matches_ban_hero_id_db827c80_fk_matches_hero_hero_id` (`hero_id`);

--
-- Indexes for table `matches_bet`
--
ALTER TABLE `matches_bet`
  ADD PRIMARY KEY (`id`),
  ADD KEY `matches_bet_user_id_64be7fef_fk_auth_user_id` (`user_id`),
  ADD KEY `matches_bet_match_id_fe44477e_fk` (`match_id`);

--
-- Indexes for table `matches_hero`
--
ALTER TABLE `matches_hero`
  ADD PRIMARY KEY (`hero_id`);

--
-- Indexes for table `matches_item`
--
ALTER TABLE `matches_item`
  ADD PRIMARY KEY (`item_id`);

--
-- Indexes for table `matches_item_inventory`
--
ALTER TABLE `matches_item_inventory`
  ADD PRIMARY KEY (`id`),
  ADD UNIQUE KEY `matches_item_inventory_match_id_player_id_item_id_04f242e6_uniq` (`match_id`,`player_id`,`item_id`),
  ADD KEY `matches_item_inventory_item_id_54fb8a53_fk_matches_item_item_id` (`item_id`),
  ADD KEY `matches_item_invento_player_id_7e64cc1d_fk_matches_p` (`player_id`);

--
-- Indexes for table `matches_match`
--
ALTER TABLE `matches_match`
  ADD PRIMARY KEY (`match_id`),
  ADD KEY `matches_match_d_team_id_c175be32_fk_matches_team_team_id` (`d_team_id`),
  ADD KEY `matches_match_r_team_id_6bafb78f_fk_matches_team_team_id` (`r_team_id`);

--
-- Indexes for table `matches_pick`
--
ALTER TABLE `matches_pick`
  ADD PRIMARY KEY (`id`),
  ADD UNIQUE KEY `matches_pick_match_id_hero_id_cd1d1d48_uniq` (`match_id`,`hero_id`),
  ADD KEY `matches_pick_hero_id_b2228f14_fk_matches_hero_hero_id` (`hero_id`),
  ADD KEY `matches_pick_player_id_640c6330_fk_matches_player_player_id` (`player_id`);

--
-- Indexes for table `matches_player`
--
ALTER TABLE `matches_player`
  ADD PRIMARY KEY (`player_id`),
  ADD KEY `matches_player_team_id_177e01b8_fk_matches_team_team_id` (`team_id`);

--
-- Indexes for table `matches_settings`
--
ALTER TABLE `matches_settings`
  ADD PRIMARY KEY (`id`);

--
-- Indexes for table `matches_stats`
--
ALTER TABLE `matches_stats`
  ADD PRIMARY KEY (`id`),
  ADD UNIQUE KEY `matches_stats_match_id_player_id_92fd3f09_uniq` (`match_id`,`player_id`),
  ADD KEY `matches_stats_player_id_e78fe325_fk_matches_player_player_id` (`player_id`);

--
-- Indexes for table `matches_team`
--
ALTER TABLE `matches_team`
  ADD PRIMARY KEY (`team_id`);

--
-- AUTO_INCREMENT for dumped tables
--

--
-- AUTO_INCREMENT for table `accounts_profile`
--
ALTER TABLE `accounts_profile`
  MODIFY `id` int(11) NOT NULL AUTO_INCREMENT, AUTO_INCREMENT=5;

--
-- AUTO_INCREMENT for table `auth_group`
--
ALTER TABLE `auth_group`
  MODIFY `id` int(11) NOT NULL AUTO_INCREMENT;

--
-- AUTO_INCREMENT for table `auth_group_permissions`
--
ALTER TABLE `auth_group_permissions`
  MODIFY `id` int(11) NOT NULL AUTO_INCREMENT;

--
-- AUTO_INCREMENT for table `auth_permission`
--
ALTER TABLE `auth_permission`
  MODIFY `id` int(11) NOT NULL AUTO_INCREMENT, AUTO_INCREMENT=81;

--
-- AUTO_INCREMENT for table `auth_user`
--
ALTER TABLE `auth_user`
  MODIFY `id` int(11) NOT NULL AUTO_INCREMENT, AUTO_INCREMENT=5;

--
-- AUTO_INCREMENT for table `auth_user_groups`
--
ALTER TABLE `auth_user_groups`
  MODIFY `id` int(11) NOT NULL AUTO_INCREMENT;

--
-- AUTO_INCREMENT for table `auth_user_user_permissions`
--
ALTER TABLE `auth_user_user_permissions`
  MODIFY `id` int(11) NOT NULL AUTO_INCREMENT;

--
-- AUTO_INCREMENT for table `background_task`
--
ALTER TABLE `background_task`
  MODIFY `id` int(11) NOT NULL AUTO_INCREMENT, AUTO_INCREMENT=1028;

--
-- AUTO_INCREMENT for table `background_task_completedtask`
--
ALTER TABLE `background_task_completedtask`
  MODIFY `id` int(11) NOT NULL AUTO_INCREMENT, AUTO_INCREMENT=792;

--
-- AUTO_INCREMENT for table `django_admin_log`
--
ALTER TABLE `django_admin_log`
  MODIFY `id` int(11) NOT NULL AUTO_INCREMENT, AUTO_INCREMENT=968;

--
-- AUTO_INCREMENT for table `django_content_type`
--
ALTER TABLE `django_content_type`
  MODIFY `id` int(11) NOT NULL AUTO_INCREMENT, AUTO_INCREMENT=21;

--
-- AUTO_INCREMENT for table `django_migrations`
--
ALTER TABLE `django_migrations`
  MODIFY `id` int(11) NOT NULL AUTO_INCREMENT, AUTO_INCREMENT=26;

--
-- AUTO_INCREMENT for table `matches_ban`
--
ALTER TABLE `matches_ban`
  MODIFY `id` int(11) NOT NULL AUTO_INCREMENT, AUTO_INCREMENT=737;

--
-- AUTO_INCREMENT for table `matches_bet`
--
ALTER TABLE `matches_bet`
  MODIFY `id` int(11) NOT NULL AUTO_INCREMENT, AUTO_INCREMENT=26;

--
-- AUTO_INCREMENT for table `matches_item_inventory`
--
ALTER TABLE `matches_item_inventory`
  MODIFY `id` int(11) NOT NULL AUTO_INCREMENT, AUTO_INCREMENT=8967;

--
-- AUTO_INCREMENT for table `matches_pick`
--
ALTER TABLE `matches_pick`
  MODIFY `id` int(11) NOT NULL AUTO_INCREMENT, AUTO_INCREMENT=894;

--
-- AUTO_INCREMENT for table `matches_settings`
--
ALTER TABLE `matches_settings`
  MODIFY `id` int(11) NOT NULL AUTO_INCREMENT, AUTO_INCREMENT=2;

--
-- AUTO_INCREMENT for table `matches_stats`
--
ALTER TABLE `matches_stats`
  MODIFY `id` int(11) NOT NULL AUTO_INCREMENT, AUTO_INCREMENT=757;

--
-- Constraints for dumped tables
--

--
-- Constraints for table `accounts_profile`
--
ALTER TABLE `accounts_profile`
  ADD CONSTRAINT `accounts_profile_user_id_49a85d32_fk_auth_user_id` FOREIGN KEY (`user_id`) REFERENCES `auth_user` (`id`);

--
-- Constraints for table `auth_group_permissions`
--
ALTER TABLE `auth_group_permissions`
  ADD CONSTRAINT `auth_group_permissio_permission_id_84c5c92e_fk_auth_perm` FOREIGN KEY (`permission_id`) REFERENCES `auth_permission` (`id`),
  ADD CONSTRAINT `auth_group_permissions_group_id_b120cbf9_fk_auth_group_id` FOREIGN KEY (`group_id`) REFERENCES `auth_group` (`id`);

--
-- Constraints for table `auth_permission`
--
ALTER TABLE `auth_permission`
  ADD CONSTRAINT `auth_permission_content_type_id_2f476e4b_fk_django_co` FOREIGN KEY (`content_type_id`) REFERENCES `django_content_type` (`id`);

--
-- Constraints for table `auth_user_groups`
--
ALTER TABLE `auth_user_groups`
  ADD CONSTRAINT `auth_user_groups_group_id_97559544_fk_auth_group_id` FOREIGN KEY (`group_id`) REFERENCES `auth_group` (`id`),
  ADD CONSTRAINT `auth_user_groups_user_id_6a12ed8b_fk_auth_user_id` FOREIGN KEY (`user_id`) REFERENCES `auth_user` (`id`);

--
-- Constraints for table `auth_user_user_permissions`
--
ALTER TABLE `auth_user_user_permissions`
  ADD CONSTRAINT `auth_user_user_permi_permission_id_1fbb5f2c_fk_auth_perm` FOREIGN KEY (`permission_id`) REFERENCES `auth_permission` (`id`),
  ADD CONSTRAINT `auth_user_user_permissions_user_id_a95ead1b_fk_auth_user_id` FOREIGN KEY (`user_id`) REFERENCES `auth_user` (`id`);

--
-- Constraints for table `background_task`
--
ALTER TABLE `background_task`
  ADD CONSTRAINT `background_task_creator_content_type_61cc9af3_fk_django_co` FOREIGN KEY (`creator_content_type_id`) REFERENCES `django_content_type` (`id`);

--
-- Constraints for table `background_task_completedtask`
--
ALTER TABLE `background_task_completedtask`
  ADD CONSTRAINT `background_task_comp_creator_content_type_21d6a741_fk_django_co` FOREIGN KEY (`creator_content_type_id`) REFERENCES `django_content_type` (`id`);

--
-- Constraints for table `django_admin_log`
--
ALTER TABLE `django_admin_log`
  ADD CONSTRAINT `django_admin_log_content_type_id_c4bce8eb_fk_django_co` FOREIGN KEY (`content_type_id`) REFERENCES `django_content_type` (`id`),
  ADD CONSTRAINT `django_admin_log_user_id_c564eba6_fk_auth_user_id` FOREIGN KEY (`user_id`) REFERENCES `auth_user` (`id`);

--
-- Constraints for table `matches_ban`
--
ALTER TABLE `matches_ban`
  ADD CONSTRAINT `matches_ban_hero_id_db827c80_fk_matches_hero_hero_id` FOREIGN KEY (`hero_id`) REFERENCES `matches_hero` (`hero_id`),
  ADD CONSTRAINT `matches_ban_match_id_e6500e0e_fk` FOREIGN KEY (`match_id`) REFERENCES `matches_match` (`match_id`);

--
-- Constraints for table `matches_bet`
--
ALTER TABLE `matches_bet`
  ADD CONSTRAINT `matches_bet_match_id_fe44477e_fk` FOREIGN KEY (`match_id`) REFERENCES `matches_match` (`match_id`),
  ADD CONSTRAINT `matches_bet_user_id_64be7fef_fk_auth_user_id` FOREIGN KEY (`user_id`) REFERENCES `auth_user` (`id`);

--
-- Constraints for table `matches_item_inventory`
--
ALTER TABLE `matches_item_inventory`
  ADD CONSTRAINT `matches_item_invento_player_id_7e64cc1d_fk_matches_p` FOREIGN KEY (`player_id`) REFERENCES `matches_player` (`player_id`),
  ADD CONSTRAINT `matches_item_inventory_item_id_54fb8a53_fk_matches_item_item_id` FOREIGN KEY (`item_id`) REFERENCES `matches_item` (`item_id`),
  ADD CONSTRAINT `matches_item_inventory_match_id_742073ba_fk` FOREIGN KEY (`match_id`) REFERENCES `matches_match` (`match_id`);

--
-- Constraints for table `matches_match`
--
ALTER TABLE `matches_match`
  ADD CONSTRAINT `matches_match_d_team_id_c175be32_fk_matches_team_team_id` FOREIGN KEY (`d_team_id`) REFERENCES `matches_team` (`team_id`),
  ADD CONSTRAINT `matches_match_r_team_id_6bafb78f_fk_matches_team_team_id` FOREIGN KEY (`r_team_id`) REFERENCES `matches_team` (`team_id`);

--
-- Constraints for table `matches_pick`
--
ALTER TABLE `matches_pick`
  ADD CONSTRAINT `matches_pick_hero_id_b2228f14_fk_matches_hero_hero_id` FOREIGN KEY (`hero_id`) REFERENCES `matches_hero` (`hero_id`),
  ADD CONSTRAINT `matches_pick_match_id_84e6dea1_fk` FOREIGN KEY (`match_id`) REFERENCES `matches_match` (`match_id`),
  ADD CONSTRAINT `matches_pick_player_id_640c6330_fk_matches_player_player_id` FOREIGN KEY (`player_id`) REFERENCES `matches_player` (`player_id`);

--
-- Constraints for table `matches_player`
--
ALTER TABLE `matches_player`
  ADD CONSTRAINT `matches_player_team_id_177e01b8_fk_matches_team_team_id` FOREIGN KEY (`team_id`) REFERENCES `matches_team` (`team_id`);

--
-- Constraints for table `matches_stats`
--
ALTER TABLE `matches_stats`
  ADD CONSTRAINT `matches_stats_match_id_df7395f1_fk` FOREIGN KEY (`match_id`) REFERENCES `matches_match` (`match_id`),
  ADD CONSTRAINT `matches_stats_player_id_e78fe325_fk_matches_player_player_id` FOREIGN KEY (`player_id`) REFERENCES `matches_player` (`player_id`);
COMMIT;

/*!40101 SET CHARACTER_SET_CLIENT=@OLD_CHARACTER_SET_CLIENT */;
/*!40101 SET CHARACTER_SET_RESULTS=@OLD_CHARACTER_SET_RESULTS */;
/*!40101 SET COLLATION_CONNECTION=@OLD_COLLATION_CONNECTION */;
